"","Kingdom","Phylum","Class","Order","Family","Genus","Species"
"ASV1","Bacteria","Cyanobacteriota","Cyanobacteriia","Chloroplast",NA,NA,NA
"ASV2","Bacteria","Pseudomonadota","Alphaproteobacteria","Rickettsiales","Mitochondria",NA,NA
"ASV3","Bacteria","Pseudomonadota","Gammaproteobacteria","Pseudomonadales","Pseudomonadaceae","Pseudomonas",NA
"ASV4","Bacteria","Pseudomonadota","Gammaproteobacteria","Pseudomonadales","Pseudomonadaceae","Pseudomonas",NA
"ASV5","Bacteria","Pseudomonadota","Gammaproteobacteria","Enterobacterales","Morganellaceae","Buchnera","aphidicola"
"ASV6","Bacteria","Pseudomonadota","Gammaproteobacteria","Burkholderiales","Methylophilaceae","Methylophilus",NA
"ASV7","Bacteria","Pseudomonadota","Alphaproteobacteria","Sphingomonadales","Sphingomonadaceae","Novosphingobium",NA
"ASV8","Bacteria","Pseudomonadota","Alphaproteobacteria","Rhodospirillales","Magnetospirillaceae","Telmatospirillum",NA
"ASV9","Bacteria","Pseudomonadota","Gammaproteobacteria","Pseudomonadales","Pseudomonadaceae","Pseudomonas",NA
"ASV10","Bacteria","Bacteroidota","Bacteroidia","Sphingobacteriales","env.OPS 17",NA,NA
"ASV11","Bacteria","Pseudomonadota","Gammaproteobacteria","Burkholderiales","Comamonadaceae","Piscinibacter",NA
"ASV12","Bacteria","Pseudomonadota","Alphaproteobacteria","Sphingomonadales","Sphingomonadaceae","Novosphingobium",NA
"ASV13","Bacteria","Bacillota","Bacilli","Lactobacillales","Lactobacillaceae","Limosilactobacillus",NA
"ASV14","Bacteria","Pseudomonadota","Gammaproteobacteria","Burkholderiales","Comamonadaceae","Acidovorax",NA
"ASV15","Bacteria","Pseudomonadota","Alphaproteobacteria","Hyphomicrobiales","Rhizobiaceae","Neorhizobium",NA
"ASV16","Bacteria","Pseudomonadota","Gammaproteobacteria","Lysobacterales","Rhodanobacteraceae","Rhodanobacter",NA
"ASV17","Bacteria","Pseudomonadota","Gammaproteobacteria","Lysobacterales","Rhodanobacteraceae","Rhodanobacter",NA
"ASV18","Bacteria","Pseudomonadota","Gammaproteobacteria","Pseudomonadales","Pseudomonadaceae","Pseudomonas",NA
"ASV19","Bacteria","Verrucomicrobiota","Verrucomicrobiia","Opitutales","Opitutaceae","Oleiharenicola",NA
"ASV20","Bacteria","Pseudomonadota","Gammaproteobacteria","Burkholderiales","Alcaligenaceae","Eoetvoesia",NA
"ASV21","Bacteria","Pseudomonadota","Alphaproteobacteria","Sphingomonadales","Sphingomonadaceae","Sphingobium",NA
"ASV22","Bacteria","Bacteroidota","Bacteroidia","Chitinophagales","Chitinophagaceae","Sediminibacterium","goheungense"
"ASV23","Bacteria","Pseudomonadota","Gammaproteobacteria","Burkholderiales","Rhodocyclaceae","Sulfuritalea",NA
"ASV24","Bacteria","Pseudomonadota","Gammaproteobacteria","Burkholderiales","Nitrosomonadaceae","Nitrosomonas",NA
"ASV25","Bacteria","Pseudomonadota","Gammaproteobacteria","Burkholderiales","Methylophilaceae","UBA6140",NA
"ASV26","Bacteria","Bacillota","Bacilli","Bacillales","Bacillaceae","Bacillus",NA
"ASV27","Bacteria","Bacillota","Bacilli","Staphylococcales","Staphylococcaceae","Staphylococcus",NA
"ASV28","Bacteria","Bacteroidota","Bacteroidia","Chitinophagales","Chitinophagaceae",NA,NA
"ASV29","Bacteria","Pseudomonadota","Gammaproteobacteria","Burkholderiales","Comamonadaceae",NA,NA
"ASV30","Bacteria","Verrucomicrobiota","Verrucomicrobiia","Pedosphaerales","Pedosphaeraceae",NA,NA
"ASV31","Bacteria","Pseudomonadota","Gammaproteobacteria","Lysobacterales","Rhodanobacteraceae","Rhodanobacter",NA
"ASV32","Bacteria","Pseudomonadota","Alphaproteobacteria","Rhodospirillales","Magnetospirillaceae","Magnetospirillum",NA
"ASV33","Bacteria","Pseudomonadota","Gammaproteobacteria","Burkholderiales","Oxalobacteraceae","Duganella",NA
"ASV34","Bacteria","Pseudomonadota","Gammaproteobacteria","Burkholderiales","Alcaligenaceae","Candidimonas",NA
"ASV35","Bacteria","Bacillota","Bacilli","Lactobacillales","Listeriaceae","Listeria",NA
"ASV36","Bacteria","Pseudomonadota","Gammaproteobacteria","Enterobacterales","Enterobacteriaceae","Escherichia-Shigella",NA
"ASV37","Bacteria","Chlamydiota","Chlamydiia","Chlamydiales","Simkaniaceae",NA,NA
"ASV38","Bacteria","Actinomycetota","Actinobacteria","Kitasatosporales","Streptomycetaceae",NA,NA
"ASV39","Bacteria","Pseudomonadota","Alphaproteobacteria","Sphingomonadales","Sphingomonadaceae","Erythrobacter",NA
"ASV40","Bacteria","Pseudomonadota","Gammaproteobacteria","Enterobacterales","Enterobacteriaceae","Salmonella",NA
"ASV41","Bacteria","Bacteroidota","Bacteroidia","Chitinophagales","Chitinophagaceae","Sediminibacterium","salmoneum"
"ASV42","Bacteria","Bacteroidota","Bacteroidia","Sphingobacteriales","Sphingobacteriaceae",NA,NA
"ASV43","Bacteria","Bacteroidota","Bacteroidia","Chitinophagales","Chitinophagaceae","Sediminibacterium",NA
"ASV44","Bacteria","Pseudomonadota","Gammaproteobacteria",NA,NA,NA,NA
"ASV45","Bacteria","Pseudomonadota","Gammaproteobacteria","Lysobacterales","Rhodanobacteraceae","Rhodanobacter",NA
"ASV46","Bacteria","Bacteroidota","Bacteroidia","Cytophagales","Spirosomataceae","Arsenicibacter",NA
"ASV47","Bacteria","Bdellovibrionota","Bdellovibrionia","Bdellovibrionales","Pseudobdellovibrionaceae","Bdellovibrio",NA
"ASV48","Bacteria","Pseudomonadota","Gammaproteobacteria","Burkholderiales","Comamonadaceae",NA,NA
"ASV49","Bacteria","Pseudomonadota","Gammaproteobacteria","Burkholderiales","Comamonadaceae","Aquabacterium",NA
"ASV50","Bacteria","Pseudomonadota","Gammaproteobacteria","Lysobacterales","Rhodanobacteraceae",NA,NA
"ASV51","Bacteria","Pseudomonadota","Alphaproteobacteria","Sphingomonadales","Sphingomonadaceae","Novosphingobium",NA
"ASV52","Bacteria","Pseudomonadota","Gammaproteobacteria","Salinisphaerales","Nevskiaceae","Nevskia",NA
"ASV53","Bacteria","Pseudomonadota","Alphaproteobacteria","Sphingomonadales","Sphingomonadaceae","Sphingopyxis","terrae"
"ASV54","Bacteria","Bacteroidota","Bacteroidia","Chitinophagales","Chitinophagaceae","Arachidicoccus","ginsenosidivorans"
"ASV55","Bacteria","Pseudomonadota","Gammaproteobacteria","Pseudomonadales","Pseudomonadaceae","Pseudomonas",NA
"ASV56","Bacteria","Actinomycetota","Actinobacteria","Mycobacteriales","Nocardiaceae","Rhodococcus",NA
"ASV57","Bacteria","Pseudomonadota","Gammaproteobacteria","Burkholderiales","Oxalobacteraceae","Oxalicibacterium",NA
"ASV58","Bacteria","Pseudomonadota","Gammaproteobacteria","Burkholderiales","Oxalobacteraceae","Massilia",NA
"ASV59","Bacteria","Bacillota","Bacilli","Lactobacillales","Enterococcaceae","Enterococcus",NA
"ASV60","Bacteria",NA,NA,NA,NA,NA,NA
"ASV61","Bacteria","Pseudomonadota","Gammaproteobacteria","Burkholderiales","Comamonadaceae","Aquabacterium",NA
"ASV62","Bacteria","Actinomycetota","Actinobacteria","Mycobacteriales","Mycobacteriaceae","Mycobacterium",NA
"ASV63","Bacteria","Bacteroidota","Bacteroidia","Sphingobacteriales","NS11-12 marine group",NA,NA
"ASV64","Bacteria","Pseudomonadota","Alphaproteobacteria","Caulobacterales","Caulobacteraceae","Phenylobacterium",NA
"ASV65","Bacteria","Pseudomonadota","Alphaproteobacteria","Sphingomonadales","Sphingomonadaceae","Sphingobium",NA
"ASV66","Bacteria","Pseudomonadota","Alphaproteobacteria","Sphingomonadales","Sphingomonadaceae","Novosphingobium","aromaticivorans"
"ASV67","Bacteria","Pseudomonadota","Gammaproteobacteria","Lysobacterales","Rhodanobacteraceae","Rhodanobacter",NA
"ASV68","Bacteria","Pseudomonadota","Gammaproteobacteria","Burkholderiales","Oxalobacteraceae","Massilia",NA
"ASV69","Bacteria","Bacteroidota","Bacteroidia","Chitinophagales","Chitinophagaceae","Nemorincola",NA
"ASV70","Bacteria","Pseudomonadota","Gammaproteobacteria","Pseudomonadales","Pseudomonadaceae","Pseudomonas",NA
"ASV71","Bacteria","Pseudomonadota","Gammaproteobacteria","Lysobacterales","Rhodanobacteraceae","Rhodanobacter",NA
"ASV72","Bacteria","Pseudomonadota","Gammaproteobacteria","Burkholderiales","Comamonadaceae","Ramlibacter",NA
"ASV73","Bacteria","Actinomycetota","Actinobacteria","Propionibacteriales","Nocardioidaceae","Nocardioides",NA
"ASV74","Bacteria","Pseudomonadota","Gammaproteobacteria","Pseudomonadales","Pseudomonadaceae","Pseudomonas",NA
"ASV75","Bacteria","Pseudomonadota","Alphaproteobacteria","Rickettsiales","Mitochondria",NA,NA
"ASV76","Bacteria","Cyanobacteriota","Cyanobacteriia","Chloroplast",NA,NA,NA
"ASV77","Bacteria","Cyanobacteriota","Cyanobacteriia","Chloroplast",NA,NA,NA
"ASV78","Bacteria","Bacteroidota","Bacteroidia","Chitinophagales","Chitinophagaceae","Hydrotalea","flava"
"ASV79","Bacteria","Pseudomonadota","Gammaproteobacteria","Enterobacterales","Enterobacteriaceae","Klebsiella",NA
"ASV80","Bacteria","Bacteroidota","Bacteroidia","Chitinophagales","Chitinophagaceae",NA,NA
"ASV81","Bacteria","Verrucomicrobiota","Verrucomicrobiia","Opitutales","Opitutaceae","Opitutus",NA
"ASV82","Bacteria","Pseudomonadota","Gammaproteobacteria","Pseudomonadales","Alcanivoracaceae1","Alcanivorax",NA
"ASV83","Bacteria","Bdellovibrionota","Bdellovibrionia","Bdellovibrionales","Pseudobdellovibrionaceae","OM27 clade",NA
"ASV84","Bacteria","Myxococcota","Myxococcia","Myxococcales","Myxococcaceae","P3OB-42",NA
"ASV85","Bacteria","Pseudomonadota","Alphaproteobacteria","Hyphomicrobiales","Beijerinckiaceae","Bosea",NA
"ASV86","Bacteria","Bacteroidota","Bacteroidia","Chitinophagales","Chitinophagaceae","Nemorincola",NA
"ASV87","Bacteria","Actinomycetota","Actinobacteria","Kitasatosporales","Streptomycetaceae","Streptomyces",NA
"ASV88","Bacteria","Pseudomonadota","Alphaproteobacteria","Hyphomicrobiales","Xanthobacteraceae","Afipia",NA
"ASV89","Bacteria","Pseudomonadota","Alphaproteobacteria","Sphingomonadales","Sphingomonadaceae","Novosphingobium","nitrogenifigens"
"ASV90","Bacteria","Pseudomonadota","Gammaproteobacteria","Burkholderiales","Alcaligenaceae","Candidimonas",NA
"ASV91","Bacteria","Pseudomonadota","Gammaproteobacteria","Enterobacterales","Enterobacteriaceae","Klebsiella",NA
"ASV92","Bacteria","Myxococcota","Polyangiia","Polyangiales","BIrii41",NA,NA
"ASV93","Bacteria","Pseudomonadota","Gammaproteobacteria","Legionellales","Legionellaceae","Legionella",NA
"ASV94","Bacteria","Pseudomonadota","Gammaproteobacteria","Burkholderiales","Oxalobacteraceae","Massilia",NA
"ASV95","Bacteria","Pseudomonadota","Gammaproteobacteria","Pseudomonadales","Pseudomonadaceae","Pseudomonas",NA
"ASV96","Bacteria","Patescibacteria","Saccharimonadia","Saccharimonadales",NA,NA,NA
"ASV97","Bacteria","Pseudomonadota","Alphaproteobacteria","Micavibrionales","Micavibrionaceae",NA,NA
"ASV98","Bacteria","Pseudomonadota","Gammaproteobacteria","Burkholderiales","Rhodocyclaceae","Dechloromonas","agitata"
"ASV99","Bacteria","Pseudomonadota","Gammaproteobacteria","Pseudomonadales","Pseudomonadaceae","Pseudomonas",NA
"ASV100","Bacteria","Acidobacteriota","Acidobacteriae","Terriglobales","Acidobacteriaceae (Subgroup 1)","Granulicella",NA
"ASV101","Bacteria","Pseudomonadota","Gammaproteobacteria","Pseudomonadales","Pseudomonadaceae","Pseudomonas",NA
"ASV102","Bacteria","Pseudomonadota","Gammaproteobacteria","Burkholderiales","Rhodocyclaceae","Azospira","oryzae"
"ASV103","Bacteria","Pseudomonadota","Alphaproteobacteria","Reyranellales","Reyranellaceae","Reyranella","aquatilis"
"ASV104","Bacteria","Pseudomonadota","Gammaproteobacteria","Burkholderiales","Comamonadaceae",NA,NA
"ASV105","Bacteria","Pseudomonadota","Gammaproteobacteria","Salinisphaerales","Nevskiaceae","Stenotrophobium",NA
"ASV106","Bacteria","Pseudomonadota","Gammaproteobacteria","Burkholderiales","Comamonadaceae",NA,NA
"ASV107","Bacteria","Pseudomonadota","Alphaproteobacteria","Hyphomicrobiales","Rhizobiaceae",NA,NA
"ASV108","Bacteria","Pseudomonadota","Gammaproteobacteria","Burkholderiales","Alcaligenaceae",NA,NA
"ASV109","Bacteria","Bacteroidota","Bacteroidia","Sphingobacteriales","Sphingobacteriaceae","Mucilaginibacter",NA
"ASV110","Bacteria","Pseudomonadota","Alphaproteobacteria","Rickettsiales","Rickettsiaceae",NA,NA
"ASV111","Bacteria","Acidobacteriota","Holophagae","Holophagales","Holophagaceae","Geothrix","fermentans"
"ASV112","Bacteria","Actinomycetota","Actinobacteria","Micrococcales","Microbacteriaceae","Galbitalea",NA
"ASV113","Bacteria","Pseudomonadota","Gammaproteobacteria","Lysobacterales","Rhodanobacteraceae","Tahibacter","caeni"
"ASV114","Bacteria","Pseudomonadota","Alphaproteobacteria","Hyphomicrobiales","Devosiaceae","Devosia",NA
"ASV115","Bacteria","Cyanobacteriota","Vampirivibrionia","Obscuribacterales","Obscuribacteraceae","Candidatus Obscuribacter",NA
"ASV116","Bacteria","Pseudomonadota","Gammaproteobacteria","Salinisphaerales","Nevskiaceae","Solimonas",NA
"ASV117","Bacteria","Pseudomonadota","Gammaproteobacteria","Burkholderiales","Oxalobacteraceae","Noviherbaspirillum",NA
"ASV118","Bacteria","Pseudomonadota","Gammaproteobacteria","Burkholderiales","Comamonadaceae","Limnohabitans",NA
"ASV119","Bacteria","Actinomycetota","Actinobacteria","Mycobacteriales","Mycobacteriaceae","Mycobacterium",NA
"ASV120","Bacteria","Pseudomonadota","Gammaproteobacteria","Salinisphaerales","Nevskiaceae","Stenotrophobium",NA
"ASV121","Bacteria","Pseudomonadota","Alphaproteobacteria","Hyphomicrobiales","Xanthobacteraceae","Bradyrhizobium",NA
"ASV122","Bacteria","Pseudomonadota","Gammaproteobacteria","Burkholderiales","Comamonadaceae","Curvibacter",NA
"ASV123","Bacteria","Pseudomonadota","Gammaproteobacteria","Pseudomonadales","Pseudomonadaceae","Pseudomonas",NA
"ASV124","Bacteria","Pseudomonadota","Gammaproteobacteria","Burkholderiales","Oxalobacteraceae","Duganella",NA
"ASV125","Bacteria","Pseudomonadota","Alphaproteobacteria",NA,NA,NA,NA
"ASV126","Bacteria","Bdellovibrionota","Oligoflexia","0319-6G20",NA,NA,NA
"ASV127","Bacteria","Bdellovibrionota","Bdellovibrionia","Bdellovibrionales","Pseudobdellovibrionaceae",NA,NA
"ASV128","Bacteria","Actinomycetota","Actinobacteria","Micrococcales","Microbacteriaceae",NA,NA
"ASV129","Bacteria","Actinomycetota","Actinobacteria","Mycobacteriales","Mycobacteriaceae","Mycobacterium",NA
"ASV130","Bacteria","Bacteroidota","Bacteroidia","Chitinophagales","Chitinophagaceae","Edaphobaculum",NA
"ASV131","Bacteria","Pseudomonadota","Gammaproteobacteria","Pseudomonadales","Cellvibrionaceae","Cellvibrio",NA
"ASV132","Bacteria","Cyanobacteriota","Sericytochromatia",NA,NA,NA,NA
"ASV133","Bacteria","Bdellovibrionota","Oligoflexia","0319-6G20",NA,NA,NA
"ASV134","Bacteria","Pseudomonadota","Gammaproteobacteria","Burkholderiales","Methylophilaceae",NA,NA
"ASV135","Bacteria","Pseudomonadota","Alphaproteobacteria","Sphingomonadales","Sphingomonadaceae","Croceibacterium",NA
"ASV136","Bacteria","Patescibacteria","Saccharimonadia","Saccharimonadales","LWQ8",NA,NA
"ASV137","Bacteria","Bacteroidota","Bacteroidia","Sphingobacteriales","Sphingobacteriaceae",NA,NA
"ASV138","Bacteria","Pseudomonadota","Alphaproteobacteria","Hyphomicrobiales","Xanthobacteraceae","Rhodopseudomonas",NA
"ASV139","Bacteria","Bdellovibrionota","Bdellovibrionia","Bdellovibrionales","Pseudobdellovibrionaceae","Pseudobdellovibrio",NA
"ASV140","Bacteria","Pseudomonadota","Alphaproteobacteria","Sphingomonadales","Sphingomonadaceae","Rhizorhabdus",NA
"ASV141","Bacteria","Actinomycetota","Actinobacteria","Micrococcales","Microbacteriaceae",NA,NA
"ASV142","Bacteria","Actinomycetota","Actinobacteria","Micrococcales","Microbacteriaceae","Gryllotalpicola",NA
"ASV143","Bacteria","Pseudomonadota","Gammaproteobacteria","Burkholderiales","Alcaligenaceae","Saccharedens",NA
"ASV144","Bacteria","Pseudomonadota","Alphaproteobacteria","Caulobacterales","Caulobacteraceae",NA,NA
"ASV145","Bacteria","Patescibacteria","Saccharimonadia","Saccharimonadales",NA,NA,NA
"ASV146","Bacteria","Pseudomonadota","Alphaproteobacteria","Micropepsales","Micropepsaceae",NA,NA
"ASV147","Bacteria","Myxococcota","Polyangiia","Haliangiales","Haliangiaceae",NA,NA
"ASV148","Bacteria","Pseudomonadota","Gammaproteobacteria","Ga0077536",NA,NA,NA
"ASV149","Bacteria","Actinomycetota","Actinobacteria","Propionibacteriales","Nocardioidaceae","Nocardioides",NA
"ASV150","Bacteria","Bacillota","Bacilli","Alicyclobacillales","Alicyclobacillaceae","Alicyclobacillus","fodiniaquatilis"
"ASV151","Bacteria","Pseudomonadota","Gammaproteobacteria","Lysobacterales","Rhodanobacteraceae","Rhodanobacter","thiooxydans"
"ASV152","Bacteria","Pseudomonadota","Alphaproteobacteria","Reyranellales","Reyranellaceae","Reyranella",NA
"ASV153","Bacteria","Pseudomonadota","Gammaproteobacteria","Burkholderiales","Comamonadaceae","Rhodoferax",NA
"ASV154","Bacteria","Bacteroidota","Bacteroidia","Flavobacteriales","Crocinitomicaceae","Fluviicola",NA
"ASV155","Bacteria","Pseudomonadota","Gammaproteobacteria","Burkholderiales","Comamonadaceae","Simplicispira","psychrophila"
"ASV156","Bacteria","Actinomycetota","Actinobacteria","Mycobacteriales","Mycobacteriaceae","Mycobacterium",NA
"ASV157","Bacteria","Pseudomonadota","Gammaproteobacteria","Enterobacterales",NA,NA,NA
"ASV158","Bacteria","Bdellovibrionota","Oligoflexia","0319-6G20",NA,NA,NA
"ASV159","Bacteria","Pseudomonadota","Gammaproteobacteria","Lysobacterales","Rhodanobacteraceae","Rhodanobacter",NA
"ASV160","Bacteria","Pseudomonadota","Gammaproteobacteria","Burkholderiales","Comamonadaceae","Ramlibacter",NA
"ASV161","Bacteria","Bdellovibrionota","Bacteriovoracia","Bacteriovoracales","Bacteriovoracaceae","Bacteriovorax",NA
"ASV162","Bacteria","Bacteroidota","Bacteroidia","Flavobacteriales","Flavobacteriaceae","Flavobacterium",NA
"ASV163","Bacteria","Pseudomonadota","Alphaproteobacteria","Hyphomicrobiales","Rhizobiaceae","Zhengella",NA
"ASV164","Bacteria","Pseudomonadota","Gammaproteobacteria","Lysobacterales","Lysobacteraceae","Luteimonas",NA
"ASV165","Bacteria","Actinomycetota","Acidimicrobiia","Acidimicrobiales","Acidimicrobiaceae",NA,NA
"ASV166","Bacteria","Pseudomonadota","Alphaproteobacteria","Sphingomonadales","Sphingomonadaceae","Sphingopyxis",NA
"ASV167","Bacteria","Pseudomonadota","Gammaproteobacteria","Lysobacterales","Rhodanobacteraceae","Dyella",NA
"ASV168","Bacteria","Pseudomonadota","Gammaproteobacteria","Burkholderiales","Methylophilaceae",NA,NA
"ASV169","Bacteria","Pseudomonadota","Gammaproteobacteria","Burkholderiales","Burkholderiaceae","Pandoraea",NA
"ASV170","Bacteria","Pseudomonadota","Alphaproteobacteria","Rhodobacterales","Paracoccaceae","Fuscovulum",NA
"ASV171","Bacteria","Pseudomonadota","Alphaproteobacteria","Caulobacterales","Caulobacteraceae","Caulobacter",NA
"ASV172","Bacteria","Actinomycetota","Actinobacteria","Streptosporangiales","Thermomonosporaceae","Actinoallomurus","bryophytorum"
"ASV173","Bacteria","Pseudomonadota","Gammaproteobacteria","Burkholderiales","Oxalobacteraceae","Noviherbaspirillum",NA
"ASV174","Bacteria","Pseudomonadota","Alphaproteobacteria","Azospirillales","Azospirillaceae","Azospirillum",NA
"ASV175","Bacteria","Chlamydiota","Chlamydiia","Chlamydiales","cvE6",NA,NA
"ASV176","Bacteria","Cyanobacteriota","Vampirivibrionia","Obscuribacterales","Obscuribacteraceae",NA,NA
"ASV177","Bacteria","Bacteroidota","Bacteroidia","Sphingobacteriales","Sphingobacteriaceae","Mucilaginibacter",NA
"ASV178","Bacteria","Bacteroidota","Bacteroidia","Chitinophagales","Chitinophagaceae","Arachidicoccus",NA
"ASV179","Bacteria","Pseudomonadota","Gammaproteobacteria","Pseudomonadales","Pseudomonadaceae","Pseudomonas",NA
"ASV180","Bacteria","Pseudomonadota","Alphaproteobacteria","Micropepsales","Micropepsaceae",NA,NA
"ASV181","Bacteria","Bacillota","Bacilli","Paenibacillales","Paenibacillaceae","Paenibacillus",NA
"ASV182","Bacteria","Pseudomonadota","Alphaproteobacteria","Rhodospirillales",NA,NA,NA
"ASV183","Bacteria","Bacillota","Desulfitobacteriia","Desulfitobacteriales","Desulfitobacteriaceae","Desulfosporosinus","hippei"
"ASV184","Bacteria","Pseudomonadota",NA,NA,NA,NA,NA
"ASV185","Bacteria","Pseudomonadota","Alphaproteobacteria","Azospirillales","Azospirillaceae","Azospirillum",NA
"ASV186","Bacteria","Bacteroidota","Bacteroidia","Sphingobacteriales","Sphingobacteriaceae","Albibacterium",NA
"ASV187","Bacteria","Pseudomonadota","Alphaproteobacteria","Sphingomonadales","Sphingomonadaceae","Sphingobium",NA
"ASV188","Bacteria","Pseudomonadota","Gammaproteobacteria","Burkholderiales","Oxalobacteraceae","Herminiimonas",NA
"ASV189","Bacteria","Bacillota","Bacilli","Paenibacillales","Paenibacillaceae","Paenibacillus",NA
"ASV190","Bacteria","Pseudomonadota","Gammaproteobacteria","Legionellales","Legionellaceae","Legionella",NA
"ASV191","Bacteria","Pseudomonadota","Alphaproteobacteria","Sphingomonadales","Sphingomonadaceae","Novosphingobium",NA
"ASV192","Bacteria","Pseudomonadota","Gammaproteobacteria","Burkholderiales","Neisseriaceae",NA,NA
"ASV193","Bacteria","Pseudomonadota","Alphaproteobacteria","Sphingomonadales","Sphingomonadaceae","Rhizorhabdus",NA
"ASV194","Bacteria","Pseudomonadota","Alphaproteobacteria","Hyphomicrobiales","Xanthobacteraceae","Bradyrhizobium",NA
"ASV195","Bacteria","Pseudomonadota","Alphaproteobacteria","Micropepsales","Micropepsaceae",NA,NA
"ASV196","Bacteria","Bacteroidota","Bacteroidia","Sphingobacteriales","Sphingobacteriaceae",NA,NA
"ASV197","Bacteria","Pseudomonadota","Gammaproteobacteria","Legionellales","Legionellaceae","Legionella",NA
"ASV198","Bacteria","Bacteroidota","Bacteroidia","Chitinophagales","Chitinophagaceae","Taibaiella",NA
"ASV199","Bacteria","Acidobacteriota","Acidobacteriae","Terriglobales","Acidobacteriaceae (Subgroup 1)","Granulicella",NA
"ASV200","Bacteria","Pseudomonadota","Gammaproteobacteria","Burkholderiales","Oxalobacteraceae","Massilia",NA
"ASV201","Bacteria","Pseudomonadota","Alphaproteobacteria","Azospirillales","Azospirillaceae","Azospirillum",NA
"ASV202","Bacteria","Actinomycetota","Actinobacteria","Streptosporangiales","Thermomonosporaceae","Actinoallomurus","acaciae"
"ASV203","Bacteria","Pseudomonadota","Gammaproteobacteria","Burkholderiales","Oxalobacteraceae","Oxalicibacterium",NA
"ASV204","Bacteria","Pseudomonadota","Gammaproteobacteria","Burkholderiales","Oxalobacteraceae","Massilia","kyonggiensis"
"ASV205","Bacteria","Pseudomonadota","Gammaproteobacteria","Salinisphaerales","Nevskiaceae","Nevskia",NA
"ASV206","Bacteria","Bacteroidota","Bacteroidia","Sphingobacteriales","env.OPS 17",NA,NA
"ASV207","Bacteria","Bacteroidota","Bacteroidia","Cytophagales","Cytophagaceae","Cytophaga",NA
"ASV208","Bacteria","Chlamydiota","Chlamydiia","Chlamydiales","cvE6",NA,NA
"ASV209","Bacteria","Pseudomonadota","Alphaproteobacteria","Hyphomicrobiales","Xanthobacteraceae","Rhodopseudomonas",NA
"ASV210","Bacteria","Pseudomonadota","Gammaproteobacteria","Burkholderiales","Burkholderiaceae","Burkholderia-Caballeronia-Paraburkholderia",NA
"ASV211","Bacteria","Pseudomonadota","Alphaproteobacteria","Caulobacterales","Caulobacteraceae","Brevundimonas",NA
"ASV212","Bacteria","Bacteroidota","Bacteroidia","Cytophagales","Spirosomataceae","Emticicia","fontis"
"ASV213","Bacteria","Armatimonadota",NA,NA,NA,NA,NA
"ASV214","Bacteria","Bacteroidota","Bacteroidia","Sphingobacteriales","Sphingobacteriaceae","Mucilaginibacter",NA
"ASV215","Bacteria","Pseudomonadota","Alphaproteobacteria","Caulobacterales","Caulobacteraceae","Caulobacter",NA
"ASV216","Bacteria","Pseudomonadota","Gammaproteobacteria","Burkholderiales","Oxalobacteraceae","Noviherbaspirillum","suwonense"
"ASV217","Bacteria","Bacteroidota","Bacteroidia","Sphingobacteriales","Sphingobacteriaceae","Mucilaginibacter","rigui"
"ASV218","Bacteria","Bacteroidota","Bacteroidia","Chitinophagales","Chitinophagaceae","Rurimicrobium","arvi"
"ASV219","Bacteria","Actinomycetota","Actinobacteria","Micrococcales","Microbacteriaceae","Microbacterium",NA
"ASV220","Bacteria","Bdellovibrionota","Bdellovibrionia","Bdellovibrionales","Pseudobdellovibrionaceae","Bdellovibrio",NA
"ASV221","Bacteria","Candidatus Eremiobacterota","Eremiobacteria",NA,NA,NA,NA
"ASV222","Bacteria","Bdellovibrionota","Bacteriovoracia","Bacteriovoracales","Bacteriovoracaceae","Peredibacter",NA
"ASV223","Bacteria","Pseudomonadota","Gammaproteobacteria","Pseudomonadales","Pseudomonadaceae","Pseudomonas",NA
"ASV224","Bacteria","Pseudomonadota","Alphaproteobacteria","Hyphomicrobiales","Xanthobacteraceae",NA,NA
"ASV225","Bacteria","Pseudomonadota","Alphaproteobacteria","Reyranellales","Reyranellaceae","Reyranella",NA
"ASV226","Bacteria","Actinomycetota","Actinobacteria","Kitasatosporales","Streptomycetaceae","Streptomyces",NA
"ASV227","Bacteria","Pseudomonadota","Gammaproteobacteria","Burkholderiales","Rhodocyclaceae","Azovibrio",NA
"ASV228","Bacteria","Pseudomonadota","Alphaproteobacteria","Sphingomonadales","Sphingomonadaceae","Novosphingobium",NA
"ASV229","Bacteria","Pseudomonadota","Gammaproteobacteria","Burkholderiales","Comamonadaceae",NA,NA
"ASV230","Bacteria","Pseudomonadota","Gammaproteobacteria","Enterobacterales","Enterobacteriaceae",NA,NA
"ASV231","Bacteria","Pseudomonadota","Alphaproteobacteria","Rickettsiales","Rickettsiaceae",NA,NA
"ASV232","Bacteria","Patescibacteria","Saccharimonadia","Saccharimonadales","Saccharimonadaceae","TM7a",NA
"ASV233","Bacteria","Actinomycetota","Actinobacteria","Micrococcales","Microbacteriaceae","Salinibacterium",NA
"ASV234","Bacteria","Candidatus Kapabacteria","Kapabacteria","Kapabacteriales",NA,NA,NA
"ASV235","Bacteria","Actinomycetota","Actinobacteria","Micrococcales","Microbacteriaceae","Frondihabitans",NA
"ASV236","Bacteria","Pseudomonadota","Gammaproteobacteria","Lysobacterales","Rhodanobacteraceae","Dyella",NA
"ASV237","Bacteria","Pseudomonadota","Alphaproteobacteria","Hyphomicrobiales","Rhizobiaceae","Mesorhizobium",NA
"ASV238","Bacteria","Gemmatimonadota","Longimicrobiia","Longimicrobiales","Longimicrobiaceae",NA,NA
"ASV239","Bacteria","Pseudomonadota","Alphaproteobacteria","Rhodospirillales",NA,NA,NA
"ASV240","Bacteria","Bacteroidota","Bacteroidia","Flavobacteriales","Flavobacteriaceae","Flavobacterium","cheonhonense"
"ASV241","Bacteria","Pseudomonadota","Gammaproteobacteria","Burkholderiales","Comamonadaceae","Polaromonas",NA
"ASV242","Bacteria","Patescibacteria","Gracilibacteria","Candidatus Peribacteria",NA,NA,NA
"ASV243","Bacteria","Bdellovibrionota","Bacteriovoracia","Bacteriovoracales","Bacteriovoracaceae","Bacteriovorax",NA
"ASV244","Bacteria","Pseudomonadota","Gammaproteobacteria","Burkholderiales","Burkholderiaceae","Cupriavidus","pauculus"
"ASV245","Bacteria","Bacteroidota","Bacteroidia","Chitinophagales","Chitinophagaceae","Chitinophaga",NA
"ASV246","Bacteria","Verrucomicrobiota","Verrucomicrobiia","Opitutales","Opitutaceae","Oleiharenicola",NA
"ASV247","Bacteria","Pseudomonadota","Alphaproteobacteria","Caedibacterales","Caedibacteraceae","Candidatus Nucleicultrix",NA
"ASV248","Bacteria","Cyanobacteriota","Sericytochromatia",NA,NA,NA,NA
"ASV249","Bacteria","Bdellovibrionota","Bacteriovoracia","Bacteriovoracales","Bacteriovoracaceae","Bacteriovorax",NA
"ASV250","Bacteria","Pseudomonadota","Alphaproteobacteria","Caulobacterales","Caulobacteraceae","Brevundimonas",NA
"ASV251","Bacteria","Planctomycetota","Planctomycetes","Planctomycetales",NA,NA,NA
"ASV252","Bacteria","Pseudomonadota","Alphaproteobacteria","Rickettsiales","SM2D12",NA,NA
"ASV253","Bacteria","Pseudomonadota","Alphaproteobacteria","Reyranellales","Reyranellaceae","Reyranella","massiliensis"
"ASV254","Bacteria","Pseudomonadota","Gammaproteobacteria","Burkholderiales","Alcaligenaceae","Castellaniella",NA
"ASV255","Bacteria","Pseudomonadota","Gammaproteobacteria","Burkholderiales","Comamonadaceae","Inhella",NA
"ASV256","Bacteria","Pseudomonadota","Gammaproteobacteria","Burkholderiales","Oxalobacteraceae","Janthinobacterium",NA
"ASV257","Bacteria","Pseudomonadota","Gammaproteobacteria","Burkholderiales","Alcaligenaceae",NA,NA
"ASV258","Bacteria","Myxococcota","Polyangiia","Polyangiales","BIrii41",NA,NA
"ASV259","Bacteria","Pseudomonadota","Alphaproteobacteria","Sphingomonadales","Sphingomonadaceae","Sphingobium",NA
"ASV260","Bacteria","Pseudomonadota","Gammaproteobacteria","Burkholderiales","Comamonadaceae","Ramlibacter",NA
"ASV261","Bacteria","Actinomycetota","Actinobacteria","Micrococcales","Microbacteriaceae","Galbitalea",NA
"ASV262","Bacteria","Pseudomonadota","Alphaproteobacteria","Micropepsales","Micropepsaceae",NA,NA
"ASV263","Bacteria","Bacteroidota","Bacteroidia","Sphingobacteriales","Sphingobacteriaceae","Pedobacter",NA
"ASV264","Bacteria","Bacillota","Bacilli","Alicyclobacillales","Alicyclobacillaceae","Alicyclobacillus",NA
"ASV265","Bacteria","Patescibacteria","Gracilibacteria","Candidatus Peregrinibacteria",NA,NA,NA
"ASV266","Bacteria","Pseudomonadota","Gammaproteobacteria","Burkholderiales","Comamonadaceae","Variovorax",NA
"ASV267","Bacteria","Pseudomonadota","Gammaproteobacteria","Legionellales","Legionellaceae","Legionella",NA
"ASV268","Bacteria","Pseudomonadota","Alphaproteobacteria","Rickettsiales","Rickettsiaceae",NA,NA
"ASV269","Bacteria","Actinomycetota","Actinobacteria","Kitasatosporales","Streptomycetaceae","Streptomyces",NA
"ASV270","Bacteria","Pseudomonadota","Gammaproteobacteria","Salinisphaerales","Nevskiaceae","Panacagrimonas",NA
"ASV271","Bacteria","Pseudomonadota","Alphaproteobacteria","Sphingomonadales","Sphingomonadaceae","Rhizorhabdus",NA
"ASV272","Bacteria","Pseudomonadota","Alphaproteobacteria","Rhodospirillales","Rhodospirillaceae",NA,NA
"ASV273","Bacteria","Pseudomonadota","Alphaproteobacteria","Sphingomonadales","Sphingomonadaceae","Novosphingobium",NA
"ASV274","Bacteria","Pseudomonadota","Gammaproteobacteria","Burkholderiales","Comamonadaceae","Ottowia",NA
"ASV275","Bacteria","Pseudomonadota","Gammaproteobacteria","Pseudomonadales","Moraxellaceae","Acinetobacter",NA
"ASV276","Bacteria","Pseudomonadota","Gammaproteobacteria","Burkholderiales","Oxalobacteraceae","Massilia",NA
"ASV277","Bacteria","Pseudomonadota","Alphaproteobacteria","Micavibrionales","Micavibrionaceae",NA,NA
"ASV278","Bacteria","Bdellovibrionota","Bacteriovoracia","Bacteriovoracales","Bacteriovoracaceae","Bacteriovorax",NA
"ASV279","Bacteria","Pseudomonadota","Gammaproteobacteria","Burkholderiales","Rhodocyclaceae","Zoogloea","resiniphila"
"ASV280","Bacteria","Bacteroidota","Bacteroidia","Cytophagales","Spirosomataceae","Spirosoma",NA
"ASV281","Bacteria","Pseudomonadota","Alphaproteobacteria","Rhodospirillales","Magnetospirillaceae","Magnetospirillum",NA
"ASV282","Bacteria","Pseudomonadota","Gammaproteobacteria","Burkholderiales","Oxalobacteraceae","Noviherbaspirillum","malthae"
"ASV283","Bacteria","Bacteroidota","Bacteroidia","Sphingobacteriales","Sphingobacteriaceae",NA,NA
"ASV284","Bacteria","Pseudomonadota","Gammaproteobacteria","Burkholderiales","Comamonadaceae","Paucibacter",NA
"ASV285","Bacteria","Pseudomonadota","Gammaproteobacteria","Burkholderiales","Burkholderiaceae","Burkholderia-Caballeronia-Paraburkholderia",NA
"ASV286","Bacteria","Pseudomonadota","Alphaproteobacteria","Sphingomonadales","Sphingomonadaceae","Altericroceibacterium",NA
"ASV287","Bacteria","Pseudomonadota","Alphaproteobacteria","Elsterales",NA,NA,NA
"ASV288","Bacteria","Actinomycetota","Actinobacteria","Propionibacteriales","Nocardioidaceae","Aeromicrobium","ginsengisoli"
"ASV289","Bacteria","Pseudomonadota","Gammaproteobacteria","Salinisphaerales","Nevskiaceae","Solimonas","terrae"
"ASV290","Bacteria","Verrucomicrobiota","Verrucomicrobiia","Opitutales","Opitutaceae","Cephaloticoccus",NA
"ASV291","Bacteria","Pseudomonadota","Gammaproteobacteria","Legionellales","Legionellaceae","Legionella",NA
"ASV292","Bacteria","Pseudomonadota","Gammaproteobacteria","Legionellales","Legionellaceae","Legionella",NA
"ASV293","Bacteria","Pseudomonadota","Alphaproteobacteria","Micropepsales","Micropepsaceae",NA,NA
"ASV294","Bacteria","Actinomycetota","Actinobacteria","Propionibacteriales","Nocardioidaceae","Nocardioides",NA
"ASV295","Bacteria","Pseudomonadota","Gammaproteobacteria","Pseudomonadales","Cellvibrionaceae","Cellvibrio",NA
"ASV296","Bacteria","Cyanobacteriota","Sericytochromatia",NA,NA,NA,NA
"ASV297","Bacteria","Pseudomonadota","Alphaproteobacteria","Sphingomonadales","Sphingomonadaceae","Novosphingobium",NA
"ASV298","Bacteria","Pseudomonadota","Gammaproteobacteria","Burkholderiales","Alcaligenaceae","Achromobacter",NA
"ASV299","Bacteria","Actinomycetota","Actinobacteria","Propionibacteriales","Nocardioidaceae","Aeromicrobium",NA
"ASV300","Bacteria","Actinomycetota","Thermoleophilia","Gaiellales",NA,NA,NA
"ASV301","Bacteria","Pseudomonadota","Gammaproteobacteria","Enterobacterales","Enterobacteriaceae","Citrobacter",NA
"ASV302","Bacteria","Pseudomonadota","Alphaproteobacteria","Micropepsales","Micropepsaceae",NA,NA
"ASV303","Bacteria","Pseudomonadota","Gammaproteobacteria","Burkholderiales","Alcaligenaceae",NA,NA
"ASV304","Bacteria","Pseudomonadota","Alphaproteobacteria","Hyphomicrobiales","Xanthobacteraceae","Afipia","felis"
"ASV305","Bacteria","Bacteroidota","Bacteroidia","Sphingobacteriales","Sphingobacteriaceae","Pedobacter",NA
"ASV306","Bacteria","Planctomycetota","Planctomycetes","Gemmatales","Gemmataceae","Gemmata",NA
"ASV307","Bacteria","Pseudomonadota","Gammaproteobacteria","Burkholderiales","Burkholderiaceae","Ralstonia",NA
"ASV308","Bacteria","Patescibacteria","Parcubacteria","Candidatus Zambryskibacteria",NA,NA,NA
"ASV309","Bacteria","Actinomycetota","Actinobacteria","Micrococcales","Microbacteriaceae","Gryllotalpicola",NA
"ASV310","Bacteria","Actinomycetota","Actinobacteria","Propionibacteriales","Nocardioidaceae","Nocardioides",NA
"ASV311","Bacteria","Pseudomonadota","Alphaproteobacteria","Azospirillales","Azospirillaceae",NA,NA
"ASV312","Bacteria","Patescibacteria","Saccharimonadia","Saccharimonadales","LWQ8",NA,NA
"ASV313","Bacteria","Acidobacteriota","Acidobacteriae","Terriglobales","Acidobacteriaceae (Subgroup 1)","Granulicella",NA
"ASV314","Bacteria","Verrucomicrobiota","Verrucomicrobiia","Opitutales","Opitutaceae","Opitutus",NA
"ASV315","Bacteria","Bdellovibrionota","Bdellovibrionia","Bdellovibrionales","Pseudobdellovibrionaceae",NA,NA
"ASV316","Bacteria","Candidatus Kapabacteria","Kapabacteria","Kapabacteriales",NA,NA,NA
"ASV317","Bacteria","Pseudomonadota","Gammaproteobacteria","Lysobacterales","Rhodanobacteraceae","Dyella",NA
"ASV318","Bacteria","Hydrogenedentes","Hydrogenedentia","Hydrogenedentiales","Hydrogenedensaceae",NA,NA
"ASV319","Bacteria","Pseudomonadota","Gammaproteobacteria","Burkholderiales","Comamonadaceae",NA,NA
"ASV320","Bacteria","Pseudomonadota","Gammaproteobacteria","Burkholderiales","Burkholderiaceae","Pandoraea",NA
"ASV321","Bacteria","Actinomycetota","Actinobacteria","Propionibacteriales","Nocardioidaceae","Nocardioides",NA
"ASV322","Bacteria","Pseudomonadota","Alphaproteobacteria","Caulobacterales","Caulobacteraceae","Caulobacter",NA
"ASV323","Bacteria","Pseudomonadota","Gammaproteobacteria","Burkholderiales","Comamonadaceae",NA,NA
"ASV324","Bacteria","Bacteroidota","Bacteroidia","Sphingobacteriales","Sphingobacteriaceae","Pedobacter",NA
"ASV325","Bacteria","Patescibacteria","Parcubacteria","Candidatus Zambryskibacteria",NA,NA,NA
"ASV326","Bacteria","Bacteroidota","Bacteroidia","Chitinophagales","Chitinophagaceae","Arachidicoccus",NA
"ASV327","Bacteria","Bdellovibrionota","Bdellovibrionia","Bdellovibrionales","Pseudobdellovibrionaceae",NA,NA
"ASV328","Bacteria","Bacteroidota","Bacteroidia","Chitinophagales","Chitinophagaceae","Arachidicoccus",NA
"ASV329","Bacteria","Bacteroidota","Bacteroidia","Flavobacteriales","Crocinitomicaceae","Fluviicola",NA
"ASV330","Bacteria","Pseudomonadota","Gammaproteobacteria","Salinisphaerales","Nevskiaceae","Stenotrophobium",NA
"ASV331","Bacteria","Pseudomonadota","Gammaproteobacteria","Burkholderiales","Neisseriaceae",NA,NA
"ASV332","Bacteria","Pseudomonadota","Gammaproteobacteria","Burkholderiales","Burkholderiaceae","Burkholderia-Caballeronia-Paraburkholderia",NA
"ASV333","Bacteria","Pseudomonadota","Alphaproteobacteria","Hyphomicrobiales","Xanthobacteraceae","Afipia",NA
"ASV334","Bacteria","Actinomycetota","Actinobacteria","Micrococcales","Microbacteriaceae","Microbacterium","esteraromaticum"
"ASV335","Bacteria","Bdellovibrionota","Bdellovibrionia","Bdellovibrionales","Pseudobdellovibrionaceae","Bdellovibrio",NA
"ASV336","Bacteria","Bacteroidota","Bacteroidia","Sphingobacteriales","Sphingobacteriaceae",NA,NA
"ASV337","Bacteria","Pseudomonadota","Gammaproteobacteria","Salinisphaerales","Nevskiaceae","Panacagrimonas","perspica"
"ASV338","Bacteria","Pseudomonadota","Alphaproteobacteria","Hyphomicrobiales","Xanthobacteraceae","Bradyrhizobium",NA
"ASV339","Bacteria","Pseudomonadota","Gammaproteobacteria","Pseudomonadales","Pseudohongiellaceae","Pseudohongiella",NA
"ASV340","Bacteria","Cyanobacteriota","Cyanobacteriia","Chloroplast",NA,NA,NA
"ASV341","Bacteria","Pseudomonadota","Gammaproteobacteria","Burkholderiales","Hydrogenophilaceae","Thiobacillus","thioparus"
"ASV342","Bacteria","Pseudomonadota","Gammaproteobacteria","Burkholderiales","Comamonadaceae","Azohydromonas",NA
"ASV343","Bacteria","Pseudomonadota","Alphaproteobacteria","Rhodospirillales","Rhodospirillaceae",NA,NA
"ASV344","Bacteria","Bacteroidota","Bacteroidia","Flavobacteriales","Weeksellaceae","Chryseobacterium","jeonii"
"ASV345","Bacteria","Acidobacteriota","Vicinamibacteria","Vicinamibacterales",NA,NA,NA
"ASV346","Bacteria","Pseudomonadota","Alphaproteobacteria","Micropepsales","Micropepsaceae",NA,NA
"ASV347","Bacteria","Pseudomonadota","Alphaproteobacteria","Rhodospirillales","Rhodospirillaceae",NA,NA
"ASV348","Bacteria","Pseudomonadota","Alphaproteobacteria",NA,NA,NA,NA
"ASV349","Bacteria","Pseudomonadota","Alphaproteobacteria","Micavibrionales",NA,NA,NA
"ASV350","Bacteria","Bacteroidota","Bacteroidia","Chitinophagales","Saprospiraceae",NA,NA
"ASV351","Bacteria","Bdellovibrionota","Bacteriovoracia","Bacteriovoracales","Bacteriovoracaceae","Peredibacter",NA
"ASV352","Bacteria","Pseudomonadota","Gammaproteobacteria","Burkholderiales","Methylophilaceae","UBA6140",NA
"ASV353","Bacteria","Pseudomonadota","Gammaproteobacteria","Burkholderiales","Comamonadaceae","Aquabacterium","parvum"
"ASV354","Bacteria","Pseudomonadota","Alphaproteobacteria","Micropepsales","Micropepsaceae",NA,NA
"ASV355","Bacteria","Pseudomonadota","Gammaproteobacteria","Burkholderiales","Burkholderiaceae","Burkholderia-Caballeronia-Paraburkholderia",NA
"ASV356","Bacteria","Pseudomonadota","Gammaproteobacteria","Burkholderiales","TRA3-20",NA,NA
"ASV357","Bacteria","Pseudomonadota","Gammaproteobacteria","Salinisphaerales","Nevskiaceae","Solimonas",NA
"ASV358","Bacteria","Pseudomonadota","Gammaproteobacteria","Burkholderiales","Alcaligenaceae","Pigmentiphaga",NA
"ASV359","Bacteria","Actinomycetota","Actinobacteria","Kitasatosporales","Streptomycetaceae",NA,NA
"ASV360","Bacteria","Pseudomonadota","Gammaproteobacteria","Salinisphaerales","Nevskiaceae","Stenotrophobium",NA
"ASV361","Bacteria","Pseudomonadota","Gammaproteobacteria","Burkholderiales","Alcaligenaceae",NA,NA
"ASV362","Bacteria","Pseudomonadota","Alphaproteobacteria","Hyphomicrobiales","Rhizobiaceae","Shinella","fusca"
"ASV363","Bacteria","Pseudomonadota","Gammaproteobacteria","Burkholderiales","Alcaligenaceae",NA,NA
"ASV364","Bacteria","Pseudomonadota","Gammaproteobacteria","Burkholderiales","Nitrosomonadaceae",NA,NA
"ASV365","Bacteria","Pseudomonadota","Alphaproteobacteria","Sphingomonadales","Sphingomonadaceae","Novosphingobium",NA
"ASV366","Bacteria","Bacteroidota","Bacteroidia","Flavobacteriales","Flavobacteriaceae","Flavobacterium",NA
"ASV367","Bacteria","Pseudomonadota","Alphaproteobacteria","Hyphomicrobiales","Xanthobacteraceae","Pseudolabrys",NA
"ASV368","Bacteria","Pseudomonadota","Gammaproteobacteria","Pseudomonadales","Pseudomonadaceae","Pseudomonas",NA
"ASV369","Bacteria","Bdellovibrionota","Bacteriovoracia","Bacteriovoracales","Bacteriovoracaceae","Peredibacter",NA
"ASV370","Bacteria","Pseudomonadota","Alphaproteobacteria","Rhodospirillales","Rhodospirillaceae",NA,NA
"ASV371","Bacteria","Patescibacteria","Parcubacteria","Candidatus Azambacteria",NA,NA,NA
"ASV372","Bacteria","Pseudomonadota","Gammaproteobacteria","Burkholderiales","Comamonadaceae","Methylibium","petroleiphilum"
"ASV373","Bacteria","Pseudomonadota","Gammaproteobacteria","Burkholderiales","Oxalobacteraceae","Herbaspirillum",NA
"ASV374","Bacteria","Pseudomonadota","Gammaproteobacteria","Burkholderiales","Comamonadaceae","Caenimonas",NA
"ASV375","Bacteria","Actinomycetota","Actinobacteria","Mycobacteriales","Mycobacteriaceae","Mycobacterium",NA
"ASV376","Bacteria","Pseudomonadota","Gammaproteobacteria","Burkholderiales","Comamonadaceae",NA,NA
"ASV377","Bacteria","Pseudomonadota","Gammaproteobacteria","Lysobacterales","Rhodanobacteraceae","Rhodanobacter",NA
"ASV378","Bacteria","Pseudomonadota","Alphaproteobacteria","Rhodospirillales","Magnetospiraceae",NA,NA
"ASV379","Bacteria","Fibrobacterota","Fibrobacteria","Fibrobacterales","Fibrobacteraceae",NA,NA
"ASV380","Bacteria","Pseudomonadota","Gammaproteobacteria","Enterobacterales","Enterobacteriaceae",NA,NA
"ASV381","Bacteria","Patescibacteria","Saccharimonadia","Saccharimonadales","LWQ8",NA,NA
"ASV382","Bacteria","Pseudomonadota","Gammaproteobacteria","Burkholderiales","TRA3-20",NA,NA
"ASV383","Bacteria","Pseudomonadota","Alphaproteobacteria","Rhodospirillales","Magnetospiraceae",NA,NA
"ASV384","Bacteria","Planctomycetota","Planctomycetes","Isosphaerales","Isosphaeraceae","Tautonia",NA
"ASV385","Bacteria","Bacteroidota","Bacteroidia","Chitinophagales","Chitinophagaceae","Edaphobaculum",NA
"ASV386","Bacteria","Pseudomonadota","Alphaproteobacteria","Rickettsiales","SM2D12",NA,NA
"ASV387","Bacteria","Actinomycetota","Actinobacteria","Micrococcales","Microbacteriaceae","Microbacterium",NA
"ASV388","Bacteria","Bacillota","Bacilli","Paenibacillales","Paenibacillaceae","Paenibacillus",NA
"ASV389","Bacteria","Bacteroidota","Bacteroidia","Flavobacteriales","Weeksellaceae","Chryseobacterium",NA
"ASV390","Bacteria","Pseudomonadota","Alphaproteobacteria","Hyphomicrobiales","Rhizobiaceae",NA,NA
"ASV391","Bacteria","Actinomycetota","Thermoleophilia","Gaiellales",NA,NA,NA
"ASV392","Bacteria","Pseudomonadota","Alphaproteobacteria","Micropepsales","Micropepsaceae",NA,NA
"ASV393","Bacteria","Verrucomicrobiota","Verrucomicrobiia","Opitutales","Opitutaceae","Opitutus",NA
"ASV394","Bacteria","Bacteroidota","Bacteroidia","Chitinophagales","Chitinophagaceae","Parafilimonas","terrae"
"ASV395","Bacteria","Bacteroidota","Bacteroidia","Sphingobacteriales","Sphingobacteriaceae","Mucilaginibacter",NA
"ASV396","Bacteria","Pseudomonadota","Alphaproteobacteria","Micropepsales","Micropepsaceae",NA,NA
"ASV397","Bacteria","Pseudomonadota","Gammaproteobacteria","Burkholderiales","Oxalobacteraceae",NA,NA
"ASV398","Bacteria","Abditibacteriota","Abditibacteriia","Abditibacteriales","Abditibacteriaceae","Abditibacterium",NA
"ASV399","Bacteria","Pseudomonadota","Alphaproteobacteria","Sphingomonadales","Sphingomonadaceae","Sphingobium",NA
"ASV400","Bacteria","Bacteroidota","Bacteroidia","Flavobacteriales","Flavobacteriaceae","Flavobacterium","hauense"
"ASV401","Bacteria","Pseudomonadota","Gammaproteobacteria","Burkholderiales","Burkholderiaceae","Limnobacter","humi"
"ASV402","Bacteria","Actinomycetota","Actinobacteria","Mycobacteriales","Mycobacteriaceae","Mycobacterium",NA
"ASV403","Bacteria","Patescibacteria","Saccharimonadia","Saccharimonadales","Saccharimonadaceae","TM7a",NA
"ASV404","Bacteria",NA,NA,NA,NA,NA,NA
"ASV405","Bacteria","Pseudomonadota","Gammaproteobacteria","Gammaproteobacteria Incertae Sedis","Unknown Family","Candidatus Ovatusbacter",NA
"ASV406","Bacteria","Pseudomonadota","Gammaproteobacteria","Legionellales","Legionellaceae","Legionella",NA
"ASV407","Bacteria","Pseudomonadota","Gammaproteobacteria","Burkholderiales","Alcaligenaceae","Pigmentiphaga",NA
"ASV408","Bacteria","Pseudomonadota","Gammaproteobacteria","Burkholderiales","Alcaligenaceae","Advenella",NA
"ASV409","Bacteria","Actinomycetota","Actinobacteria","Propionibacteriales","Nocardioidaceae","Nocardioides","marinus"
"ASV410","Bacteria","Pseudomonadota","Gammaproteobacteria","Rickettsiellales","Rickettsiellaceae",NA,NA
"ASV411","Bacteria","Pseudomonadota","Alphaproteobacteria","Micavibrionales","Micavibrionaceae",NA,NA
"ASV412","Bacteria","Pseudomonadota","Alphaproteobacteria","Hyphomicrobiales","KF-JG30-B3",NA,NA
"ASV413","Bacteria","Pseudomonadota","Gammaproteobacteria","Burkholderiales","Alcaligenaceae","Candidimonas",NA
"ASV414","Bacteria","Pseudomonadota","Gammaproteobacteria","Burkholderiales","Oxalobacteraceae","Oxalicibacterium",NA
"ASV415","Bacteria","Bacteroidota","Bacteroidia","Chitinophagales","Chitinophagaceae","Taibaiella",NA
"ASV416","Bacteria","Pseudomonadota","Gammaproteobacteria","Enterobacterales","Enterobacteriaceae",NA,NA
"ASV417","Bacteria","Pseudomonadota","Alphaproteobacteria",NA,NA,NA,NA
"ASV418","Bacteria","Planctomycetota","Planctomycetes","Pirellulales","Pirellulaceae",NA,NA
"ASV419","Bacteria","Bacillota","Bacilli","Paenibacillales","Paenibacillaceae","Marinicrinis",NA
"ASV420","Bacteria","Pseudomonadota","Gammaproteobacteria","Burkholderiales","Comamonadaceae",NA,NA
"ASV421","Bacteria","Bacteroidota","Bacteroidia","Sphingobacteriales","Sphingobacteriaceae","Mucilaginibacter","carri"
"ASV422","Bacteria","Actinomycetota","Actinobacteria","Kitasatosporales","Streptomycetaceae","Streptomyces",NA
"ASV423","Bacteria","Bacteroidota","Bacteroidia","Sphingobacteriales","Sphingobacteriaceae","Pedobacter",NA
"ASV424","Bacteria","Armatimonadota",NA,NA,NA,NA,NA
"ASV425","Bacteria","Pseudomonadota","Alphaproteobacteria","Micropepsales","Micropepsaceae",NA,NA
"ASV426","Bacteria","Pseudomonadota","Gammaproteobacteria","Salinisphaerales","Nevskiaceae","Stenotrophobium",NA
"ASV427","Bacteria","Pseudomonadota","Alphaproteobacteria","Hyphomicrobiales","Hyphomicrobiales Incertae Sedis",NA,NA
"ASV428","Bacteria","Pseudomonadota","Alphaproteobacteria","Parvibaculales","Parvibaculaceae","Parvibaculum",NA
"ASV429","Bacteria","Pseudomonadota","Alphaproteobacteria","Caulobacterales","Caulobacteraceae","Caulobacter",NA
"ASV430","Bacteria","Bacteroidota","Bacteroidia","Sphingobacteriales","Sphingobacteriaceae","Pedobacter",NA
"ASV431","Bacteria","Fibrobacterota","Fibrobacteria","Fibrobacterales","Fibrobacteraceae",NA,NA
"ASV432","Bacteria","Patescibacteria","Parcubacteria",NA,NA,NA,NA
"ASV433","Bacteria","Bacteroidota","Bacteroidia","Bacteroidetes VC2.1 Bac22",NA,NA,NA
"ASV434","Bacteria","Bacteroidota","Bacteroidia","Bacteroidetes VC2.1 Bac22",NA,NA,NA
"ASV435","Bacteria","Actinomycetota","Acidimicrobiia","Acidimicrobiales","Acidimicrobiaceae",NA,NA
"ASV436","Bacteria","Acidobacteriota","Vicinamibacteria","Vicinamibacterales","Vicinamibacteraceae",NA,NA
"ASV437","Bacteria","Pseudomonadota","Gammaproteobacteria",NA,NA,NA,NA
"ASV438","Bacteria","Pseudomonadota","Gammaproteobacteria","Burkholderiales","Comamonadaceae","Paucibacter",NA
"ASV439","Bacteria","Actinomycetota","Acidimicrobiia","Microtrichales","Iamiaceae","Iamia",NA
"ASV440","Bacteria","Verrucomicrobiota","Verrucomicrobiia","Opitutales","Opitutaceae","Opitutus",NA
"ASV441","Bacteria","Pseudomonadota","Alphaproteobacteria","Rickettsiales",NA,NA,NA
"ASV442","Bacteria","Bdellovibrionota","Oligoflexia","Oligoflexales","Oligoflexaceae","Oligoflexus",NA
"ASV443","Bacteria","Pseudomonadota","Gammaproteobacteria","Rickettsiellales","Rickettsiellaceae",NA,NA
"ASV444","Bacteria","Pseudomonadota","Gammaproteobacteria","Burkholderiales","Oxalobacteraceae","Massilia",NA
"ASV445","Bacteria","Pseudomonadota","Alphaproteobacteria","Azospirillales","Azospirillaceae","Niveispirillum","cyanobacteriorum"
"ASV446","Bacteria","Bdellovibrionota","Bacteriovoracia","Bacteriovoracales","Bacteriovoracaceae","Peredibacter","starrii"
"ASV447","Bacteria","Pseudomonadota","Gammaproteobacteria","Burkholderiales","Alcaligenaceae",NA,NA
"ASV448","Bacteria","Pseudomonadota","Alphaproteobacteria","Caulobacterales","Caulobacteraceae","Asticcacaulis",NA
"ASV449","Bacteria","Pseudomonadota","Alphaproteobacteria","Caulobacterales","Hyphomonadaceae","Hirschia",NA
"ASV450","Bacteria","Pseudomonadota","Gammaproteobacteria","Burkholderiales","Burkholderiaceae","Burkholderia-Caballeronia-Paraburkholderia",NA
"ASV451","Bacteria","Pseudomonadota","Alphaproteobacteria","Caulobacterales","Caulobacteraceae","Asticcacaulis",NA
"ASV452","Bacteria","Pseudomonadota","Alphaproteobacteria","Caulobacterales","Caulobacteraceae",NA,NA
"ASV453","Bacteria","Actinomycetota","Actinobacteria","Streptosporangiales","Thermomonosporaceae","Actinoallomurus",NA
"ASV454","Bacteria","Bdellovibrionota","Bdellovibrionia","Bdellovibrionales","Pseudobdellovibrionaceae","Bdellovibrio",NA
"ASV455","Bacteria","Pseudomonadota","Alphaproteobacteria","Rickettsiales","Rickettsiaceae",NA,NA
"ASV456","Bacteria","Pseudomonadota","Gammaproteobacteria","Burkholderiales","Comamonadaceae","Rhizobacter",NA
"ASV457","Bacteria","Pseudomonadota","Gammaproteobacteria","Burkholderiales","Comamonadaceae",NA,NA
"ASV458","Bacteria","Pseudomonadota","Alphaproteobacteria","Reyranellales","Reyranellaceae","Reyranella",NA
"ASV459","Bacteria","Pseudomonadota","Gammaproteobacteria","Burkholderiales","Methylophilaceae","Methylobacillus",NA
"ASV460","Bacteria","Pseudomonadota","Alphaproteobacteria","Micropepsales","Micropepsaceae",NA,NA
"ASV461","Bacteria","Pseudomonadota","Gammaproteobacteria","Burkholderiales","Oxalobacteraceae",NA,NA
"ASV462","Bacteria","Pseudomonadota","Alphaproteobacteria","Caulobacterales","Caulobacteraceae","Phenylobacterium",NA
"ASV463","Bacteria","Pseudomonadota","Gammaproteobacteria","Burkholderiales","Alcaligenaceae",NA,NA
"ASV464","Bacteria","Actinomycetota","Actinobacteria","Micrococcales","Microbacteriaceae",NA,NA
"ASV465","Bacteria","Pseudomonadota","Gammaproteobacteria","Burkholderiales","Nitrosomonadaceae",NA,NA
"ASV466","Bacteria","Armatimonadota",NA,NA,NA,NA,NA
"ASV467","Bacteria","Pseudomonadota","Alphaproteobacteria","Holosporales","Holosporaceae",NA,NA
"ASV468","Bacteria","Pseudomonadota","Alphaproteobacteria","Hyphomicrobiales","Rhizobiaceae","Rhizobium",NA
"ASV469","Bacteria",NA,NA,NA,NA,NA,NA
"ASV470","Bacteria","Pseudomonadota","Gammaproteobacteria","Legionellales","Legionellaceae","Legionella",NA
"ASV471","Bacteria","Pseudomonadota","Gammaproteobacteria","Enterobacterales","Yersiniaceae","Ewingella",NA
"ASV472","Bacteria","Pseudomonadota","Gammaproteobacteria","Burkholderiales","Comamonadaceae",NA,NA
"ASV473","Bacteria","Pseudomonadota","Gammaproteobacteria","Rickettsiellales","Rickettsiellaceae","Aquicella",NA
"ASV474","Bacteria","Pseudomonadota","Gammaproteobacteria","Salinisphaerales","Nevskiaceae","Nevskia",NA
"ASV475","Bacteria","Bacteroidota","Bacteroidia","Sphingobacteriales","Sphingobacteriaceae","Mucilaginibacter",NA
"ASV476","Bacteria","Pseudomonadota","Alphaproteobacteria","Sphingomonadales","Sphingomonadaceae","Sphingomonas",NA
"ASV477","Bacteria","Actinomycetota","Actinobacteria","Mycobacteriales","Mycobacteriaceae","Mycobacterium",NA
"ASV478","Bacteria","Pseudomonadota","Alphaproteobacteria","Sphingomonadales","Sphingomonadaceae","Rhizorhabdus",NA
"ASV479","Bacteria","Pseudomonadota","Gammaproteobacteria","Rickettsiellales","Rickettsiellaceae","Aquicella",NA
"ASV480","Bacteria","Pseudomonadota","Gammaproteobacteria","Pseudomonadales","Pseudohongiellaceae","BIyi10",NA
"ASV481","Bacteria","Pseudomonadota","Alphaproteobacteria","Dongiales","Dongiaceae","Dongia",NA
"ASV482","Bacteria","Pseudomonadota","Alphaproteobacteria","Rickettsiales","SM2D12",NA,NA
"ASV483","Bacteria","Pseudomonadota","Alphaproteobacteria","Caulobacterales","Caulobacteraceae","Caulobacter",NA
"ASV484","Bacteria","Pseudomonadota","Alphaproteobacteria","Rickettsiales","SM2D12",NA,NA
"ASV485","Bacteria","Bacteroidota","Bacteroidia","Chitinophagales","Chitinophagaceae",NA,NA
"ASV486","Bacteria","Pseudomonadota","Alphaproteobacteria","Parvibaculales","Parvibaculaceae","Parvibaculum",NA
"ASV487","Bacteria","Pseudomonadota","Gammaproteobacteria","Lysobacterales","Rhodanobacteraceae","Rhodanobacter","ginsengisoli"
"ASV488","Bacteria","Pseudomonadota","Alphaproteobacteria","Caulobacterales","Caulobacteraceae","Caulobacter","fusiformis"
"ASV489","Bacteria","Bacteroidota","Bacteroidia","Cytophagales","Spirosomataceae","Emticicia","ginsengisoli"
"ASV490","Bacteria","Pseudomonadota","Alphaproteobacteria","Caulobacterales","Caulobacteraceae","Caulobacter",NA
"ASV491","Bacteria","Pseudomonadota","Gammaproteobacteria","Burkholderiales","Alcaligenaceae",NA,NA
"ASV492","Bacteria","Bacteroidota","Bacteroidia","Sphingobacteriales","Sphingobacteriaceae","Mucilaginibacter",NA
"ASV493","Bacteria","Actinomycetota","Thermoleophilia","Gaiellales",NA,NA,NA
"ASV494","Bacteria","Pseudomonadota","Alphaproteobacteria","Sphingomonadales","Sphingomonadaceae","Sphingomonas",NA
"ASV495","Bacteria","Armatimonadota",NA,NA,NA,NA,NA
"ASV496","Bacteria","Pseudomonadota","Alphaproteobacteria","Micavibrionales","Micavibrionaceae",NA,NA
"ASV497","Bacteria","Pseudomonadota","Gammaproteobacteria","Lysobacterales","Lysobacteraceae","Thermomonas",NA
"ASV498","Bacteria","Bacteroidota","Bacteroidia","Flavobacteriales","Flavobacteriaceae","Flavobacterium",NA
"ASV499","Bacteria","Abditibacteriota","Abditibacteriia","Abditibacteriales","Abditibacteriaceae","Abditibacterium",NA
"ASV500","Bacteria","Pseudomonadota","Gammaproteobacteria","Pseudomonadales","Moraxellaceae","Cavicella",NA
"ASV501","Bacteria","Pseudomonadota","Gammaproteobacteria","Burkholderiales","Oxalobacteraceae","Duganella",NA
"ASV502","Bacteria","Pseudomonadota","Gammaproteobacteria","Burkholderiales","Alcaligenaceae","Bordetella",NA
"ASV503","Bacteria","Verrucomicrobiota","Verrucomicrobiia","Pedosphaerales","Pedosphaeraceae",NA,NA
"ASV504","Bacteria","Armatimonadota",NA,NA,NA,NA,NA
"ASV505","Bacteria","Chlamydiota","Chlamydiia","Chlamydiales","Parachlamydiaceae","Candidatus Protochlamydia",NA
"ASV506","Bacteria","Pseudomonadota","Gammaproteobacteria","Burkholderiales","Methylophilaceae","Methylophilus",NA
"ASV507","Bacteria","Actinomycetota","Thermoleophilia","Gaiellales",NA,NA,NA
"ASV508","Bacteria","Cyanobacteriota","Vampirivibrionia","Obscuribacterales","Obscuribacteraceae",NA,NA
"ASV509","Bacteria","Pseudomonadota","Alphaproteobacteria","Sphingomonadales","Sphingomonadaceae","Sphingobium","vulgare"
"ASV510","Bacteria","Actinomycetota","Actinobacteria","Mycobacteriales","Nocardiaceae","Rhodococcus",NA
"ASV511","Bacteria","Actinomycetota","Actinobacteria","PeM15",NA,NA,NA
"ASV512","Bacteria","Pseudomonadota","Gammaproteobacteria","Burkholderiales","Alcaligenaceae","Pigmentiphaga","daeguensis"
"ASV513","Bacteria","Chlamydiota","Chlamydiia","Chlamydiales","Parachlamydiaceae","Candidatus Protochlamydia",NA
"ASV514","Bacteria","Candidatus Kapabacteria","Kapabacteria","Kapabacteriales",NA,NA,NA
"ASV515","Bacteria","Bacteroidota","Bacteroidia","Flavobacteriales","Cryomorphaceae",NA,NA
"ASV516","Bacteria","Abditibacteriota","Abditibacteriia","Abditibacteriales","Abditibacteriaceae","Abditibacterium",NA
"ASV517","Bacteria","Pseudomonadota","Gammaproteobacteria","Burkholderiales","Alcaligenaceae","Bordetella","petrii"
"ASV518","Bacteria","Bacteroidota","Bacteroidia","Chitinophagales","Chitinophagaceae","Sediminibacterium",NA
"ASV519","Bacteria","Actinomycetota","Actinobacteria","Micrococcales","Micrococcaceae","Pseudarthrobacter",NA
"ASV520","Bacteria","Pseudomonadota","Alphaproteobacteria","Rickettsiales","SM2D12",NA,NA
"ASV521","Bacteria","Actinomycetota","Actinobacteria","Micrococcales","Microbacteriaceae",NA,NA
"ASV522","Bacteria","Gemmatimonadota","Longimicrobiia","Longimicrobiales","Longimicrobiaceae",NA,NA
"ASV523","Bacteria","Bacteroidota","Bacteroidia","Flavobacteriales","Flavobacteriaceae","Flavobacterium",NA
"ASV524","Bacteria","Pseudomonadota","Alphaproteobacteria","Rickettsiales","SM2D12",NA,NA
"ASV525","Bacteria","Pseudomonadota","Alphaproteobacteria","Hyphomicrobiales","Beijerinckiaceae","Bosea",NA
"ASV526","Bacteria","Chlamydiota","Chlamydiia","Chlamydiales","Parachlamydiaceae",NA,NA
"ASV527","Bacteria","Pseudomonadota","Alphaproteobacteria","Sphingomonadales","Sphingomonadaceae","Sphingobium",NA
"ASV528","Bacteria","Actinomycetota","Actinobacteria","Kitasatosporales","Streptomycetaceae","Streptacidiphilus",NA
"ASV529","Bacteria","Pseudomonadota","Gammaproteobacteria","Salinisphaerales","Nevskiaceae","Nevskia",NA
"ASV530","Bacteria","Pseudomonadota","Alphaproteobacteria","Micavibrionales",NA,NA,NA
"ASV531","Bacteria","Pseudomonadota","Alphaproteobacteria","Hyphomicrobiales","Xanthobacteraceae","Afipia",NA
"ASV532","Bacteria","Fibrobacterota","Fibrobacteria","Fibrobacterales","Fibrobacteraceae","possible genus 04",NA
"ASV533","Bacteria","Pseudomonadota","Alphaproteobacteria","Reyranellales","Reyranellaceae","Reyranella",NA
"ASV534","Bacteria","Pseudomonadota","Gammaproteobacteria","Burkholderiales","Burkholderiaceae","Burkholderia-Caballeronia-Paraburkholderia",NA
"ASV535","Bacteria","Bacteroidota","Bacteroidia","Chitinophagales","Chitinophagaceae","Taibaiella",NA
"ASV536","Bacteria","Bacillota","Bacilli","Bacillales","Bacillaceae","Neobacillus",NA
"ASV537","Bacteria","Pseudomonadota","Gammaproteobacteria","Burkholderiales","Comamonadaceae","Xylophilus",NA
"ASV538","Bacteria","Pseudomonadota","Alphaproteobacteria","Rhodospirillales",NA,NA,NA
"ASV539","Bacteria","Pseudomonadota","Gammaproteobacteria","Burkholderiales","Comamonadaceae","Paucibacter",NA
"ASV540","Bacteria","Pseudomonadota","Gammaproteobacteria","Burkholderiales","Oxalobacteraceae",NA,NA
"ASV541","Bacteria","Verrucomicrobiota","Verrucomicrobiia","Chthoniobacterales","Terrimicrobiaceae","FukuN18 freshwater group",NA
"ASV542","Bacteria",NA,NA,NA,NA,NA,NA
"ASV543","Bacteria","Pseudomonadota","Gammaproteobacteria","Piscirickettsiales","Piscirickettsiaceae","Candidatus Endoecteinascidia",NA
"ASV544","Bacteria","Actinomycetota","Actinobacteria","Micrococcales","Micrococcaceae","Arthrobacter",NA
"ASV545","Bacteria","Pseudomonadota","Alphaproteobacteria",NA,NA,NA,NA
"ASV546","Bacteria","Pseudomonadota","Gammaproteobacteria",NA,NA,NA,NA
"ASV547","Bacteria","Bdellovibrionota","Bdellovibrionia","Bdellovibrionales","Pseudobdellovibrionaceae","Pseudobdellovibrio",NA
"ASV548","Bacteria","Actinomycetota","Actinobacteria","Mycobacteriales","Mycobacteriaceae","Mycobacterium",NA
"ASV549","Bacteria","Pseudomonadota","Gammaproteobacteria","Burkholderiales","Oxalobacteraceae","Duganella",NA
"ASV550","Bacteria","Pseudomonadota","Gammaproteobacteria","Pseudomonadales","Pseudomonadaceae","Pseudomonas",NA
"ASV551","Bacteria","Pseudomonadota","Alphaproteobacteria","Azospirillales","Azospirillaceae",NA,NA
"ASV552","Bacteria","Pseudomonadota","Alphaproteobacteria","Caulobacterales","Caulobacteraceae",NA,NA
"ASV553","Bacteria","Actinomycetota","Actinobacteria","Mycobacteriales","Nocardiaceae","Nocardia",NA
"ASV554","Bacteria","Bacteroidota","Bacteroidia","Chitinophagales","Chitinophagaceae","Sediminibacterium",NA
"ASV555","Bacteria","Pseudomonadota","Gammaproteobacteria","Lysobacterales","Rhodanobacteraceae","Rhodanobacter",NA
"ASV556","Bacteria","Bacillota","Bacilli","Alicyclobacillales","Alicyclobacillaceae","Alicyclobacillus","cycloheptanicus"
"ASV557","Bacteria","Cyanobacteriota","Sericytochromatia",NA,NA,NA,NA
"ASV558","Bacteria","Pseudomonadota","Alphaproteobacteria","Caulobacterales","Caulobacteraceae","Asticcacaulis",NA
"ASV559","Bacteria","Patescibacteria","Saccharimonadia","Saccharimonadales",NA,NA,NA
"ASV560","Bacteria","Dependentiae","Babeliae","Babeliales","Vermiphilaceae",NA,NA
"ASV561","Bacteria","Bacteroidota","Bacteroidia","Chitinophagales","Chitinophagaceae","Sediminibacterium",NA
"ASV562","Bacteria","Actinomycetota","Actinobacteria","Micrococcales","Cellulomonadaceae","Cellulomonas",NA
"ASV563","Bacteria","Bdellovibrionota","Bdellovibrionia","Bdellovibrionales","Pseudobdellovibrionaceae",NA,NA
"ASV564","Bacteria","Bacteroidota","Bacteroidia","Sphingobacteriales","Sphingobacteriaceae",NA,NA
"ASV565","Bacteria","Patescibacteria","Parcubacteria",NA,NA,NA,NA
"ASV566","Bacteria","Pseudomonadota","Alphaproteobacteria","Caedibacterales","Caedibacteraceae","Candidatus Nucleicultrix",NA
"ASV567","Bacteria","Bacteroidota","Bacteroidia","Sphingobacteriales","Sphingobacteriaceae","Pedobacter",NA
"ASV568","Bacteria","Pseudomonadota","Alphaproteobacteria","Hyphomicrobiales","Hyphomicrobiaceae","Hyphomicrobium",NA
"ASV569","Bacteria","Planctomycetota","Phycisphaerae","Phycisphaerales","Phycisphaeraceae","SM1A02",NA
"ASV570","Bacteria","Pseudomonadota","Alphaproteobacteria","Rhodospirillales","Rhodospirillaceae",NA,NA
"ASV571","Bacteria","Pseudomonadota","Gammaproteobacteria","Legionellales","Legionellaceae","Legionella",NA
"ASV572","Bacteria","Planctomycetota","Planctomycetes","Planctomycetales","Schlesneriaceae","Schlesneria",NA
"ASV573","Bacteria","Patescibacteria","Gracilibacteria","Candidatus Peregrinibacteria",NA,NA,NA
"ASV574","Bacteria","Pseudomonadota","Alphaproteobacteria","Sphingomonadales","Sphingomonadaceae","Erythrobacter",NA
"ASV575","Bacteria","Pseudomonadota","Gammaproteobacteria","Burkholderiales","Methylophilaceae","Methylotenera",NA
"ASV576","Bacteria","Actinomycetota","Thermoleophilia","Gaiellales",NA,NA,NA
"ASV577","Bacteria","Pseudomonadota","Gammaproteobacteria","Lysobacterales","Rhodanobacteraceae","Rhodanobacter",NA
"ASV578","Bacteria","Pseudomonadota","Alphaproteobacteria","Reyranellales","Reyranellaceae","Reyranella",NA
"ASV579","Bacteria","Pseudomonadota","Gammaproteobacteria","Burkholderiales","Comamonadaceae",NA,NA
"ASV580","Bacteria","Pseudomonadota","Alphaproteobacteria","Hyphomicrobiales","Xanthobacteraceae","Pseudolabrys",NA
"ASV581","Bacteria","Bacteroidota","Bacteroidia","Sphingobacteriales","Sphingobacteriaceae","Pedobacter",NA
"ASV582","Bacteria","Bacteroidota","Bacteroidia","Chitinophagales","Chitinophagaceae","Nemorincola",NA
"ASV583","Bacteria","Pseudomonadota","Alphaproteobacteria","Caulobacterales","Caulobacteraceae","Caulobacter",NA
"ASV584","Bacteria","Pseudomonadota","Gammaproteobacteria",NA,NA,NA,NA
"ASV585","Bacteria","Actinomycetota","Actinobacteria","Kitasatosporales","Streptomycetaceae","Streptacidiphilus",NA
"ASV586","Bacteria","Bacillota","Bacilli","Paenibacillales","Paenibacillaceae","Paenibacillus",NA
"ASV587","Bacteria","Pseudomonadota","Gammaproteobacteria","Burkholderiales","Oxalobacteraceae","Noviherbaspirillum",NA
"ASV588","Bacteria","Bacteroidota","Bacteroidia","Cytophagales","Spirosomataceae","Emticicia","soli"
"ASV589","Bacteria","Pseudomonadota","Alphaproteobacteria","Hyphomicrobiales","Rhizobiaceae","Rhizobium",NA
"ASV590","Bacteria","Bacteroidota","Bacteroidia","Chitinophagales","Chitinophagaceae","Arachidicoccus",NA
"ASV591","Bacteria","Bacteroidota","Bacteroidia","Flavobacteriales","Flavobacteriaceae","Flavobacterium",NA
"ASV592","Bacteria","Bdellovibrionota","Bdellovibrionia","Bdellovibrionales","Pseudobdellovibrionaceae","Pseudobdellovibrio",NA
"ASV593","Bacteria","Verrucomicrobiota","Verrucomicrobiia","Verrucomicrobiales","Verrucomicrobiaceae",NA,NA
"ASV594","Bacteria","Pseudomonadota","Alphaproteobacteria",NA,NA,NA,NA
"ASV595","Bacteria","Pseudomonadota","Alphaproteobacteria","Caulobacterales","Caulobacteraceae","Asticcacaulis",NA
"ASV596","Bacteria","Actinomycetota","Thermoleophilia","Gaiellales",NA,NA,NA
"ASV597","Bacteria","Bacteroidota","Bacteroidia","Sphingobacteriales","Sphingobacteriaceae","Pedobacter",NA
"ASV598","Bacteria","Pseudomonadota","Alphaproteobacteria","Rhodospirillales",NA,NA,NA
"ASV599","Bacteria","Bacteroidota","Bacteroidia","Sphingobacteriales","Sphingobacteriaceae","Daejeonella",NA
"ASV600","Bacteria","Bacteroidota","Bacteroidia","Flavobacteriales","Cryomorphaceae",NA,NA
"ASV601","Bacteria","Pseudomonadota","Gammaproteobacteria","Legionellales","Legionellaceae","Legionella",NA
"ASV602","Bacteria","Pseudomonadota","Alphaproteobacteria","Rhodospirillales","Rhodospirillaceae",NA,NA
"ASV603","Bacteria","Pseudomonadota","Gammaproteobacteria","Burkholderiales","Burkholderiaceae","Limnobacter","thiooxidans"
"ASV604","Bacteria","Pseudomonadota","Alphaproteobacteria","Hyphomicrobiales","Rhizobiaceae","Rhizobium","azooxidifex"
"ASV605","Bacteria","Bdellovibrionota","Bacteriovoracia","Bacteriovoracales","Bacteriovoracaceae","Peredibacter",NA
"ASV606","Bacteria","Pseudomonadota","Alphaproteobacteria","Hyphomicrobiales","Rhizobiaceae","Pseudaminobacter",NA
"ASV607","Bacteria","Bacteroidota","Bacteroidia","Sphingobacteriales","Sphingobacteriaceae",NA,NA
"ASV608","Bacteria","Pseudomonadota","Gammaproteobacteria","Enterobacterales","Enterobacteriaceae",NA,NA
"ASV609","Bacteria","Acidobacteriota","Acidobacteriae","Bryobacterales","Bryobacteraceae","Paludibaculum",NA
"ASV610","Bacteria","Pseudomonadota","Alphaproteobacteria","Rickettsiales","Rickettsiaceae",NA,NA
"ASV611","Bacteria","Pseudomonadota","Alphaproteobacteria","Micropepsales","Micropepsaceae",NA,NA
"ASV612","Bacteria","Bdellovibrionota","Bdellovibrionia","Bdellovibrionales","Pseudobdellovibrionaceae","Bdellovibrio",NA
"ASV613","Bacteria","Pseudomonadota","Alphaproteobacteria","Hyphomicrobiales","Xanthobacteraceae","Rhodopseudomonas",NA
"ASV614","Bacteria","Verrucomicrobiota","Verrucomicrobiia","Opitutales","Opitutaceae","Oleiharenicola",NA
"ASV615","Bacteria","Bacteroidota","Bacteroidia","Sphingobacteriales","Sphingobacteriaceae","Mucilaginibacter",NA
"ASV616","Bacteria","Pseudomonadota","Alphaproteobacteria","Sphingomonadales","Sphingomonadaceae","Rhizorhabdus",NA
"ASV617","Bacteria","Actinomycetota","Actinobacteria","Micrococcales","Microbacteriaceae","Galbitalea",NA
"ASV618","Bacteria","Bdellovibrionota","Bdellovibrionia","Bdellovibrionales","Pseudobdellovibrionaceae","Bdellovibrio","bacteriovorus"
"ASV619","Bacteria","Bacteroidota","Bacteroidia","Chitinophagales","Chitinophagaceae","Chitinophaga",NA
"ASV620","Bacteria","Pseudomonadota","Gammaproteobacteria","Burkholderiales","Comamonadaceae",NA,NA
"ASV621","Bacteria","Pseudomonadota","Alphaproteobacteria","Hyphomicrobiales","Xanthobacteraceae","Ancylobacter","polymorphus"
"ASV622","Bacteria","Pseudomonadota","Gammaproteobacteria","Pseudomonadales","Pseudomonadaceae","Pseudomonas",NA
"ASV623","Bacteria","Pseudomonadota","Alphaproteobacteria","Hyphomicrobiales","Rhizobiaceae","Brucella",NA
"ASV624","Bacteria","Bacteroidota","Bacteroidia","Flavobacteriales","Cryomorphaceae",NA,NA
"ASV625","Bacteria","Pseudomonadota","Alphaproteobacteria","Rhodospirillales","Rhodospirillaceae",NA,NA
"ASV626","Bacteria","Pseudomonadota","Alphaproteobacteria","Hyphomicrobiales","Rhizobiaceae","Pseudaminobacter",NA
"ASV627","Bacteria","Bacteroidota","Bacteroidia","Sphingobacteriales","Sphingobacteriaceae",NA,NA
"ASV628","Bacteria","Fibrobacterota","Fibrobacteria","Fibrobacterales","Fibrobacteraceae",NA,NA
"ASV629","Bacteria","Pseudomonadota","Gammaproteobacteria","Burkholderiales","Burkholderiaceae","Limnobacter",NA
"ASV630","Bacteria","Pseudomonadota","Alphaproteobacteria","Rickettsiales","SM2D12",NA,NA
"ASV631","Bacteria","Bacteroidota","Bacteroidia","Chitinophagales","Chitinophagaceae","Rurimicrobium",NA
"ASV632","Bacteria","Cyanobacteriota","Cyanobacteriia","Chloroplast",NA,NA,NA
"ASV633","Bacteria","Cyanobacteriota","Cyanobacteriia","Chloroplast",NA,NA,NA
"ASV634","Bacteria","Actinomycetota","Actinobacteria","Micrococcales","Dermacoccaceae","Flexivirga",NA
"ASV635","Bacteria","Pseudomonadota","Alphaproteobacteria","Sphingomonadales","Sphingomonadaceae","Sphingomonas","naasensis"
"ASV636","Bacteria","Cyanobacteriota","Cyanobacteriia","Chloroplast",NA,NA,NA
"ASV637","Bacteria","Pseudomonadota","Alphaproteobacteria","Sphingomonadales","Sphingomonadaceae","Rhizorhabdus","dicambivorans"
"ASV638","Bacteria","Bacteroidota","Bacteroidia","Sphingobacteriales","Sphingobacteriaceae","Pedobacter",NA
"ASV639","Bacteria","Pseudomonadota","Alphaproteobacteria","Rickettsiales","Rickettsiaceae",NA,NA
"ASV640","Bacteria","Spirochaetota","Leptospirae","Leptospirales","Leptospiraceae","Leptospira","licerasiae"
"ASV641","Bacteria","Pseudomonadota","Gammaproteobacteria","Burkholderiales","Alcaligenaceae","Castellaniella",NA
"ASV642","Bacteria","Patescibacteria","Saccharimonadia","Saccharimonadales","Saccharimonadaceae","TM7a",NA
"ASV643","Bacteria","Actinomycetota","Actinobacteria","Mycobacteriales","Mycobacteriaceae","Mycobacterium","conspicuum"
"ASV644","Bacteria","Actinomycetota","Actinobacteria","Micrococcales","Microbacteriaceae","Microbacterium",NA
"ASV645","Bacteria","Pseudomonadota","Alphaproteobacteria","Sphingomonadales","Sphingomonadaceae","Sphingopyxis",NA
"ASV646","Bacteria","Bacillota","Bacilli","Paenibacillales","Paenibacillaceae",NA,NA
"ASV647","Bacteria","Actinomycetota","Actinobacteria","Kitasatosporales","Streptomycetaceae","Streptomyces",NA
"ASV648","Bacteria","Bacteroidota","Bacteroidia","Sphingobacteriales",NA,NA,NA
"ASV649","Bacteria","Patescibacteria","Saccharimonadia","Saccharimonadales",NA,NA,NA
"ASV650","Bacteria","Cyanobacteriota","Cyanobacteriia","Chloroplast",NA,NA,NA
"ASV651","Bacteria","Pseudomonadota","Alphaproteobacteria","Sphingomonadales","Sphingomonadaceae","Sphingobium","vulgare"
"ASV652","Bacteria","Pseudomonadota","Gammaproteobacteria","Legionellales","Legionellaceae","Legionella",NA
"ASV653","Bacteria","Bacteroidota","Bacteroidia","Chitinophagales","Chitinophagaceae",NA,NA
"ASV654","Bacteria","Pseudomonadota","Gammaproteobacteria","Pseudomonadales","Moraxellaceae","Alkanindiges","illinoisensis"
"ASV655","Bacteria","Cyanobacteriota","Vampirivibrionia","Vampirovibrionales","Vampirovibrionaceae","Vampirovibrio",NA
"ASV656","Bacteria","Pseudomonadota","Gammaproteobacteria","Salinisphaerales","Nevskiaceae","Panacagrimonas",NA
"ASV657","Bacteria","Dependentiae","Babeliae","Babeliales","Vermiphilaceae",NA,NA
"ASV658","Bacteria","Pseudomonadota","Gammaproteobacteria","Pseudomonadales","Pseudohongiellaceae","BIyi10",NA
"ASV659","Bacteria","Bacteroidota","Bacteroidia","Chitinophagales","37-13",NA,NA
"ASV660","Bacteria","Pseudomonadota",NA,NA,NA,NA,NA
"ASV661","Bacteria","Cyanobacteriota","Cyanobacteriia","Chloroplast",NA,NA,NA
"ASV662","Bacteria","Myxococcota","Polyangiia","Haliangiales","Haliangiaceae",NA,NA
"ASV663","Bacteria","Pseudomonadota","Alphaproteobacteria","Caulobacterales","Caulobacteraceae","Asticcacaulis",NA
"ASV664","Bacteria","Dependentiae","Babeliae","Babeliales",NA,NA,NA
"ASV665","Bacteria","Pseudomonadota","Alphaproteobacteria","Reyranellales","Reyranellaceae","Reyranella",NA
"ASV666","Bacteria","Pseudomonadota","Gammaproteobacteria",NA,NA,NA,NA
"ASV667","Bacteria","Actinomycetota","Actinobacteria","Propionibacteriales","Nocardioidaceae","Nocardioides","rubriscoriae"
"ASV668","Bacteria","Bacteroidota","Bacteroidia","Sphingobacteriales","Sphingobacteriaceae","Mucilaginibacter",NA
"ASV669","Bacteria","Pseudomonadota","Gammaproteobacteria","Burkholderiales","Comamonadaceae",NA,NA
"ASV670","Bacteria","Pseudomonadota","Alphaproteobacteria","Sphingomonadales","Sphingomonadaceae","Rhizorhabdus","argentea"
"ASV671","Bacteria","Verrucomicrobiota","Verrucomicrobiia","Opitutales","Opitutaceae","Opitutus",NA
"ASV672","Bacteria","Bacteroidota","Bacteroidia","Sphingobacteriales","Sphingobacteriaceae","Mucilaginibacter","ximonensis"
"ASV673","Bacteria","Pseudomonadota","Alphaproteobacteria","Acetobacterales","Acetobacteraceae","Rhodovastum",NA
"ASV674","Bacteria","Bdellovibrionota","Bacteriovoracia","Bacteriovoracales","Bacteriovoracaceae","Peredibacter",NA
"ASV675","Bacteria","Pseudomonadota","Gammaproteobacteria",NA,NA,NA,NA
"ASV676","Bacteria","Pseudomonadota","Alphaproteobacteria","Elsterales",NA,NA,NA
"ASV677","Bacteria","Bacteroidota","Bacteroidia","Sphingobacteriales","Sphingobacteriaceae","Pedobacter",NA
"ASV678","Bacteria","Pseudomonadota","Alphaproteobacteria","Caulobacterales","Hyphomonadaceae","SWB02",NA
"ASV679","Bacteria","Pseudomonadota","Alphaproteobacteria","Caulobacterales","Caulobacteraceae",NA,NA
"ASV680","Bacteria","Actinomycetota","Actinobacteria","Kitasatosporales","Streptomycetaceae",NA,NA
"ASV681","Bacteria","Pseudomonadota","Gammaproteobacteria","Burkholderiales","Alcaligenaceae","Candidimonas",NA
"ASV682","Bacteria","Pseudomonadota","Gammaproteobacteria","Lysobacterales","Rhodanobacteraceae","Rhodanobacter",NA
"ASV683","Bacteria","Bdellovibrionota","Bacteriovoracia","Bacteriovoracales","Bacteriovoracaceae","Bacteriovorax",NA
"ASV684","Bacteria","Pseudomonadota","Alphaproteobacteria","Sphingomonadales","Sphingomonadaceae","MN 122.2a",NA
"ASV685","Bacteria","Pseudomonadota","Gammaproteobacteria","Burkholderiales","Comamonadaceae","Hylemonella",NA
"ASV686","Bacteria","Bdellovibrionota","Bdellovibrionia","Bdellovibrionales","Pseudobdellovibrionaceae","Bdellovibrio",NA
"ASV687","Bacteria","Pseudomonadota","Gammaproteobacteria","Burkholderiales","Nitrosomonadaceae","Nitrosospira","multiformis"
"ASV688","Bacteria","Pseudomonadota","Gammaproteobacteria","Salinisphaerales","Nevskiaceae","Stenotrophobium",NA
"ASV689","Bacteria","Actinomycetota","Actinobacteria","Mycobacteriales","Mycobacteriaceae","Mycobacterium",NA
"ASV690","Bacteria","Pseudomonadota","Gammaproteobacteria","Burkholderiales","Nitrosomonadaceae",NA,NA
"ASV691","Bacteria","Pseudomonadota","Gammaproteobacteria","Pseudomonadales","Moraxellaceae","Acinetobacter",NA
"ASV692","Bacteria","Pseudomonadota","Gammaproteobacteria","Legionellales","Legionellaceae","Legionella",NA
"ASV693","Bacteria","Bacteroidota","Bacteroidia","Flavobacteriales","Flavobacteriaceae","Flavobacterium","hauense"
"ASV694","Bacteria","Pseudomonadota","Alphaproteobacteria","Sphingomonadales","Sphingomonadaceae","Rhizorhabdus",NA
"ASV695","Bacteria","Pseudomonadota","Gammaproteobacteria","Burkholderiales","Comamonadaceae","Polaromonas",NA
"ASV696","Bacteria","Pseudomonadota","Alphaproteobacteria","Parvibaculales","Parvibaculaceae","Parvibaculum",NA
"ASV697","Bacteria","Bacillota","Bacilli","Paenibacillales","Paenibacillaceae","Paenibacillus",NA
"ASV698","Bacteria","Pseudomonadota","Alphaproteobacteria","Sneathiellales","Sneathiellaceae","Taonella",NA
"ASV699","Bacteria","Pseudomonadota","Gammaproteobacteria","Burkholderiales","Comamonadaceae","Ottowia",NA
"ASV700","Bacteria","Bacteroidota","Bacteroidia","Cytophagales","Spirosomataceae","Dyadobacter",NA
"ASV701","Bacteria","Pseudomonadota","Alphaproteobacteria","Rickettsiales","Rickettsiaceae",NA,NA
"ASV702","Bacteria","Pseudomonadota","Gammaproteobacteria","Burkholderiales","Burkholderiaceae","Cupriavidus",NA
"ASV703","Bacteria","Bdellovibrionota","Bacteriovoracia","Bacteriovoracales","Bacteriovoracaceae","Bacteriovorax",NA
"ASV704","Bacteria","Pseudomonadota","Alphaproteobacteria","Zavarziniales",NA,NA,NA
"ASV705","Bacteria","Pseudomonadota","Gammaproteobacteria","Legionellales","Legionellaceae",NA,NA
"ASV706","Bacteria","Pseudomonadota","Gammaproteobacteria","CHAB-XI-27",NA,NA,NA
"ASV707","Bacteria","Pseudomonadota","Alphaproteobacteria","Rickettsiales","SM2D12",NA,NA
"ASV708","Bacteria","Verrucomicrobiota","Verrucomicrobiia","Pedosphaerales","Pedosphaeraceae",NA,NA
"ASV709","Bacteria","Bacteroidota","Bacteroidia","Flavobacteriales","Flavobacteriaceae","Flavobacterium","johnsoniae"
"ASV710","Bacteria","Bacteroidota","Bacteroidia","Sphingobacteriales","Sphingobacteriaceae","Pedobacter",NA
"ASV711","Bacteria","Actinomycetota","Actinobacteria","Propionibacteriales","Nocardioidaceae","Nocardioides",NA
"ASV712","Bacteria","Chlamydiota","Chlamydiia","Chlamydiales","Parachlamydiaceae","Neochlamydia",NA
"ASV713","Bacteria","Pseudomonadota","Gammaproteobacteria","Burkholderiales","Comamonadaceae",NA,NA
"ASV714","Bacteria","Pseudomonadota","Alphaproteobacteria","Micavibrionales",NA,NA,NA
"ASV715","Bacteria","Verrucomicrobiota","Verrucomicrobiia","Opitutales","Opitutaceae","Opitutus",NA
"ASV716","Bacteria","Myxococcota","Polyangiia","Haliangiales","Haliangiaceae",NA,NA
"ASV717","Bacteria","Pseudomonadota","Alphaproteobacteria","Rickettsiales","bac2nit3",NA,NA
"ASV718","Bacteria","Pseudomonadota","Gammaproteobacteria","Pseudomonadales","Pseudohongiellaceae","BIyi10",NA
"ASV719","Bacteria","Actinomycetota","Actinobacteria","Micrococcales","Micrococcaceae","Paeniglutamicibacter",NA
"ASV720","Bacteria","Abditibacteriota","Abditibacteriia","Abditibacteriales","Abditibacteriaceae","Abditibacterium",NA
"ASV721","Bacteria","Verrucomicrobiota","Verrucomicrobiia","Opitutales","Opitutaceae","Opitutus",NA
"ASV722","Bacteria","Verrucomicrobiota","Verrucomicrobiia","Verrucomicrobiales","Verrucomicrobiaceae","Prosthecobacter",NA
"ASV723","Bacteria","Bdellovibrionota","Oligoflexia","0319-6G20",NA,NA,NA
"ASV724","Bacteria","Pseudomonadota","Alphaproteobacteria","Micavibrionales",NA,NA,NA
"ASV725","Bacteria","Pseudomonadota","Gammaproteobacteria","Burkholderiales","Comamonadaceae","[Polyangium] brachysporum group",NA
"ASV726","Bacteria","Pseudomonadota","Alphaproteobacteria","Micropepsales","Micropepsaceae",NA,NA
"ASV727","Bacteria","Bacteroidota","Bacteroidia","Sphingobacteriales","env.OPS 17",NA,NA
"ASV728","Bacteria","Bacteroidota","Bacteroidia","Sphingobacteriales","NS11-12 marine group",NA,NA
"ASV729","Bacteria","Bacteroidota","Bacteroidia","Flavobacteriales","NS9 marine group",NA,NA
"ASV730","Bacteria","Pseudomonadota","Alphaproteobacteria","Sphingomonadales","Sphingomonadaceae","Hephaestia",NA
"ASV731","Bacteria","Pseudomonadota","Alphaproteobacteria",NA,NA,NA,NA
"ASV732","Bacteria","Bdellovibrionota","Oligoflexia","Oligoflexales","Oligoflexaceae",NA,NA
"ASV733","Bacteria","Pseudomonadota","Alphaproteobacteria","Micavibrionales",NA,NA,NA
"ASV734","Bacteria","Actinomycetota","Actinobacteria","Propionibacteriales","Propionibacteriaceae","Microlunatus",NA
"ASV735","Bacteria","Cyanobacteriota","Cyanobacteriia","Chloroplast",NA,NA,NA
"ASV736","Bacteria","Bacteroidota","Bacteroidia","Cytophagales","Spirosomataceae","Dyadobacter",NA
"ASV737","Bacteria","Bdellovibrionota","Bdellovibrionia","Bdellovibrionales","Pseudobdellovibrionaceae",NA,NA
"ASV738","Bacteria","Pseudomonadota","Alphaproteobacteria","Sphingomonadales","Sphingomonadaceae","Sphingobium",NA
"ASV739","Bacteria","Cyanobacteriota","Cyanobacteriia","Chloroplast",NA,NA,NA
"ASV740","Bacteria","Pseudomonadota","Alphaproteobacteria","Micavibrionales",NA,NA,NA
"ASV741","Bacteria","Pseudomonadota","Alphaproteobacteria","Azospirillales","Azospirillaceae",NA,NA
"ASV742","Bacteria","Bacteroidota","Bacteroidia","Sphingobacteriales","NS11-12 marine group",NA,NA
"ASV743","Bacteria","Pseudomonadota","Alphaproteobacteria","Rickettsiales","Mitochondria",NA,NA
"ASV744","Bacteria","Pseudomonadota","Gammaproteobacteria","Burkholderiales","Comamonadaceae",NA,NA
"ASV745","Bacteria","Actinomycetota","Actinobacteria","Propionibacteriales","Propionibacteriaceae","Microlunatus",NA
"ASV746","Bacteria","Pseudomonadota","Alphaproteobacteria","Rickettsiales","AB1",NA,NA
"ASV747","Bacteria","Patescibacteria","Saccharimonadia","Saccharimonadales","Saccharimonadaceae","TM7a",NA
"ASV748","Bacteria","Actinomycetota","Actinobacteria","Micrococcales","Microbacteriaceae","Rathayibacter",NA
"ASV749","Bacteria","Bacteroidota","Bacteroidia","Sphingobacteriales","Sphingobacteriaceae","Mucilaginibacter",NA
"ASV750","Bacteria","Pseudomonadota","Alphaproteobacteria","Rhodospirillales",NA,NA,NA
"ASV751","Bacteria","Bacteroidota","Bacteroidia","Cytophagales","Spirosomataceae","Arsenicibacter",NA
"ASV752","Bacteria","Armatimonadota",NA,NA,NA,NA,NA
"ASV753","Bacteria","Acidobacteriota","Acidobacteriae","Terriglobales","Acidobacteriaceae (Subgroup 1)","Terracidiphilus",NA
"ASV754","Bacteria","Pseudomonadota","Alphaproteobacteria","Caedibacterales","Caedibacteraceae","Candidatus Nucleicultrix",NA
"ASV755","Bacteria","Pseudomonadota","Alphaproteobacteria","Micavibrionales","Micavibrionaceae",NA,NA
"ASV756","Bacteria","Pseudomonadota","Gammaproteobacteria","CHAB-XI-27",NA,NA,NA
"ASV757","Bacteria","Bacteroidota","Bacteroidia","Sphingobacteriales","Sphingobacteriaceae","Pedobacter","lotistagni"
"ASV758","Bacteria","Pseudomonadota","Alphaproteobacteria","Rickettsiales","SM2D12",NA,NA
"ASV759","Bacteria","Cyanobacteriota","Cyanobacteriia","Chloroplast",NA,NA,NA
"ASV760","Bacteria","Patescibacteria","Saccharimonadia","Saccharimonadales","Saccharimonadaceae","TM7a",NA
"ASV761","Bacteria","Pseudomonadota","Gammaproteobacteria","Pseudomonadales","Pseudomonadaceae","Pseudomonas",NA
"ASV762","Bacteria","Bdellovibrionota","Bdellovibrionia","Bdellovibrionales","Pseudobdellovibrionaceae",NA,NA
"ASV763","Bacteria","Pseudomonadota","Gammaproteobacteria","Legionellales","Legionellaceae","Legionella",NA
"ASV764","Bacteria","Bacteroidota","Bacteroidia","Chitinophagales","Chitinophagaceae","Sediminibacterium",NA
"ASV765","Bacteria","Pseudomonadota","Alphaproteobacteria",NA,NA,NA,NA
"ASV766","Bacteria","Bacteroidota","Bacteroidia","Flavobacteriales","Flavobacteriaceae","Flavobacterium",NA
"ASV767","Bacteria","Pseudomonadota","Alphaproteobacteria","Caulobacterales","Caulobacteraceae",NA,NA
"ASV768","Bacteria","Cyanobacteriota","Sericytochromatia",NA,NA,NA,NA
"ASV769","Bacteria","Pseudomonadota","Gammaproteobacteria",NA,NA,NA,NA
"ASV770","Bacteria","Actinomycetota","Actinobacteria","Micrococcales","Microbacteriaceae","Microbacterium",NA
"ASV771","Bacteria","Pseudomonadota","Alphaproteobacteria","Rickettsiales","Midichloriaceae","Candidatus Jidaibacter",NA
"ASV772","Bacteria","Acidobacteriota","Vicinamibacteria","Vicinamibacterales","Vicinamibacteraceae",NA,NA
"ASV773","Bacteria","Bdellovibrionota","Oligoflexia","Oligoflexales","Oligoflexaceae","Oligoflexus",NA
"ASV774","Bacteria","Pseudomonadota","Alphaproteobacteria","Micavibrionales",NA,NA,NA
"ASV775","Bacteria","Pseudomonadota","Alphaproteobacteria","Caulobacterales","Caulobacteraceae","Caulobacter",NA
"ASV776","Bacteria","Pseudomonadota","Alphaproteobacteria","Rickettsiales","SM2D12",NA,NA
"ASV777","Bacteria","Bacteroidota","Bacteroidia","Cytophagales","Cytophagaceae","Cytophaga",NA
"ASV778","Bacteria","Actinomycetota","Actinobacteria","Mycobacteriales","Mycobacteriaceae","Mycobacterium",NA
"ASV779","Bacteria","Verrucomicrobiota","Verrucomicrobiia","Opitutales","Opitutaceae",NA,NA
"ASV780","Bacteria","Pseudomonadota","Alphaproteobacteria","Hyphomicrobiales","Rhizobiaceae","Mesorhizobium",NA
"ASV781","Bacteria","Pseudomonadota","Gammaproteobacteria","Burkholderiales","Comamonadaceae","Curvibacter",NA
"ASV782","Bacteria","Pseudomonadota","Gammaproteobacteria","Burkholderiales","Alcaligenaceae","Saccharedens",NA
"ASV783","Bacteria","Pseudomonadota","Alphaproteobacteria","Sphingomonadales","Sphingomonadaceae","Rhizorhabdus",NA
"ASV784","Bacteria","Verrucomicrobiota","Verrucomicrobiia","Opitutales","Opitutaceae","Opitutus",NA
"ASV785","Bacteria","Actinomycetota","Actinobacteria","Mycobacteriales","Mycobacteriaceae","Mycobacterium",NA
"ASV786","Bacteria","Pseudomonadota","Gammaproteobacteria","Burkholderiales","Comamonadaceae","Acidovorax",NA
"ASV787","Bacteria","Pseudomonadota","Alphaproteobacteria","Rhodospirillales","Rhodospirillaceae",NA,NA
"ASV788","Bacteria","Bacteroidota","Bacteroidia","Sphingobacteriales","Sphingobacteriaceae","Pedobacter","lignilitoris"
"ASV789","Bacteria","Bacteroidota","Bacteroidia","Flavobacteriales","Flavobacteriaceae","Flavobacterium",NA
"ASV790","Bacteria","Pseudomonadota","Gammaproteobacteria","Burkholderiales","Methylophilaceae","Methylobacillus",NA
"ASV791","Bacteria","Verrucomicrobiota","Verrucomicrobiia","Opitutales","Opitutaceae","Opitutus",NA
"ASV792","Bacteria","Chloroflexota","Chloroflexia","Thermomicrobiales","JG30-KF-CM45",NA,NA
"ASV793","Bacteria","Pseudomonadota","Alphaproteobacteria","Micropepsales","Micropepsaceae",NA,NA
"ASV794","Bacteria","Pseudomonadota","Alphaproteobacteria","Micavibrionales",NA,NA,NA
"ASV795","Bacteria","Bacteroidota","Bacteroidia","Sphingobacteriales","Sphingobacteriaceae","Pedobacter",NA
"ASV796","Bacteria","Pseudomonadota","Alphaproteobacteria","Acetobacterales","Acetobacteraceae",NA,NA
"ASV797","Bacteria","Bacteroidota","Bacteroidia","Chitinophagales","Chitinophagaceae","Arachidicoccus","rhizosphaerae"
"ASV798","Bacteria","Pseudomonadota","Alphaproteobacteria","Reyranellales","Reyranellaceae","Reyranella",NA
"ASV799","Bacteria","Pseudomonadota","Alphaproteobacteria","Caulobacterales","Caulobacteraceae","Caulobacter",NA
"ASV800","Bacteria","Pseudomonadota","Alphaproteobacteria","Sphingomonadales","Sphingomonadaceae","Croceicoccus",NA
"ASV801","Bacteria","Pseudomonadota","Gammaproteobacteria","Ga0077536",NA,NA,NA
"ASV802","Bacteria","Bacteroidota","Bacteroidia","Sphingobacteriales","Sphingobacteriaceae","Pedobacter","ginsengisoli"
"ASV803","Bacteria","Bacteroidota","Bacteroidia","Flavobacteriales","Flavobacteriaceae","Flavobacterium",NA
"ASV804","Bacteria","Patescibacteria","Parcubacteria",NA,NA,NA,NA
"ASV805","Bacteria","Pseudomonadota","Alphaproteobacteria","Micropepsales","Micropepsaceae",NA,NA
"ASV806","Bacteria","Myxococcota","Polyangiia","Polyangiales","BIrii41",NA,NA
"ASV807","Bacteria","Pseudomonadota","Gammaproteobacteria","Lysobacterales","Lysobacteraceae","Stenotrophomonas",NA
"ASV808","Bacteria","Pseudomonadota","Gammaproteobacteria","Burkholderiales","Comamonadaceae",NA,NA
"ASV809","Bacteria","Pseudomonadota","Gammaproteobacteria","Salinisphaerales","Nevskiaceae","Solimonas",NA
"ASV810","Bacteria","Bdellovibrionota","Bdellovibrionia","Bdellovibrionales","Pseudobdellovibrionaceae","Bdellovibrio",NA
"ASV811","Bacteria","Pseudomonadota","Gammaproteobacteria","Legionellales","Legionellaceae","Legionella",NA
"ASV812","Bacteria","Pseudomonadota","Gammaproteobacteria","Pseudomonadales","Cellvibrionaceae","Cellvibrio","zantedeschiae"
"ASV813","Bacteria","Pseudomonadota","Gammaproteobacteria","Rickettsiellales","Rickettsiellaceae","Aquicella",NA
"ASV814","Bacteria","Pseudomonadota","Alphaproteobacteria","Caulobacterales","Caulobacteraceae","Caulobacter",NA
"ASV815","Bacteria","Verrucomicrobiota","Verrucomicrobiia","Opitutales","Opitutaceae","Opitutus",NA
"ASV816","Bacteria","Gemmatimonadota","Longimicrobiia","Longimicrobiales","Longimicrobiaceae",NA,NA
"ASV817","Bacteria","Pseudomonadota","Alphaproteobacteria","Sphingomonadales","Sphingomonadaceae","Sphingobium",NA
"ASV818","Bacteria","Bacteroidota","Bacteroidia","Flavobacteriales","Crocinitomicaceae","Fluviicola",NA
"ASV819","Bacteria","Pseudomonadota","Gammaproteobacteria","Burkholderiales","Oxalobacteraceae","Massilia","timonae"
"ASV820","Bacteria","Pseudomonadota","Gammaproteobacteria","Pseudomonadales","Pseudomonadaceae","Pseudomonas",NA
"ASV821","Bacteria","Pseudomonadota","Gammaproteobacteria","Burkholderiales","Rhodocyclaceae","Denitratisoma","oestradiolicum"
"ASV822","Bacteria","Bacillota","Bacilli","Paenibacillales","Paenibacillaceae","Paenibacillus",NA
"ASV823","Bacteria","Acidobacteriota","Vicinamibacteria","Vicinamibacterales","Vicinamibacteraceae",NA,NA
"ASV824","Bacteria","Chloroflexota","Chloroflexia","Thermomicrobiales","JG30-KF-CM45",NA,NA
"ASV825","Bacteria","Cyanobacteriota","Vampirivibrionia","Obscuribacterales","Obscuribacteraceae",NA,NA
"ASV826","Bacteria","Pseudomonadota","Alphaproteobacteria","Hyphomicrobiales","Rhizobiaceae",NA,NA
"ASV827","Bacteria","Pseudomonadota","Gammaproteobacteria","Burkholderiales","Oxalobacteraceae","Actimicrobium",NA
"ASV828","Bacteria","Pseudomonadota","Gammaproteobacteria","Burkholderiales","Oxalobacteraceae","Massilia",NA
"ASV829","Bacteria","Actinomycetota","Actinobacteria","Micrococcales","Microbacteriaceae","Gryllotalpicola","reticulitermitis"
"ASV830","Bacteria","Pseudomonadota","Gammaproteobacteria","Burkholderiales","Oxalobacteraceae","Massilia","haematophila"
"ASV831","Bacteria","Pseudomonadota","Gammaproteobacteria","Burkholderiales","Comamonadaceae",NA,NA
"ASV832","Bacteria","Armatimonadota","Fimbriimonadia","Fimbriimonadales","Fimbriimonadaceae",NA,NA
"ASV833","Bacteria","Pseudomonadota","Alphaproteobacteria","Hyphomicrobiales","Xanthobacteraceae","Bradyrhizobium",NA
"ASV834","Bacteria","Pseudomonadota","Alphaproteobacteria","Micavibrionales",NA,NA,NA
"ASV835","Bacteria","Patescibacteria","Saccharimonadia","Saccharimonadales",NA,NA,NA
"ASV836","Bacteria","Actinomycetota","Actinobacteria","Micrococcales","Microbacteriaceae","Microbacterium",NA
"ASV837","Bacteria","Pseudomonadota","Gammaproteobacteria","Burkholderiales","Alcaligenaceae",NA,NA
"ASV838","Bacteria","Pseudomonadota","Alphaproteobacteria","Rickettsiales","SM2D12",NA,NA
"ASV839","Bacteria","Armatimonadota","Fimbriimonadia","Fimbriimonadales","Fimbriimonadaceae",NA,NA
"ASV840","Bacteria","Bacillota","Bacilli","Paenibacillales","Paenibacillaceae","Paenibacillus",NA
"ASV841","Bacteria","Dependentiae","Babeliae","Babeliales","Vermiphilaceae",NA,NA
"ASV842","Bacteria","Pseudomonadota","Gammaproteobacteria","Burkholderiales","Oxalobacteraceae","Oxalicibacterium",NA
"ASV843","Bacteria","Bacillota","Bacilli","Paenibacillales","Paenibacillaceae","Paenibacillus",NA
"ASV844","Bacteria","Bacteroidota","Bacteroidia","Chitinophagales","Chitinophagaceae","Nemorincola",NA
"ASV845","Bacteria","Pseudomonadota","Alphaproteobacteria","Rickettsiales","SM2D12",NA,NA
"ASV846","Bacteria","Actinomycetota","Actinobacteria",NA,NA,NA,NA
"ASV847","Bacteria","Pseudomonadota","Alphaproteobacteria","Dongiales","Dongiaceae","Dongia",NA
"ASV848","Bacteria","Verrucomicrobiota","Verrucomicrobiia","Opitutales","Opitutaceae","Oleiharenicola",NA
"ASV849","Bacteria","Pseudomonadota","Alphaproteobacteria","Sphingomonadales","Sphingomonadaceae","Rhizorhabdus",NA
"ASV850","Bacteria","Planctomycetota","Planctomycetes","Planctomycetales",NA,NA,NA
"ASV851","Bacteria","Pseudomonadota","Alphaproteobacteria","Reyranellales","Reyranellaceae","Reyranella",NA
"ASV852","Bacteria","Pseudomonadota","Alphaproteobacteria","Rickettsiales","Rickettsiaceae",NA,NA
"ASV853","Bacteria","Pseudomonadota","Gammaproteobacteria","Coxiellales","Coxiellaceae","Coxiella",NA
"ASV854","Bacteria","Pseudomonadota","Alphaproteobacteria","Sphingomonadales","Sphingomonadaceae","Novosphingobium",NA
"ASV855","Bacteria","Acidobacteriota","Acidobacteriae","Solibacterales","Solibacteraceae","Candidatus Solibacter",NA
"ASV856","Bacteria","Pseudomonadota","Gammaproteobacteria","Burkholderiales","Comamonadaceae","Acidovorax",NA
"ASV857","Bacteria","Bacteroidota","Bacteroidia","Flavobacteriales","Cryomorphaceae",NA,NA
"ASV858","Bacteria","Pseudomonadota","Gammaproteobacteria","Burkholderiales","Oxalobacteraceae","Duganella",NA
"ASV859","Bacteria","Bacteroidota","Bacteroidia","Sphingobacteriales","Sphingobacteriaceae","Mucilaginibacter",NA
"ASV860","Bacteria","Bdellovibrionota","Bdellovibrionia","Bdellovibrionales","Pseudobdellovibrionaceae","Bdellovibrio",NA
"ASV861","Bacteria","Pseudomonadota","Alphaproteobacteria","Hyphomicrobiales","Xanthobacteraceae",NA,NA
"ASV862","Bacteria","Bacillota","Bacilli","Paenibacillales","Paenibacillaceae","Paenibacillus",NA
"ASV863","Bacteria","Bdellovibrionota","Bdellovibrionia","Bdellovibrionales","Pseudobdellovibrionaceae",NA,NA
"ASV864","Bacteria","Actinomycetota","Actinobacteria","Micrococcales","Cellulomonadaceae","Cellulomonas",NA
"ASV865","Bacteria","Pseudomonadota","Alphaproteobacteria","Hyphomicrobiales","Rhizobiaceae","Agrobacterium",NA
"ASV866","Bacteria","Pseudomonadota","Gammaproteobacteria","Burkholderiales","Comamonadaceae","Delftia",NA
"ASV867","Bacteria","Bdellovibrionota","Oligoflexia","Oligoflexales","Oligoflexaceae","Oligoflexus",NA
"ASV868","Bacteria","Pseudomonadota","Gammaproteobacteria","Burkholderiales","Burkholderiaceae","Burkholderia-Caballeronia-Paraburkholderia",NA
"ASV869","Bacteria","Pseudomonadota","Alphaproteobacteria","Caulobacterales","Caulobacteraceae","Caulobacter",NA
"ASV870","Bacteria","Pseudomonadota","Alphaproteobacteria","Hyphomicrobiales","Xanthobacteraceae","Afipia","clevelandensis"
"ASV871","Bacteria","Actinomycetota","Acidimicrobiia","Microtrichales",NA,NA,NA
"ASV872","Bacteria","Pseudomonadota","Alphaproteobacteria","Rhodospirillales",NA,NA,NA
"ASV873","Bacteria","Pseudomonadota","Gammaproteobacteria","F9P41300-M23",NA,NA,NA
"ASV874","Bacteria","Bacteroidota","Bacteroidia","Sphingobacteriales","Sphingobacteriaceae",NA,NA
"ASV875","Bacteria","Pseudomonadota","Alphaproteobacteria","Hyphomicrobiales","Devosiaceae","Arsenicitalea",NA
"ASV876","Bacteria","Bacteroidota","Bacteroidia","Sphingobacteriales","Sphingobacteriaceae","Mucilaginibacter",NA
"ASV877","Bacteria","Bacteroidota","Bacteroidia","Chitinophagales","Chitinophagaceae","Dinghuibacter",NA
"ASV878","Bacteria","Cyanobacteriota","Vampirivibrionia","Obscuribacterales","Obscuribacteraceae","Candidatus Obscuribacter",NA
"ASV879","Bacteria","Pseudomonadota","Alphaproteobacteria","Hyphomicrobiales","Labraceae","Labrys",NA
"ASV880","Bacteria","Myxococcota","Polyangiia","Haliangiales","Haliangiaceae",NA,NA
"ASV881","Bacteria","Bacteroidota","Bacteroidia","Chitinophagales","Chitinophagaceae",NA,NA
"ASV882","Bacteria","Pseudomonadota","Gammaproteobacteria","Burkholderiales","Nitrosomonadaceae","Nitrosospira",NA
"ASV883","Bacteria","Pseudomonadota","Alphaproteobacteria","Sphingomonadales","Sphingomonadaceae","Sphingobium","yanoikuyae"
"ASV884","Bacteria","Pseudomonadota","Gammaproteobacteria","Salinisphaerales","Nevskiaceae","Solimonas",NA
"ASV885","Bacteria","Bacteroidota","Bacteroidia","Sphingobacteriales","NS11-12 marine group",NA,NA
"ASV886","Bacteria","Abditibacteriota","Abditibacteriia","Abditibacteriales","Abditibacteriaceae","Abditibacterium",NA
"ASV887","Bacteria","Chloroflexota","TK10",NA,NA,NA,NA
"ASV888","Bacteria","Bacteroidota","Bacteroidia","Chitinophagales","Chitinophagaceae","Taibaiella",NA
"ASV889","Bacteria","Acidobacteriota","Vicinamibacteria","Vicinamibacterales","Vicinamibacteraceae",NA,NA
"ASV890","Bacteria","Bdellovibrionota","Bdellovibrionia","Bdellovibrionales","Pseudobdellovibrionaceae","Bdellovibrio",NA
"ASV891","Bacteria","Actinomycetota","Actinobacteria","Micrococcales","Microbacteriaceae","Microbacterium",NA
"ASV892","Bacteria","Pseudomonadota","Alphaproteobacteria","Hyphomicrobiales","Xanthobacteraceae",NA,NA
"ASV893","Bacteria","Pseudomonadota","Gammaproteobacteria","Lysobacterales","Lysobacteraceae","Thermomonas",NA
"ASV894","Bacteria","Bacteroidota","Bacteroidia","Chitinophagales","Chitinophagaceae","Chitinophaga","taiwanensis"
"ASV895","Bacteria","Pseudomonadota","Alphaproteobacteria","Micavibrionales",NA,NA,NA
"ASV896","Bacteria","Pseudomonadota","Gammaproteobacteria","Pseudomonadales","Pseudomonadaceae","Pseudomonas",NA
"ASV897","Bacteria","Pseudomonadota","Alphaproteobacteria",NA,NA,NA,NA
"ASV898","Bacteria","Nitrospirota","Nitrospiria","Nitrospirales","Nitrospiraceae","Nitrospira","defluvii"
"ASV899","Bacteria","Pseudomonadota","Gammaproteobacteria",NA,NA,NA,NA
"ASV900","Bacteria","Pseudomonadota","Alphaproteobacteria","Micropepsales","Micropepsaceae",NA,NA
"ASV901","Bacteria","Patescibacteria","Saccharimonadia","Saccharimonadales","LWQ8",NA,NA
"ASV902","Bacteria","Pseudomonadota","Gammaproteobacteria","Burkholderiales","Alcaligenaceae","Castellaniella",NA
"ASV903","Bacteria","Pseudomonadota","Gammaproteobacteria","Rickettsiellales","Rickettsiellaceae","Aquicella",NA
"ASV904","Bacteria","Pseudomonadota","Alphaproteobacteria","Caulobacterales","Caulobacteraceae","Caulobacter",NA
"ASV905","Bacteria","Bdellovibrionota","Bdellovibrionia","Bdellovibrionales","Pseudobdellovibrionaceae","Bdellovibrio",NA
"ASV906","Bacteria","Pseudomonadota","Alphaproteobacteria","Rickettsiales","Mitochondria",NA,NA
"ASV907","Bacteria","Pseudomonadota","Alphaproteobacteria","Sphingomonadales","Sphingomonadaceae","Sphingobium","herbicidovorans"
"ASV908","Bacteria","Pseudomonadota","Alphaproteobacteria","Azospirillales","Azospirillaceae",NA,NA
"ASV909","Bacteria","Acidobacteriota","Vicinamibacteria","Vicinamibacterales","Vicinamibacteraceae",NA,NA
"ASV910","Bacteria","Bacillota","Bacilli","Paenibacillales","Paenibacillaceae","Paenibacillus",NA
"ASV911","Bacteria","Pseudomonadota","Alphaproteobacteria","Acetobacterales","Acetobacteraceae",NA,NA
"ASV912","Bacteria","Bacteroidota","Bacteroidia","Sphingobacteriales","Sphingobacteriaceae","Mucilaginibacter",NA
"ASV913","Bacteria","Actinomycetota","Actinobacteria","Mycobacteriales","Nocardiaceae","Nocardia",NA
"ASV914","Bacteria","Bdellovibrionota","Bdellovibrionia","Bdellovibrionales","Pseudobdellovibrionaceae","OM27 clade",NA
"ASV915","Bacteria","Pseudomonadota","Alphaproteobacteria","Micavibrionales",NA,NA,NA
"ASV916","Bacteria","Bacillota","Bacilli","Paenibacillales","Paenibacillaceae",NA,NA
"ASV917","Bacteria","Pseudomonadota","Gammaproteobacteria","Pseudomonadales","Halomonadaceae","Halomonas",NA
"ASV918","Bacteria","Pseudomonadota","Alphaproteobacteria","Hyphomicrobiales","Kaistiaceae","Kaistia",NA
"ASV919","Bacteria","Bacillota","Bacilli","Paenibacillales","Paenibacillaceae","Marinicrinis",NA
"ASV920","Bacteria","Pseudomonadota","Alphaproteobacteria","Micavibrionales","Micavibrionaceae","Micavibrio",NA
"ASV921","Bacteria","Patescibacteria","Saccharimonadia","Saccharimonadales",NA,NA,NA
"ASV922","Bacteria","Pseudomonadota","Gammaproteobacteria","Salinisphaerales","Nevskiaceae","Nevskia","ramosa"
"ASV923","Bacteria","Pseudomonadota","Alphaproteobacteria","Hyphomicrobiales","Devosiaceae",NA,NA
"ASV924","Bacteria","Actinomycetota","Actinobacteria","Streptosporangiales","Thermomonosporaceae","Actinoallomurus",NA
"ASV925","Bacteria","Actinomycetota","Actinobacteria","Kitasatosporales","Streptomycetaceae","Streptomyces",NA
"ASV926","Bacteria","Ignavibacteriota","Ignavibacteria","Ignavibacteriales","Ignavibacteriaceae","Ignavibacterium",NA
"ASV927","Bacteria","Pseudomonadota","Alphaproteobacteria","Rickettsiales","AB1",NA,NA
"ASV928","Bacteria","Pseudomonadota","Alphaproteobacteria","Sphingomonadales","Sphingomonadaceae","Novosphingobium","subterraneum"
"ASV929","Bacteria","Bacteroidota","Bacteroidia","Flavobacteriales","Flavobacteriaceae","Flavobacterium",NA
"ASV930","Bacteria","Bacteroidota","Bacteroidia","Sphingobacteriales","Sphingobacteriaceae","Mucilaginibacter","frigoritolerans"
"ASV931","Bacteria","Verrucomicrobiota","Verrucomicrobiia","Pedosphaerales","Pedosphaeraceae","Pedosphaera",NA
"ASV932","Bacteria","Pseudomonadota","Alphaproteobacteria","Hyphomicrobiales","Rhizobiaceae","Aureimonas",NA
"ASV933","Bacteria","Actinomycetota","Actinobacteria","Micromonosporales","Micromonosporaceae","Micromonospora",NA
"ASV934","Bacteria","Myxococcota","Polyangiia","Polyangiales","BIrii41",NA,NA
"ASV935","Bacteria","Bacillota","Bacilli","Paenibacillales","Paenibacillaceae",NA,NA
"ASV936","Bacteria","Gemmatimonadota","S0134 terrestrial group",NA,NA,NA,NA
"ASV937","Bacteria","Pseudomonadota","Gammaproteobacteria","Burkholderiales","Neisseriaceae",NA,NA
"ASV938","Bacteria","Pseudomonadota","Alphaproteobacteria","Rickettsiales","Mitochondria",NA,NA
"ASV939","Bacteria","Pseudomonadota","Gammaproteobacteria","Burkholderiales","Oxalobacteraceae",NA,NA
"ASV940","Bacteria","Pseudomonadota","Alphaproteobacteria","Micropepsales","Micropepsaceae",NA,NA
"ASV941","Bacteria","Pseudomonadota","Alphaproteobacteria","Micropepsales","Micropepsaceae",NA,NA
"ASV942","Bacteria","Bdellovibrionota","Bacteriovoracia","Bacteriovoracales","Bacteriovoracaceae","Peredibacter",NA
"ASV943","Bacteria","Pseudomonadota","Alphaproteobacteria","Hyphomicrobiales","Xanthobacteraceae","Nitrobacter",NA
"ASV944","Bacteria","Pseudomonadota","Alphaproteobacteria","Caulobacterales","Caulobacteraceae","Phenylobacterium","muchangponense"
"ASV945","Bacteria","Pseudomonadota","Alphaproteobacteria","Caulobacterales","Caulobacteraceae","Caulobacter",NA
"ASV946","Bacteria","Bacteroidota","Bacteroidia","Cytophagales","Cytophagaceae","Cytophaga",NA
"ASV947","Bacteria","Verrucomicrobiota","Verrucomicrobiia","Opitutales","Opitutaceae","Cephaloticoccus",NA
"ASV948","Bacteria","Pseudomonadota","Alphaproteobacteria","Sphingomonadales","Sphingomonadaceae","Novosphingobium",NA
"ASV949","Bacteria","Pseudomonadota","Alphaproteobacteria","Caulobacterales","Caulobacteraceae","Phenylobacterium",NA
"ASV950","Bacteria","Actinomycetota","Thermoleophilia","Solirubrobacterales","Solirubrobacteraceae","Conexibacter",NA
"ASV951","Bacteria","Actinomycetota","Actinobacteria","Catenulisporales","Actinospicaceae","Actinospica",NA
"ASV952","Bacteria","Pseudomonadota","Alphaproteobacteria","Hyphomicrobiales","Rhizobiaceae","Endobacterium",NA
"ASV953","Bacteria","Pseudomonadota","Gammaproteobacteria","Rickettsiellales","Rickettsiellaceae",NA,NA
"ASV954","Bacteria","Planctomycetota","Planctomycetes","Pirellulales","Pirellulaceae",NA,NA
"ASV955","Bacteria","Pseudomonadota","Alphaproteobacteria","Elsterales",NA,NA,NA
"ASV956","Bacteria","Acidobacteriota","Acidobacteriae","Terriglobales","Acidobacteriaceae (Subgroup 1)","Granulicella",NA
"ASV957","Bacteria","Bacillota","Bacilli","Paenibacillales","Paenibacillaceae","Paenibacillus",NA
"ASV958","Bacteria","Bacteroidota","Bacteroidia","Chitinophagales","Chitinophagaceae","Taibaiella","smilacinae"
"ASV959","Bacteria","Pseudomonadota","Alphaproteobacteria","Azospirillales","Inquilinaceae","Inquilinus",NA
"ASV960","Bacteria","Patescibacteria","Saccharimonadia","Saccharimonadales","Saccharimonadaceae","TM7a",NA
"ASV961","Bacteria","Bacteroidota","Bacteroidia","Chitinophagales","Chitinophagaceae","Puia",NA
"ASV962","Bacteria","Bacteroidota","Bacteroidia","Chitinophagales","Chitinophagaceae","Terrimonas",NA
"ASV963","Bacteria","Bacteroidota","Bacteroidia","Chitinophagales","Chitinophagaceae","Arachidicoccus",NA
"ASV964","Bacteria","Patescibacteria","Saccharimonadia","Saccharimonadales","Saccharimonadaceae","TM7a",NA
"ASV965","Bacteria","Cyanobacteriota","Sericytochromatia",NA,NA,NA,NA
"ASV966","Bacteria","Bacteroidota","Bacteroidia","Chitinophagales","Chitinophagaceae",NA,NA
"ASV967","Bacteria","Pseudomonadota","Alphaproteobacteria",NA,NA,NA,NA
"ASV968","Bacteria","Bacteroidota","Bacteroidia","Chitinophagales","Chitinophagaceae","Chitinophaga",NA
"ASV969","Bacteria","Patescibacteria","Saccharimonadia","Saccharimonadales","Saccharimonadaceae","TM7a",NA
"ASV970","Bacteria","Candidatus Eremiobacterota","Eremiobacteria",NA,NA,NA,NA
"ASV971","Bacteria","Actinomycetota","Actinobacteria","Streptosporangiales","Thermomonosporaceae","Actinoallomurus","oryzae"
"ASV972","Bacteria","Bacteroidota","Bacteroidia","Sphingobacteriales","Sphingobacteriaceae","Daejeonella",NA
"ASV973","Bacteria","Pseudomonadota","Alphaproteobacteria","Rickettsiales","SM2D12",NA,NA
"ASV974","Bacteria","Actinomycetota","Actinobacteria","Propionibacteriales","Nocardioidaceae","Nocardioides",NA
"ASV975","Bacteria","Bdellovibrionota","Bdellovibrionia","Bdellovibrionales","Pseudobdellovibrionaceae",NA,NA
"ASV976","Bacteria","Patescibacteria","Saccharimonadia","Saccharimonadales",NA,NA,NA
"ASV977","Bacteria","Patescibacteria","Saccharimonadia","Saccharimonadales",NA,NA,NA
"ASV978","Bacteria","Pseudomonadota","Alphaproteobacteria","Rickettsiales","Rickettsiaceae",NA,NA
"ASV979","Bacteria","Pseudomonadota","Gammaproteobacteria","Rickettsiellales","Rickettsiellaceae",NA,NA
"ASV980","Bacteria","Bacteroidota","Bacteroidia","Chitinophagales","Chitinophagaceae","Chitinophaga",NA
"ASV981","Bacteria","Actinomycetota","Actinobacteria","Streptosporangiales","Thermomonosporaceae","Actinomadura",NA
"ASV982","Bacteria","Bdellovibrionota","Oligoflexia","0319-6G20",NA,NA,NA
"ASV983","Bacteria","Pseudomonadota","Alphaproteobacteria","Hyphomicrobiales",NA,NA,NA
"ASV984","Bacteria","Pseudomonadota","Alphaproteobacteria","Holosporales","Holosporaceae",NA,NA
"ASV985","Bacteria","Pseudomonadota","Gammaproteobacteria","Burkholderiales","Neisseriaceae",NA,NA
"ASV986","Bacteria","Pseudomonadota","Alphaproteobacteria","Micropepsales","Micropepsaceae",NA,NA
"ASV987","Bacteria","Pseudomonadota","Gammaproteobacteria","Legionellales","Legionellaceae","Legionella",NA
"ASV988","Bacteria","Patescibacteria","Parcubacteria","Candidatus Moranbacteria",NA,NA,NA
"ASV989","Bacteria","Pseudomonadota","Alphaproteobacteria","Caulobacterales","Caulobacteraceae",NA,NA
"ASV990","Bacteria","Pseudomonadota","Gammaproteobacteria","Burkholderiales","Rhodocyclaceae","Denitratisoma",NA
"ASV991","Bacteria","Pseudomonadota","Alphaproteobacteria","Caulobacterales","Caulobacteraceae","Phenylobacterium",NA
"ASV992","Bacteria","Pseudomonadota","Gammaproteobacteria","Burkholderiales","Alcaligenaceae","Achromobacter",NA
"ASV993","Bacteria","Pseudomonadota","Alphaproteobacteria","Hyphomicrobiales","Rhizobiaceae",NA,NA
"ASV994","Bacteria","Bacteroidota","Bacteroidia","Cytophagales","Spirosomataceae","Dyadobacter",NA
"ASV995","Bacteria","Pseudomonadota","Alphaproteobacteria","Hyphomicrobiales","Devosiaceae","Devosia","limi"
"ASV996","Bacteria","Planctomycetota","Planctomycetes","Planctomycetales",NA,NA,NA
"ASV997","Bacteria","Pseudomonadota","Alphaproteobacteria","Rickettsiales","Rickettsiaceae",NA,NA
"ASV998","Bacteria","Bacillota","Clostridia","Incertae Sedis","Gracilibacteraceae","Gracilibacter",NA
"ASV999","Bacteria","Pseudomonadota","Gammaproteobacteria","F9P41300-M23",NA,NA,NA
"ASV1000","Bacteria","Bacteroidota","Bacteroidia","Chitinophagales","Chitinophagaceae","Sediminibacterium","salmoneum"
"ASV1001","Bacteria","Bacillota","Bacilli","Paenibacillales","Paenibacillaceae","Paenibacillus",NA
"ASV1002","Bacteria","Pseudomonadota","Gammaproteobacteria",NA,NA,NA,NA
"ASV1003","Bacteria","Pseudomonadota","Gammaproteobacteria","Pseudomonadales","Pseudomonadaceae","Pseudomonas","fulva"
"ASV1004","Bacteria","Pseudomonadota","Alphaproteobacteria","Hyphomicrobiales","Xanthobacteraceae","Afipia",NA
"ASV1005","Bacteria","Bdellovibrionota","Oligoflexia","0319-6G20",NA,NA,NA
"ASV1006","Bacteria","Pseudomonadota","Gammaproteobacteria",NA,NA,NA,NA
"ASV1007","Bacteria","Patescibacteria","Parcubacteria","Candidatus Azambacteria",NA,NA,NA
"ASV1008","Bacteria","Pseudomonadota","Alphaproteobacteria","Rhodospirillales","Rhodospirillaceae",NA,NA
"ASV1009","Bacteria","Armatimonadota","Fimbriimonadia","Fimbriimonadales","Fimbriimonadaceae",NA,NA
"ASV1010","Bacteria","Bacteroidota","Bacteroidia","Sphingobacteriales","Sphingobacteriaceae","Pelobium",NA
"ASV1011","Bacteria","Pseudomonadota","Gammaproteobacteria","Rickettsiellales","Rickettsiellaceae",NA,NA
"ASV1012","Bacteria","Actinomycetota","Actinobacteria","Micrococcales","Microbacteriaceae","Frondihabitans","sucicola"
"ASV1013","Bacteria","Pseudomonadota","Alphaproteobacteria","Rickettsiales","Rickettsiaceae",NA,NA
"ASV1014","Bacteria","Actinomycetota","Actinobacteria","Micrococcales","Microbacteriaceae","Gryllotalpicola",NA
"ASV1015","Bacteria","Pseudomonadota","Alphaproteobacteria","Rhodospirillales","Rhodospirillaceae",NA,NA
"ASV1016","Bacteria","Pseudomonadota","Alphaproteobacteria","Elsterales",NA,NA,NA
"ASV1017","Bacteria","Bacteroidota","Bacteroidia","Sphingobacteriales","Sphingobacteriaceae","Daejeonella",NA
"ASV1018","Bacteria","Pseudomonadota","Gammaproteobacteria","Burkholderiales","Alcaligenaceae",NA,NA
"ASV1019","Bacteria","Pseudomonadota","Alphaproteobacteria","Rhodospirillales",NA,NA,NA
"ASV1020","Bacteria","Pseudomonadota","Gammaproteobacteria","Rickettsiellales","Rickettsiellaceae",NA,NA
"ASV1021","Bacteria","Pseudomonadota","Gammaproteobacteria","Burkholderiales","TRA3-20",NA,NA
"ASV1022","Bacteria","Cyanobacteriota","Sericytochromatia",NA,NA,NA,NA
"ASV1023","Bacteria","Pseudomonadota","Gammaproteobacteria","Burkholderiales","Burkholderiaceae","Burkholderia-Caballeronia-Paraburkholderia",NA
"ASV1024","Bacteria","Actinomycetota","Thermoleophilia","Solirubrobacterales","Solirubrobacteraceae","Conexibacter",NA
"ASV1025","Bacteria","Bacillota","Bacilli","Paenibacillales","Paenibacillaceae","Paenibacillus",NA
"ASV1026","Bacteria","Verrucomicrobiota","Verrucomicrobiia","Verrucomicrobiales","Verrucomicrobiaceae","Prosthecobacter",NA
"ASV1027","Bacteria","Bdellovibrionota","Bdellovibrionia","Bdellovibrionales","Pseudobdellovibrionaceae",NA,NA
"ASV1028","Bacteria","Actinomycetota","Actinobacteria","Micrococcales","Microbacteriaceae","Gryllotalpicola",NA
"ASV1029","Bacteria","Pseudomonadota","Gammaproteobacteria","Burkholderiales","Nitrosomonadaceae",NA,NA
"ASV1030","Bacteria","Pseudomonadota","Alphaproteobacteria","Hyphomicrobiales","Rhizobiaceae","Aminobacter",NA
"ASV1031","Bacteria","Bacteroidota","Bacteroidia","Chitinophagales","Chitinophagaceae","Nemorincola",NA
"ASV1032","Bacteria","Myxococcota","Polyangiia","Blfdi19",NA,NA,NA
"ASV1033","Bacteria","Pseudomonadota","Alphaproteobacteria","Caulobacterales","Caulobacteraceae",NA,NA
"ASV1034","Bacteria","Bdellovibrionota","Oligoflexia","Silvanigrellales","Silvanigrellaceae",NA,NA
"ASV1035","Bacteria","Pseudomonadota","Gammaproteobacteria","Burkholderiales","Alcaligenaceae","Verticiella",NA
"ASV1036","Bacteria","Cyanobacteriota","Sericytochromatia",NA,NA,NA,NA
"ASV1037","Bacteria","Acidobacteriota","Acidobacteriae","Solibacterales","Solibacteraceae","Candidatus Solibacter",NA
"ASV1038","Bacteria","Pseudomonadota","Alphaproteobacteria","Rickettsiales","Rickettsiaceae",NA,NA
"ASV1039","Bacteria","Pseudomonadota","Alphaproteobacteria","Ferrovibrionales","Ferrovibrionaceae","Ferrovibrio",NA
"ASV1040","Bacteria","Pseudomonadota","Alphaproteobacteria","Hyphomicrobiales","Rhizobiaceae","Pseudaminobacter",NA
"ASV1041","Bacteria","Bdellovibrionota","Bdellovibrionia","Bdellovibrionales","Pseudobdellovibrionaceae",NA,NA
"ASV1042","Bacteria","Pseudomonadota","Gammaproteobacteria","Lysobacterales","Lysobacteraceae","Pseudoxanthomonas","mexicana"
"ASV1043","Bacteria","Pseudomonadota","Alphaproteobacteria","Hyphomicrobiales","Hyphomicrobiaceae","Hyphomicrobium",NA
"ASV1044","Bacteria","Bdellovibrionota","Oligoflexia","Silvanigrellales","Silvanigrellaceae",NA,NA
"ASV1045","Bacteria","Actinomycetota","Thermoleophilia","Solirubrobacterales","Solirubrobacteraceae","Baekduia",NA
"ASV1046","Bacteria","Bacteroidota","Bacteroidia","Cytophagales","Spirosomataceae","Dyadobacter",NA
"ASV1047","Bacteria","Dependentiae","Babeliae","Babeliales","Babeliaceae",NA,NA
"ASV1048","Bacteria","Bacteroidota","Bacteroidia","Sphingobacteriales","Sphingobacteriaceae","Mucilaginibacter",NA
"ASV1049","Bacteria","Abditibacteriota","Abditibacteriia","Abditibacteriales","Abditibacteriaceae","Abditibacterium",NA
"ASV1050","Bacteria","Pseudomonadota","Alphaproteobacteria","Elsterales","Elsteraceae",NA,NA
"ASV1051","Bacteria","Pseudomonadota","Gammaproteobacteria","Legionellales","Legionellaceae","Legionella",NA
"ASV1052","Bacteria","Bdellovibrionota","Bdellovibrionia","Bdellovibrionales","Pseudobdellovibrionaceae","Pseudobdellovibrio",NA
"ASV1053","Bacteria","Bacteroidota","Bacteroidia","Sphingobacteriales","Sphingobacteriaceae","Pedobacter",NA
"ASV1054","Bacteria","Verrucomicrobiota","Verrucomicrobiia","Chthoniobacterales","Chthoniobacteraceae","Chthoniobacter",NA
"ASV1055","Bacteria","Pseudomonadota","Alphaproteobacteria","Paracaedibacterales","Paracaedibacteraceae","Candidatus Paracaedibacter",NA
"ASV1056","Bacteria","Bacteroidota","Bacteroidia","Cytophagales","Spirosomataceae","Dyadobacter","jiangsuensis"
"ASV1057","Bacteria","Actinomycetota","Actinobacteria","Micrococcales","Promicromonosporaceae","Promicromonospora",NA
"ASV1058","Bacteria","Pseudomonadota","Gammaproteobacteria","Pseudomonadales","Pseudomonadaceae","Pseudomonas","alcaligenes"
"ASV1059","Bacteria","Bacteroidota","Bacteroidia","Flavobacteriales","Flavobacteriaceae","Flavobacterium",NA
"ASV1060","Bacteria","Abditibacteriota","Abditibacteriia","Abditibacteriales","Abditibacteriaceae","Abditibacterium",NA
"ASV1061","Bacteria","Pseudomonadota","Alphaproteobacteria","Micavibrionales","Micavibrionaceae",NA,NA
"ASV1062","Bacteria","Bacteroidota","Bacteroidia","Sphingobacteriales","KD3-93",NA,NA
"ASV1063","Bacteria","Bacteroidota","Bacteroidia","Chitinophagales","Chitinophagaceae","Flavihumibacter",NA
"ASV1064","Bacteria","Cyanobacteriota","Vampirivibrionia","Caenarcaniphilales",NA,NA,NA
"ASV1065","Bacteria","Pseudomonadota","Gammaproteobacteria","Piscirickettsiales","Piscirickettsiaceae","Candidatus Endoecteinascidia",NA
"ASV1066","Bacteria","Pseudomonadota","Alphaproteobacteria","Dongiales","Dongiaceae","Dongia",NA
"ASV1067","Bacteria","Pseudomonadota","Alphaproteobacteria","Acetobacterales","Acetobacteraceae",NA,NA
"ASV1068","Bacteria","Pseudomonadota","Gammaproteobacteria","Pseudomonadales","Pseudomonadaceae","Pseudomonas",NA
"ASV1069","Bacteria","Pseudomonadota","Gammaproteobacteria","Lysobacterales","Lysobacteraceae","Lysobacter",NA
"ASV1070","Bacteria","Patescibacteria","Parcubacteria","Candidatus Kaiserbacteria",NA,NA,NA
"ASV1071","Bacteria","Pseudomonadota","Alphaproteobacteria","Paracaedibacterales","Paracaedibacteraceae","Candidatus Paracaedibacter",NA
"ASV1072","Bacteria","Pseudomonadota","Gammaproteobacteria","Legionellales","Legionellaceae",NA,NA
"ASV1073","Bacteria","Verrucomicrobiota","Verrucomicrobiia","Pedosphaerales","Pedosphaeraceae",NA,NA
"ASV1074","Bacteria","Verrucomicrobiota","Verrucomicrobiia","Verrucomicrobiales","Rubritaleaceae","Luteolibacter",NA
"ASV1075","Bacteria","Pseudomonadota","Alphaproteobacteria","Micavibrionales",NA,NA,NA
"ASV1076","Bacteria","Pseudomonadota","Alphaproteobacteria","Rhodospirillales","Magnetospiraceae",NA,NA
"ASV1077","Bacteria","Pseudomonadota","Alphaproteobacteria","Rickettsiales","SM2D12",NA,NA
"ASV1078","Bacteria",NA,NA,NA,NA,NA,NA
"ASV1079","Bacteria","Bacteroidota","Bacteroidia","Chitinophagales","Chitinophagaceae","Flavitalea",NA
"ASV1080","Bacteria","Pseudomonadota","Alphaproteobacteria","Micropepsales","Micropepsaceae",NA,NA
"ASV1081","Bacteria","Pseudomonadota","Alphaproteobacteria","Hyphomicrobiales","Xanthobacteraceae",NA,NA
"ASV1082","Bacteria","Pseudomonadota","Alphaproteobacteria","Sphingomonadales","Sphingomonadaceae","Croceicoccus",NA
"ASV1083","Bacteria","Bdellovibrionota","Bdellovibrionia","Bdellovibrionales","Pseudobdellovibrionaceae","Pseudobdellovibrio",NA
"ASV1084","Bacteria","Pseudomonadota","Alphaproteobacteria","Rhodospirillales",NA,NA,NA
"ASV1085","Bacteria","Pseudomonadota","Alphaproteobacteria","Hyphomicrobiales","Devosiaceae",NA,NA
"ASV1086","Bacteria","Verrucomicrobiota","Verrucomicrobiia","Opitutales","Opitutaceae","Opitutus",NA
"ASV1087","Bacteria","Pseudomonadota","Gammaproteobacteria","Burkholderiales","Comamonadaceae","Caldimonas",NA
"ASV1088","Bacteria","Actinomycetota","Actinobacteria","Propionibacteriales","Nocardioidaceae","Nocardioides",NA
"ASV1089","Bacteria","Verrucomicrobiota","Verrucomicrobiia","Pedosphaerales","Pedosphaeraceae","Ellin517",NA
"ASV1090","Bacteria","Pseudomonadota","Alphaproteobacteria","Micavibrionales",NA,NA,NA
"ASV1091","Bacteria","Thermodesulfobacteriota","Desulfuromonadia","PB19",NA,NA,NA
"ASV1092","Bacteria","Patescibacteria","Gracilibacteria","Candidatus Peribacteria",NA,NA,NA
"ASV1093","Bacteria","Pseudomonadota","Gammaproteobacteria","Gammaproteobacteria Incertae Sedis","Unknown Family","Candidatus Ovatusbacter",NA
"ASV1094","Bacteria","Bdellovibrionota","Bdellovibrionia","Bdellovibrionales","Pseudobdellovibrionaceae",NA,NA
"ASV1095","Bacteria","Bdellovibrionota","Bdellovibrionia","Bdellovibrionales","Pseudobdellovibrionaceae",NA,NA
"ASV1096","Bacteria","Verrucomicrobiota","Verrucomicrobiia","Opitutales","Opitutaceae","Opitutus",NA
"ASV1097","Bacteria","Pseudomonadota","Gammaproteobacteria","Burkholderiales","Comamonadaceae","Hydrogenophaga",NA
"ASV1098","Bacteria","Dependentiae","Babeliae","Babeliales",NA,NA,NA
"ASV1099","Bacteria","Bacteroidota","Bacteroidia","Flavobacteriales","Weeksellaceae","Chryseobacterium",NA
"ASV1100","Bacteria","Pseudomonadota","Gammaproteobacteria","Burkholderiales","Comamonadaceae","Rhodoferax","saidenbachensis"
"ASV1101","Bacteria","Pseudomonadota","Alphaproteobacteria","Azospirillales","Azospirillaceae",NA,NA
"ASV1102","Bacteria","Pseudomonadota","Alphaproteobacteria","Hyphomicrobiales","Rhizobiaceae","Agrobacterium",NA
"ASV1103","Bacteria","Pseudomonadota","Alphaproteobacteria",NA,NA,NA,NA
"ASV1104","Bacteria","Pseudomonadota","Gammaproteobacteria","Burkholderiales","Oxalobacteraceae","Noviherbaspirillum","suwonense"
"ASV1105","Bacteria","Bacteroidota","Bacteroidia","Flavobacteriales","Flavobacteriaceae","Flavobacterium",NA
"ASV1106","Bacteria","Chlamydiota","Chlamydiia","Chlamydiales","Simkaniaceae",NA,NA
"ASV1107","Bacteria","Patescibacteria","Saccharimonadia","Saccharimonadales","Saccharimonadaceae","TM7a",NA
"ASV1108","Bacteria","Actinomycetota","Actinobacteria","Micrococcales",NA,NA,NA
"ASV1109","Bacteria","Pseudomonadota","Alphaproteobacteria","Hyphomicrobiales","Hyphomicrobiales Incertae Sedis","Bauldia",NA
"ASV1110","Bacteria","Pseudomonadota","Gammaproteobacteria","Burkholderiales","Oxalobacteraceae",NA,NA
"ASV1111","Bacteria","Pseudomonadota","Alphaproteobacteria","Hyphomicrobiales","Rhizobiaceae",NA,NA
"ASV1112","Bacteria","Patescibacteria","Saccharimonadia","Saccharimonadales",NA,NA,NA
"ASV1113","Bacteria","Pseudomonadota","Alphaproteobacteria","Caulobacterales","Caulobacteraceae","Brevundimonas",NA
"ASV1114","Bacteria","Pseudomonadota","Gammaproteobacteria","Lysobacterales","Rhodanobacteraceae","Dyella","ginsengisoli"
"ASV1115","Bacteria","Pseudomonadota","Alphaproteobacteria","Caulobacterales","Caulobacteraceae","Caulobacter",NA
"ASV1116","Bacteria","Bacteroidota","Bacteroidia","Cytophagales","Spirosomataceae","Spirosoma","aerolatum"
"ASV1117","Bacteria","Pseudomonadota","Gammaproteobacteria","Burkholderiales","Comamonadaceae","Aquabacterium",NA
"ASV1118","Bacteria","Patescibacteria","Saccharimonadia","Saccharimonadales","LWQ8",NA,NA
"ASV1119","Bacteria","Pseudomonadota","Alphaproteobacteria","Rickettsiales","Rickettsiaceae","Candidatus Trichorickettsia",NA
"ASV1120","Bacteria","Planctomycetota","Planctomycetes","Pirellulales","Pirellulaceae",NA,NA
"ASV1121","Bacteria","Pseudomonadota","Gammaproteobacteria","Rickettsiellales","Rickettsiellaceae",NA,NA
"ASV1122","Bacteria","Actinomycetota","Actinobacteria","Micrococcales","Cellulomonadaceae","Cellulomonas",NA
"ASV1123","Bacteria","Pseudomonadota","Gammaproteobacteria","Burkholderiales","Burkholderiaceae","Burkholderia-Caballeronia-Paraburkholderia",NA
"ASV1124","Bacteria","Pseudomonadota","Alphaproteobacteria","Micropepsales","Micropepsaceae",NA,NA
"ASV1125","Bacteria","Actinomycetota","Actinobacteria","Micrococcales",NA,NA,NA
"ASV1126","Bacteria","Pseudomonadota","Alphaproteobacteria","Hyphomicrobiales","Xanthobacteraceae","Rhodopseudomonas",NA
"ASV1127","Bacteria","Patescibacteria","Saccharimonadia","Saccharimonadales","Saccharimonadaceae","TM7a",NA
"ASV1128","Bacteria","Pseudomonadota","Alphaproteobacteria","Rickettsiales","Mitochondria",NA,NA
"ASV1129","Bacteria","Chlamydiota","Chlamydiia","Chlamydiales","Parachlamydiaceae","Candidatus Protochlamydia",NA
"ASV1130","Bacteria","Bdellovibrionota","Oligoflexia","0319-6G20",NA,NA,NA
"ASV1131","Bacteria","Bacteroidota","Bacteroidia","Chitinophagales","37-13",NA,NA
"ASV1132","Bacteria","Actinomycetota","Actinobacteria","Micrococcales","Micrococcaceae","Paenarthrobacter",NA
"ASV1133","Bacteria","Bacteroidota","Bacteroidia","Flavobacteriales","Crocinitomicaceae","Fluviicola",NA
"ASV1134","Bacteria","Pseudomonadota","Gammaproteobacteria","Burkholderiales","Burkholderiaceae","Burkholderia-Caballeronia-Paraburkholderia",NA
"ASV1135","Bacteria","Pseudomonadota","Gammaproteobacteria","Burkholderiales","Oxalobacteraceae",NA,NA
"ASV1136","Bacteria","Pseudomonadota","Alphaproteobacteria","Hyphomicrobiales","Beijerinckiaceae","Bosea",NA
"ASV1137","Bacteria","Bacteroidota","Bacteroidia","Flavobacteriales","Weeksellaceae","Chryseobacterium",NA
"ASV1138","Bacteria","Planctomycetota","Planctomycetes","Planctomycetales","Schlesneriaceae","Schlesneria",NA
"ASV1139","Bacteria","Dependentiae","Babeliae","Babeliales",NA,NA,NA
"ASV1140","Bacteria","Planctomycetota","Planctomycetes","Isosphaerales","Isosphaeraceae","Tautonia",NA
"ASV1141","Bacteria","Acidobacteriota","Vicinamibacteria","Vicinamibacterales","Vicinamibacteraceae",NA,NA
"ASV1142","Bacteria","Pseudomonadota","Alphaproteobacteria","Sphingomonadales","Sphingomonadaceae","Sphingomonas","oligoaromativorans"
"ASV1143","Bacteria","Pseudomonadota","Gammaproteobacteria","Burkholderiales","Oxalobacteraceae","Massilia",NA
"ASV1144","Bacteria","Cyanobacteriota","Cyanobacteriia","Chloroplast",NA,NA,NA
"ASV1145","Bacteria","Pseudomonadota","Alphaproteobacteria","Micavibrionales","Micavibrionaceae",NA,NA
"ASV1146","Bacteria","Pseudomonadota","Alphaproteobacteria","Acetobacterales","Acetobacteraceae","Acidisoma",NA
"ASV1147","Bacteria","Pseudomonadota","Alphaproteobacteria","Sphingomonadales","Sphingomonadaceae","Sphingobium",NA
"ASV1148","Bacteria","Actinomycetota","Actinobacteria","Micrococcales","Microbacteriaceae","Herbiconiux",NA
"ASV1149","Bacteria","Pseudomonadota","Gammaproteobacteria","Burkholderiales","Rhodocyclaceae","Denitratisoma",NA
"ASV1150","Bacteria","Pseudomonadota","Gammaproteobacteria","Legionellales","Legionellaceae","Legionella",NA
"ASV1151","Bacteria","Actinomycetota","Actinobacteria","Micrococcales","Dermacoccaceae","Flexivirga",NA
"ASV1152","Bacteria","Bdellovibrionota","Oligoflexia","0319-6G20",NA,NA,NA
"ASV1153","Bacteria","Pseudomonadota","Alphaproteobacteria","Acetobacterales","Acetobacteraceae",NA,NA
"ASV1154","Bacteria","Bacteroidota","Bacteroidia","Sphingobacteriales","Sphingobacteriaceae","Pedobacter",NA
"ASV1155","Bacteria","Pseudomonadota","Gammaproteobacteria","Enterobacterales","Enterobacteriaceae","Raoultella",NA
"ASV1156","Bacteria","Pseudomonadota","Alphaproteobacteria","Rickettsiales","Midichloriaceae",NA,NA
"ASV1157","Bacteria","Pseudomonadota","Gammaproteobacteria","Burkholderiales","Comamonadaceae","Piscinibacter",NA
"ASV1158","Bacteria","Actinomycetota","Actinobacteria","Micrococcales","Dermabacteraceae","Brachybacterium",NA
"ASV1159","Bacteria","Pseudomonadota","Alphaproteobacteria","Hyphomicrobiales","Xanthobacteraceae","Pseudolabrys",NA
"ASV1160","Bacteria","Cyanobacteriota","Vampirivibrionia","Obscuribacterales","Obscuribacteraceae",NA,NA
"ASV1161","Bacteria","Gemmatimonadota","Gemmatimonadia","Gemmatimonadales","Gemmatimonadaceae","Gemmatimonas",NA
"ASV1162","Bacteria","Verrucomicrobiota","Verrucomicrobiia","Verrucomicrobiales","Verrucomicrobiaceae","Prosthecobacter",NA
"ASV1163","Bacteria","Pseudomonadota","Gammaproteobacteria","Rickettsiellales","Rickettsiellaceae",NA,NA
"ASV1164","Bacteria",NA,NA,NA,NA,NA,NA
"ASV1165","Bacteria","Bacteroidota","Bacteroidia","Chitinophagales","Chitinophagaceae","Taibaiella","yonginensis"
"ASV1166","Bacteria","Bacteroidota","Bacteroidia","Flavobacteriales","Flavobacteriaceae","Flavobacterium",NA
"ASV1167","Bacteria","Pseudomonadota","Alphaproteobacteria","Hyphomicrobiales","Rhizobiaceae","Pseudaminobacter",NA
"ASV1168","Bacteria","Pseudomonadota","Gammaproteobacteria","Burkholderiales","Oxalobacteraceae",NA,NA
"ASV1169","Bacteria","Bdellovibrionota","Oligoflexia","Oligoflexales","Oligoflexaceae","Oligoflexus",NA
"ASV1170","Bacteria","Pseudomonadota","Gammaproteobacteria",NA,NA,NA,NA
"ASV1171","Bacteria","Pseudomonadota","Alphaproteobacteria","Defluviicoccales",NA,NA,NA
"ASV1172","Bacteria","Pseudomonadota","Alphaproteobacteria","Rickettsiales","Mitochondria",NA,NA
"ASV1173","Bacteria","Pseudomonadota","Alphaproteobacteria","Rhodospirillales","Rhodospirillaceae",NA,NA
"ASV1174","Bacteria","Pseudomonadota","Gammaproteobacteria","Rickettsiellales","Rickettsiellaceae",NA,NA
"ASV1175","Bacteria","Pseudomonadota","Alphaproteobacteria","Sphingomonadales","Sphingomonadaceae","Sphingobium",NA
"ASV1176","Bacteria","Actinomycetota","Actinobacteria","Frankiales","Acidothermaceae","Acidothermus",NA
"ASV1177","Bacteria","Patescibacteria","Saccharimonadia","Saccharimonadales","Saccharimonadaceae","TM7a",NA
"ASV1178","Bacteria","Pseudomonadota","Alphaproteobacteria","Micropepsales","Micropepsaceae",NA,NA
"ASV1179","Bacteria","Patescibacteria","Saccharimonadia","Saccharimonadales","LWQ8",NA,NA
"ASV1180","Bacteria","Pseudomonadota","Alphaproteobacteria","Hyphomicrobiales","Rhizobiaceae","Ensifer",NA
"ASV1181","Bacteria","Bdellovibrionota","Oligoflexia","Oligoflexales","Oligoflexaceae","Oligoflexus",NA
"ASV1182","Bacteria","Bacteroidota","Bacteroidia","Sphingobacteriales","env.OPS 17",NA,NA
"ASV1183","Bacteria","Pseudomonadota","Alphaproteobacteria","Caulobacterales","Caulobacteraceae","Caulobacter",NA
"ASV1184","Bacteria","Pseudomonadota","Gammaproteobacteria","Lysobacterales","Lysobacteraceae","Luteimonas",NA
"ASV1185","Bacteria","Pseudomonadota","Gammaproteobacteria","Burkholderiales","Oxalobacteraceae","Duganella","radicis"
"ASV1186","Bacteria","Pseudomonadota","Gammaproteobacteria","Burkholderiales","Oxalobacteraceae","Herminiimonas",NA
"ASV1187","Bacteria","Pseudomonadota","Gammaproteobacteria","Legionellales","Legionellaceae","Legionella",NA
"ASV1188","Bacteria","Pseudomonadota","Gammaproteobacteria","Burkholderiales","TRA3-20",NA,NA
"ASV1189","Bacteria","Bacillota","Bacilli","Paenibacillales","Paenibacillaceae","Paenibacillus",NA
"ASV1190","Bacteria","Bacteroidota","Bacteroidia","Flavobacteriales","Flavobacteriaceae","Flavobacterium",NA
"ASV1191","Bacteria","Pseudomonadota","Alphaproteobacteria","Sphingomonadales","Sphingomonadaceae","Sphingomonas",NA
"ASV1192","Bacteria","Pseudomonadota","Alphaproteobacteria","Paracaedibacterales","Paracaedibacteraceae","Candidatus Finniella",NA
"ASV1193","Bacteria","Actinomycetota","Actinobacteria","Mycobacteriales","Mycobacteriaceae","Mycobacterium",NA
"ASV1194","Bacteria","Verrucomicrobiota","Verrucomicrobiia","Opitutales","Opitutaceae","IMCC26134",NA
"ASV1195","Bacteria","Armatimonadota",NA,NA,NA,NA,NA
"ASV1196","Bacteria","Pseudomonadota","Alphaproteobacteria","Rickettsiales","Rickettsiaceae","Rickettsia",NA
"ASV1197","Bacteria","Pseudomonadota","Gammaproteobacteria","Burkholderiales","Oxalobacteraceae","Massilia",NA
"ASV1198","Bacteria","Pseudomonadota","Alphaproteobacteria","Rhodospirillales",NA,NA,NA
"ASV1199","Bacteria","Pseudomonadota","Gammaproteobacteria","Coxiellales","Coxiellaceae","Coxiella",NA
"ASV1200","Bacteria","Actinomycetota","Thermoleophilia","Solirubrobacterales","Solirubrobacteraceae",NA,NA
"ASV1201","Bacteria","Pseudomonadota","Alphaproteobacteria","Caulobacterales","Caulobacteraceae",NA,NA
"ASV1202","Bacteria","Bacteroidota","Bacteroidia","Sphingobacteriales","env.OPS 17",NA,NA
"ASV1203","Bacteria","Actinomycetota","Actinobacteria","Propionibacteriales","Nocardioidaceae","Nocardioides","plantarum"
"ASV1204","Bacteria","Pseudomonadota","Alphaproteobacteria","Caulobacterales","Caulobacteraceae","Brevundimonas",NA
"ASV1205","Bacteria","Planctomycetota","Planctomycetes","Isosphaerales","Isosphaeraceae","Paludisphaera",NA
"ASV1206","Bacteria","Verrucomicrobiota","Verrucomicrobiia","Verrucomicrobiales","Verrucomicrobiaceae","Prosthecobacter",NA
"ASV1207","Bacteria","Bdellovibrionota","Bdellovibrionia","Bdellovibrionales","Pseudobdellovibrionaceae",NA,NA
"ASV1208","Bacteria","Actinomycetota","Actinobacteria","Propionibacteriales","Propionibacteriaceae","Propionicicella",NA
"ASV1209","Bacteria","Pseudomonadota","Gammaproteobacteria","Burkholderiales","Rhodocyclaceae",NA,NA
"ASV1210","Bacteria","Pseudomonadota","Alphaproteobacteria","Caulobacterales","Caulobacteraceae","Phenylobacterium",NA
"ASV1211","Bacteria","Actinomycetota","Actinobacteria","Micrococcales","Dermacoccaceae","Flexivirga","alba"
"ASV1212","Bacteria","Pseudomonadota","Gammaproteobacteria","Lysobacterales","Lysobacteraceae","Luteimonas","vadosa"
"ASV1213","Bacteria","Bacteroidota","Bacteroidia","Sphingobacteriales","Sphingobacteriaceae","Daejeonella",NA
"ASV1214","Bacteria","Actinomycetota","Actinobacteria","Micrococcales","Intrasporangiaceae","Knoellia",NA
"ASV1215","Bacteria","Pseudomonadota","Gammaproteobacteria","Lysobacterales","Rhodanobacteraceae","Fulvimonas",NA
"ASV1216","Bacteria","Actinomycetota","Actinobacteria","Propionibacteriales","Nocardioidaceae","Nocardioides","pyridinolyticus"
"ASV1217","Bacteria","Bdellovibrionota","Bacteriovoracia","Bacteriovoracales","Bacteriovoracaceae","Peredibacter",NA
"ASV1218","Bacteria","Bacteroidota","Bacteroidia","Flavobacteriales","Crocinitomicaceae","Fluviicola",NA
"ASV1219","Bacteria","Bacteroidota","Bacteroidia","Sphingobacteriales","Sphingobacteriaceae","Mucilaginibacter","pineti"
"ASV1220","Bacteria","Pseudomonadota","Alphaproteobacteria","Rhodospirillales",NA,NA,NA
"ASV1221","Bacteria","Cyanobacteriota","Cyanobacteriia","Chloroplast",NA,NA,NA
"ASV1222","Bacteria","Bdellovibrionota","Bdellovibrionia","Bdellovibrionales","Pseudobdellovibrionaceae","Bdellovibrio",NA
"ASV1223","Bacteria","Pseudomonadota","Gammaproteobacteria","Burkholderiales","Comamonadaceae","Polaromonas",NA
"ASV1224","Bacteria","Pseudomonadota","Gammaproteobacteria","Lysobacterales","Lysobacteraceae","Pseudoxanthomonas",NA
"ASV1225","Bacteria","Bacteroidota","Bacteroidia","Bacteroidales","Prolixibacteraceae","Meniscus","glaucopis"
"ASV1226","Bacteria","Bacteroidota","Bacteroidia","Chitinophagales","Chitinophagaceae","Nemorincola",NA
"ASV1227","Bacteria","Pseudomonadota","Alphaproteobacteria","Azospirillales","Inquilinaceae","Inquilinus",NA
"ASV1228","Bacteria","Gemmatimonadota","Longimicrobiia","Longimicrobiales","Longimicrobiaceae",NA,NA
"ASV1229","Bacteria","Pseudomonadota","Alphaproteobacteria","Rickettsiales","Mitochondria",NA,NA
"ASV1230","Bacteria",NA,NA,NA,NA,NA,NA
"ASV1231","Bacteria","Chloroflexota","JG30-KF-CM66",NA,NA,NA,NA
"ASV1232","Bacteria","Patescibacteria","Parcubacteria",NA,NA,NA,NA
"ASV1233","Bacteria","Pseudomonadota","Alphaproteobacteria","Hyphomicrobiales","Rhizobiaceae",NA,NA
"ASV1234","Bacteria","Pseudomonadota","Alphaproteobacteria","Rickettsiales","Midichloriaceae","Candidatus Jidaibacter",NA
"ASV1235","Bacteria","Bacillota","Clostridia","Incertae Sedis","Incertae Sedis","Lutispora",NA
"ASV1236","Bacteria","Pseudomonadota","Alphaproteobacteria","Caulobacterales","Caulobacteraceae","Phenylobacterium","mobile"
"ASV1237","Bacteria","Pseudomonadota","Alphaproteobacteria","Micropepsales","Micropepsaceae",NA,NA
"ASV1238","Bacteria","Bacteroidota","Bacteroidia","Cytophagales","Spirosomataceae","Spirosoma",NA
"ASV1239","Bacteria","Bdellovibrionota","Bdellovibrionia","Bdellovibrionales","Pseudobdellovibrionaceae","Pseudobdellovibrio",NA
"ASV1240","Bacteria","Patescibacteria","Saccharimonadia","Saccharimonadales","Saccharimonadaceae","TM7a",NA
"ASV1241","Bacteria","Cyanobacteriota","Cyanobacteriia","Chloroplast",NA,NA,NA
"ASV1242","Bacteria","Pseudomonadota","Alphaproteobacteria","Acetobacterales","Acetobacteraceae","Rhodopila",NA
"ASV1243","Bacteria","Pseudomonadota","Alphaproteobacteria","Sphingomonadales","Sphingomonadaceae","Rhizorhabdus",NA
"ASV1244","Bacteria","Pseudomonadota","Gammaproteobacteria","Lysobacterales","Rhodanobacteraceae","Luteibacter",NA
"ASV1245","Bacteria","Pseudomonadota","Alphaproteobacteria","Paracaedibacterales","Paracaedibacteraceae","Candidatus Paracaedibacter",NA
"ASV1246","Bacteria","Bacillota","Bacilli","Alicyclobacillales","Alicyclobacillaceae","Alicyclobacillus","acidiphilus"
"ASV1247","Bacteria","Cyanobacteriota","Cyanobacteriia","Chloroplast",NA,NA,NA
"ASV1248","Bacteria","Bacteroidota","Bacteroidia","Bacteroidales","Prolixibacteraceae","WCHB1-32",NA
"ASV1249","Bacteria","Bacteroidota","Bacteroidia","Flavobacteriales","Flavobacteriaceae","Flavobacterium",NA
"ASV1250","Bacteria","Bacteroidota","Bacteroidia","Sphingobacteriales","Sphingobacteriaceae","Mucilaginibacter",NA
"ASV1251","Bacteria","Pseudomonadota","Gammaproteobacteria","Burkholderiales","Comamonadaceae","Ramlibacter",NA
"ASV1252","Bacteria","Pseudomonadota","Gammaproteobacteria","Burkholderiales","Comamonadaceae",NA,NA
"ASV1253","Bacteria","Verrucomicrobiota","Verrucomicrobiia","Pedosphaerales","Pedosphaeraceae","Ellin517",NA
"ASV1254","Bacteria","Pseudomonadota","Gammaproteobacteria",NA,NA,NA,NA
"ASV1255","Bacteria","Pseudomonadota","Gammaproteobacteria","Burkholderiales","Comamonadaceae",NA,NA
"ASV1256","Bacteria","Planctomycetota","vadinHA49",NA,NA,NA,NA
"ASV1257","Bacteria","Pseudomonadota","Alphaproteobacteria","Hyphomicrobiales","Kaistiaceae","Kaistia",NA
"ASV1258","Bacteria","Pseudomonadota","Alphaproteobacteria","Hyphomicrobiales","Xanthobacteraceae","Pseudolabrys",NA
"ASV1259","Bacteria","Bacteroidota","Bacteroidia","Cytophagales","Spirosomataceae","Spirosoma",NA
"ASV1260","Bacteria","Patescibacteria","Parcubacteria",NA,NA,NA,NA
"ASV1261","Bacteria","Actinomycetota","Actinobacteria","Micromonosporales","Micromonosporaceae","Rugosimonospora",NA
"ASV1262","Bacteria","Pseudomonadota","Alphaproteobacteria","Holosporales","Holosporaceae","Candidatus Bealeia",NA
"ASV1263","Bacteria","Actinomycetota","Actinobacteria","Micrococcales","Microbacteriaceae","Microbacterium",NA
"ASV1264","Bacteria","Verrucomicrobiota","Verrucomicrobiia","Verrucomicrobiales","Verrucomicrobiaceae","Prosthecobacter",NA
"ASV1265","Bacteria","Bacteroidota","Bacteroidia","Sphingobacteriales","NS11-12 marine group",NA,NA
"ASV1266","Bacteria","Acidobacteriota","Acidobacteriae","Terriglobales","Acidobacteriaceae (Subgroup 1)","Edaphobacter",NA
"ASV1267","Bacteria","Actinomycetota","Actinobacteria","Frankiales","Acidothermaceae","Acidothermus",NA
"ASV1268","Bacteria","Pseudomonadota","Gammaproteobacteria","Burkholderiales","Oxalobacteraceae",NA,NA
"ASV1269","Bacteria","Pseudomonadota","Alphaproteobacteria","Sphingomonadales","Sphingomonadaceae","Novosphingobium",NA
"ASV1270","Bacteria","Verrucomicrobiota","Verrucomicrobiia","Opitutales","Opitutaceae","Opitutus",NA
"ASV1271","Bacteria","Pseudomonadota","Alphaproteobacteria","Hyphomicrobiales","Rhizobiaceae","Shinella",NA
"ASV1272","Bacteria","Actinomycetota","Actinobacteria","Micrococcales","Microbacteriaceae","Parafrigoribacterium",NA
"ASV1273","Bacteria","Bacteroidota","Bacteroidia","Flavobacteriales","Crocinitomicaceae","Fluviicola",NA
"ASV1274","Bacteria","Pseudomonadota","Alphaproteobacteria","Hyphomicrobiales","Rhizobiaceae",NA,NA
"ASV1275","Bacteria","Gemmatimonadota","Gemmatimonadia","Gemmatimonadales","Gemmatimonadaceae","Gemmatimonas",NA
"ASV1276","Bacteria","Actinomycetota","Actinobacteria","Micrococcales","Microbacteriaceae",NA,NA
"ASV1277","Bacteria","Dependentiae","Babeliae","Babeliales","Incertae Sedis","UBA12411",NA
"ASV1278","Bacteria","Pseudomonadota","Gammaproteobacteria","Legionellales","Legionellaceae","Legionella",NA
"ASV1279","Bacteria","Cyanobacteriota","Vampirivibrionia","Caenarcaniphilales",NA,NA,NA
"ASV1280","Bacteria","Gemmatimonadota","S0134 terrestrial group",NA,NA,NA,NA
"ASV1281","Bacteria","Verrucomicrobiota","Verrucomicrobiia","Opitutales","Opitutaceae","Oleiharenicola",NA
"ASV1282","Bacteria","Abditibacteriota","Abditibacteriia","Abditibacteriales","Abditibacteriaceae","Abditibacterium",NA
"ASV1283","Bacteria","Pseudomonadota","Alphaproteobacteria","Sphingomonadales","Sphingomonadaceae","Sphingomonas",NA
"ASV1284","Bacteria","Pseudomonadota","Gammaproteobacteria","Pseudomonadales","Pseudohongiellaceae","BIyi10",NA
"ASV1285","Bacteria","Pseudomonadota","Gammaproteobacteria","Burkholderiales","Comamonadaceae","Curvibacter",NA
"ASV1286","Bacteria","Actinomycetota","Actinobacteria","Micrococcales","Microbacteriaceae","Microbacterium",NA
"ASV1287","Bacteria","Pseudomonadota","Gammaproteobacteria","Lysobacterales","Rhodanobacteraceae",NA,NA
"ASV1288","Bacteria","Pseudomonadota","Alphaproteobacteria","Rickettsiales","SM2D12",NA,NA
"ASV1289","Bacteria","Armatimonadota","Fimbriimonadia","Fimbriimonadales","Fimbriimonadaceae","Fimbriimonas",NA
"ASV1290","Bacteria","Pseudomonadota","Alphaproteobacteria","Micavibrionales",NA,NA,NA
"ASV1291","Bacteria","Patescibacteria","Parcubacteria",NA,NA,NA,NA
"ASV1292","Bacteria","Pseudomonadota","Alphaproteobacteria","Rickettsiales","SM2D12",NA,NA
"ASV1293","Bacteria","Pseudomonadota","Gammaproteobacteria","Burkholderiales","Alcaligenaceae",NA,NA
"ASV1294","Bacteria","Planctomycetota","vadinHA49",NA,NA,NA,NA
"ASV1295","Bacteria","Bacillota","Bacilli","Paenibacillales","Paenibacillaceae","Paenibacillus",NA
"ASV1296","Bacteria","Bdellovibrionota","Bdellovibrionia","Bdellovibrionales","Pseudobdellovibrionaceae",NA,NA
"ASV1297","Bacteria","Pseudomonadota","Gammaproteobacteria","Burkholderiales","Neisseriaceae",NA,NA
"ASV1298","Bacteria","Pseudomonadota","Alphaproteobacteria","Rickettsiales","Mitochondria",NA,NA
"ASV1299","Bacteria","Pseudomonadota","Alphaproteobacteria","Rickettsiales","SM2D12",NA,NA
"ASV1300","Bacteria","Pseudomonadota","Gammaproteobacteria","Burkholderiales","Comamonadaceae","Xylophilus",NA
"ASV1301","Bacteria","Cyanobacteriota","Vampirivibrionia","Vampirovibrionales","Vampirovibrionaceae","Vampirovibrio",NA
"ASV1302","Bacteria","Pseudomonadota","Alphaproteobacteria","Rickettsiales","Rickettsiaceae",NA,NA
"ASV1303","Bacteria","Bacteroidota","Bacteroidia","Chitinophagales","Chitinophagaceae",NA,NA
"ASV1304","Bacteria","Pseudomonadota","Gammaproteobacteria","Salinisphaerales","Nevskiaceae",NA,NA
"ASV1305","Bacteria","Myxococcota","Polyangiia","Haliangiales","Haliangiaceae",NA,NA
"ASV1306","Bacteria","Pseudomonadota","Alphaproteobacteria","Sphingomonadales","Sphingomonadaceae","Sphingomonas",NA
"ASV1307","Bacteria","Pseudomonadota","Alphaproteobacteria","Hyphomicrobiales","Rhizobiaceae","Rhizobium",NA
"ASV1308","Bacteria","Bacteroidota","Bacteroidia","Sphingobacteriales","Sphingobacteriaceae","Mucilaginibacter",NA
"ASV1309","Bacteria","Pseudomonadota","Alphaproteobacteria","Sphingomonadales","Sphingomonadaceae","Blastomonas",NA
"ASV1310","Bacteria","Bacteroidota","Bacteroidia","Flavobacteriales","Cryomorphaceae",NA,NA
"ASV1311","Bacteria","Pseudomonadota","Gammaproteobacteria","Lysobacterales","Lysobacteraceae","Thermomonas",NA
"ASV1312","Bacteria","Planctomycetota","Planctomycetes","Planctomycetales","Rubinisphaeraceae","Planctomicrobium",NA
"ASV1313","Bacteria","Pseudomonadota","Alphaproteobacteria","Micavibrionales",NA,NA,NA
"ASV1314","Bacteria","Pseudomonadota","Alphaproteobacteria","Hyphomicrobiales","Rhizobiaceae","Shinella",NA
"ASV1315","Bacteria","Bacteroidota","Bacteroidia","Chitinophagales","Chitinophagaceae","Taibaiella",NA
"ASV1316","Bacteria","Bdellovibrionota","Oligoflexia","Oligoflexales","Oligoflexaceae",NA,NA
"ASV1317","Bacteria","Bdellovibrionota","Bdellovibrionia","Bdellovibrionales","Pseudobdellovibrionaceae","OM27 clade",NA
"ASV1318","Bacteria","Actinomycetota","Actinobacteria","Propionibacteriales","Nocardioidaceae","Nocardioides",NA
"ASV1319","Bacteria","Bacteroidota","Bacteroidia","Flavobacteriales","Weeksellaceae","Moheibacter",NA
"ASV1320","Bacteria","Actinomycetota","Actinobacteria","Micrococcales","Microbacteriaceae","Curtobacterium",NA
"ASV1321","Bacteria","Pseudomonadota","Alphaproteobacteria","Caulobacterales","Caulobacteraceae","Brevundimonas","staleyi"
"ASV1322","Bacteria","Pseudomonadota","Alphaproteobacteria","Acetobacterales","Acetobacteraceae","Rhodovastum",NA
"ASV1323","Bacteria","Verrucomicrobiota","Verrucomicrobiia","Opitutales","Opitutaceae","Opitutus",NA
"ASV1324","Bacteria","Pseudomonadota","Alphaproteobacteria","Sphingomonadales","Sphingomonadaceae","Sphingobium",NA
"ASV1325","Bacteria","Pseudomonadota","Alphaproteobacteria","Hyphomicrobiales","Rhizobiaceae","Pseudaminobacter",NA
"ASV1326","Bacteria","Bacteroidota","Bacteroidia","Chitinophagales","Chitinophagaceae","Taibaiella",NA
"ASV1327","Bacteria","Pseudomonadota","Gammaproteobacteria",NA,NA,NA,NA
"ASV1328","Bacteria","Cyanobacteriota","Sericytochromatia",NA,NA,NA,NA
"ASV1329","Bacteria","Bacteroidota","Bacteroidia","Sphingobacteriales","Sphingobacteriaceae","Mucilaginibacter",NA
"ASV1330","Bacteria","Planctomycetota","Planctomycetes","Planctomycetales","Rubinisphaeraceae","SH-PL14",NA
"ASV1331","Bacteria","Pseudomonadota","Gammaproteobacteria","Pseudomonadales","Pseudomonadaceae","Pseudomonas","abietaniphila"
"ASV1332","Bacteria","Actinomycetota","Thermoleophilia","Solirubrobacterales","Solirubrobacteraceae","Conexibacter",NA
"ASV1333","Bacteria","Pseudomonadota","Alphaproteobacteria","Acetobacterales","Acetobacteraceae",NA,NA
"ASV1334","Bacteria","Pseudomonadota","Alphaproteobacteria","Hyphomicrobiales","Hyphomicrobiales Incertae Sedis","Bauldia",NA
"ASV1335","Bacteria","Pseudomonadota","Alphaproteobacteria","Rhodospirillales","Magnetospirillaceae","Magnetospirillum",NA
"ASV1336","Bacteria","Pseudomonadota","Gammaproteobacteria","Rickettsiellales","Rickettsiellaceae",NA,NA
"ASV1337","Bacteria","Bacteroidota","Bacteroidia","Flavobacteriales","Crocinitomicaceae","Fluviicola",NA
"ASV1338","Bacteria","Bacteroidota","Bacteroidia","Flavobacteriales","Flavobacteriaceae","Flavobacterium","ginsengiterrae"
"ASV1339","Bacteria","Chlamydiota","Chlamydiia","Chlamydiales","cvE6",NA,NA
"ASV1340","Bacteria","Bdellovibrionota","Bdellovibrionia","Bdellovibrionales","Pseudobdellovibrionaceae",NA,NA
"ASV1341","Bacteria","Bdellovibrionota","Bdellovibrionia","Bdellovibrionales","Pseudobdellovibrionaceae",NA,NA
"ASV1342","Bacteria","Pseudomonadota","Alphaproteobacteria","Elsterales","Elsteraceae",NA,NA
"ASV1343","Bacteria","Pseudomonadota","Alphaproteobacteria","Caedibacterales","Caedibacteraceae","Caedibacter",NA
"ASV1344","Bacteria","Bdellovibrionota","Oligoflexia","0319-6G20",NA,NA,NA
"ASV1345","Bacteria","Actinomycetota","Actinobacteria","Micrococcales","Dermacoccaceae","Flexivirga",NA
"ASV1346","Bacteria","Actinomycetota","Thermoleophilia","Solirubrobacterales","67-14",NA,NA
"ASV1347","Bacteria","Verrucomicrobiota","Verrucomicrobiia","Pedosphaerales","Pedosphaeraceae",NA,NA
"ASV1348","Bacteria","Candidatus Eremiobacterota","Eremiobacteria",NA,NA,NA,NA
"ASV1349","Bacteria","Cyanobacteriota","Sericytochromatia",NA,NA,NA,NA
"ASV1350","Bacteria","Pseudomonadota","Alphaproteobacteria","Hyphomicrobiales","Rhizobiaceae","Ensifer",NA
"ASV1351","Bacteria","Actinomycetota","Actinobacteria","Micromonosporales","Micromonosporaceae","Micromonospora",NA
"ASV1352","Bacteria","Pseudomonadota","Alphaproteobacteria","Holosporales","Holosporaceae",NA,NA
"ASV1353","Bacteria","Verrucomicrobiota","Verrucomicrobiia","Pedosphaerales","Pedosphaeraceae",NA,NA
"ASV1354","Bacteria","Myxococcota","Polyangiia","Polyangiales","BIrii41",NA,NA
"ASV1355","Bacteria","Pseudomonadota","Alphaproteobacteria","Hyphomicrobiales","Rhizobiaceae",NA,NA
"ASV1356","Bacteria","Pseudomonadota","Alphaproteobacteria","Rickettsiales","Mitochondria",NA,NA
"ASV1357","Bacteria","Pseudomonadota","Alphaproteobacteria","Hyphomicrobiales","Beijerinckiaceae","Roseiarcus","fermentans"
"ASV1358","Bacteria","Pseudomonadota","Alphaproteobacteria","Hyphomicrobiales","Hyphomicrobiaceae","Hyphomicrobium","denitrificans"
"ASV1359","Bacteria","Pseudomonadota","Gammaproteobacteria","Burkholderiales","Burkholderiaceae","Burkholderia-Caballeronia-Paraburkholderia",NA
"ASV1360","Bacteria","Pseudomonadota","Gammaproteobacteria",NA,NA,NA,NA
"ASV1361","Bacteria","Patescibacteria","Saccharimonadia","Saccharimonadales","LWQ8",NA,NA
"ASV1362","Bacteria","Pseudomonadota","Gammaproteobacteria","Burkholderiales","Comamonadaceae",NA,NA
"ASV1363","Bacteria","Pseudomonadota","Alphaproteobacteria","Hyphomicrobiales","Beijerinckiaceae","Bosea",NA
"ASV1364","Bacteria","Gemmatimonadota","S0134 terrestrial group",NA,NA,NA,NA
"ASV1365","Bacteria","Pseudomonadota","Gammaproteobacteria","Lysobacterales","Lysobacteraceae","Lysobacter",NA
"ASV1366","Bacteria","Myxococcota","Polyangiia","Polyangiales","Phaselicystaceae","Phaselicystis",NA
"ASV1367","Bacteria","Pseudomonadota","Gammaproteobacteria","Burkholderiales","Neisseriaceae",NA,NA
"ASV1368","Bacteria","Bacteroidota","Bacteroidia","Flavobacteriales","Flavobacteriaceae","Flavobacterium",NA
"ASV1369","Bacteria","Pseudomonadota","Alphaproteobacteria","Rhodospirillales",NA,NA,NA
"ASV1370","Bacteria","Pseudomonadota","Alphaproteobacteria","Reyranellales","Reyranellaceae","Reyranella",NA
"ASV1371","Bacteria","Planctomycetota","Planctomycetes","Isosphaerales","Isosphaeraceae","Tautonia",NA
"ASV1372","Bacteria","Cyanobacteriota","Cyanobacteriia","Chloroplast",NA,NA,NA
"ASV1373","Bacteria","Bacteroidota","Bacteroidia","Sphingobacteriales","Sphingobacteriaceae",NA,NA
"ASV1374","Bacteria","Verrucomicrobiota","Verrucomicrobiia","Verrucomicrobiales","Verrucomicrobiaceae",NA,NA
"ASV1375","Bacteria","Pseudomonadota","Alphaproteobacteria","Holosporales","Holosporaceae",NA,NA
"ASV1376","Bacteria","Bacteroidota","Bacteroidia","Flavobacteriales","Flavobacteriaceae","Flavobacterium",NA
"ASV1377","Bacteria","Pseudomonadota","Alphaproteobacteria","Rickettsiales","SM2D12",NA,NA
"ASV1378","Bacteria","Gemmatimonadota","Gemmatimonadia","Gemmatimonadales","Gemmatimonadaceae",NA,NA
"ASV1379","Bacteria","Pseudomonadota","Alphaproteobacteria","Hyphomicrobiales","Rhizobiaceae","Aureimonas",NA
"ASV1380","Bacteria","Actinomycetota","Actinobacteria","Micrococcales","Microbacteriaceae",NA,NA
"ASV1381","Bacteria","Pseudomonadota","Gammaproteobacteria","Burkholderiales","Comamonadaceae","Roseateles",NA
"ASV1382","Bacteria","Actinomycetota","Actinobacteria","Micrococcales","Micrococcaceae","Neomicrococcus",NA
"ASV1383","Bacteria","Pseudomonadota","Gammaproteobacteria","Burkholderiales","Comamonadaceae","Xylophilus",NA
"ASV1384","Bacteria","Bacillota","Bacilli","Paenibacillales","Paenibacillaceae","Paenibacillus",NA
"ASV1385","Bacteria","Pseudomonadota","Alphaproteobacteria","Rhodospirillales",NA,NA,NA
"ASV1386","Bacteria","Pseudomonadota","Gammaproteobacteria","Lysobacterales","Lysobacteraceae","Luteimonas",NA
"ASV1387","Bacteria","Abditibacteriota","Abditibacteriia","Abditibacteriales","Abditibacteriaceae","Abditibacterium",NA
"ASV1388","Bacteria","Bacillota","Negativicutes","Veillonellales-Selenomonadales","Sporomusaceae",NA,NA
"ASV1389","Bacteria","Pseudomonadota","Alphaproteobacteria","Hyphomicrobiales","D05-2",NA,NA
"ASV1390","Bacteria","Patescibacteria","Saccharimonadia","Saccharimonadales","LWQ8",NA,NA
"ASV1391","Bacteria","Bacillota","Bacilli","Paenibacillales","Paenibacillaceae",NA,NA
"ASV1392","Bacteria","Myxococcota","Polyangiia","Polyangiales","Polyangiaceae","Minicystis",NA
"ASV1393","Bacteria","Pseudomonadota","Alphaproteobacteria","Sphingomonadales","Sphingomonadaceae","Sphingobium",NA
"ASV1394","Bacteria","Pseudomonadota","Alphaproteobacteria","Hyphomicrobiales","Rhizobiaceae",NA,NA
"ASV1395","Bacteria","Bacteroidota","Bacteroidia","Chitinophagales","Chitinophagaceae","Taibaiella",NA
"ASV1396","Bacteria","Pseudomonadota","Gammaproteobacteria","Burkholderiales","Comamonadaceae","Thiomonas",NA
"ASV1397","Bacteria","Planctomycetota","Planctomycetes","Isosphaerales","Isosphaeraceae","Paludisphaera",NA
"ASV1398","Bacteria","Pseudomonadota","Gammaproteobacteria","Gammaproteobacteria Incertae Sedis","Unknown Family","Acidibacter",NA
"ASV1399","Bacteria","Cyanobacteriota","Cyanobacteriia","Chloroplast",NA,NA,NA
"ASV1400","Bacteria","Armatimonadota","Fimbriimonadia","Fimbriimonadales","Fimbriimonadaceae",NA,NA
"ASV1401","Bacteria","Bacteroidota","Bacteroidia","Flavobacteriales","Flavobacteriaceae","Flavobacterium",NA
"ASV1402","Bacteria","Pseudomonadota","Alphaproteobacteria","Rickettsiales","Rickettsiaceae",NA,NA
"ASV1403","Bacteria","Pseudomonadota","Gammaproteobacteria","Pseudomonadales","Moraxellaceae","Acinetobacter",NA
"ASV1404","Bacteria","Chlamydiota","Chlamydiia","Chlamydiales",NA,NA,NA
"ASV1405","Bacteria","Pseudomonadota","Alphaproteobacteria","Acetobacterales","Acetobacteraceae","Acidisoma",NA
"ASV1406","Bacteria","Acidobacteriota","Acidobacteriae","Terriglobales","Acidobacteriaceae (Subgroup 1)","Acidobacterium",NA
"ASV1407","Bacteria","Abditibacteriota","Abditibacteriia","Abditibacteriales","Abditibacteriaceae","Abditibacterium",NA
"ASV1408","Bacteria","Pseudomonadota","Gammaproteobacteria","Pseudomonadales","Moraxellaceae","Acinetobacter",NA
"ASV1409","Bacteria","Pseudomonadota","Alphaproteobacteria","Hyphomicrobiales","Hyphomicrobiaceae","Hyphomicrobium","denitrificans"
"ASV1410","Bacteria","Pseudomonadota","Alphaproteobacteria","Sphingomonadales","Sphingomonadaceae","Novosphingobium",NA
"ASV1411","Bacteria","Acidobacteriota","Acidobacteriae","Terriglobales","Acidobacteriaceae (Subgroup 1)","Acidobacterium",NA
"ASV1412","Bacteria","Pseudomonadota","Gammaproteobacteria",NA,NA,NA,NA
"ASV1413","Bacteria","Bacillota","Bacilli","Bacillales","Bacillaceae","Polygonibacillus",NA
"ASV1414","Bacteria","Bacillota","Bacilli","Paenibacillales","Paenibacillaceae",NA,NA
"ASV1415","Bacteria","Pseudomonadota","Alphaproteobacteria","Sphingomonadales","Sphingomonadaceae","Rhizorhapis",NA
"ASV1416","Bacteria","Abditibacteriota","Abditibacteriia","Abditibacteriales","Abditibacteriaceae","Abditibacterium",NA
"ASV1417","Bacteria","Abditibacteriota","Abditibacteriia","Abditibacteriales","Abditibacteriaceae","Abditibacterium",NA
"ASV1418","Bacteria","Pseudomonadota","Alphaproteobacteria","Hyphomicrobiales","Rhizobiaceae","Aminobacter","anthyllidis"
"ASV1419","Bacteria","Bacteroidota","Bacteroidia","Sphingobacteriales","Sphingobacteriaceae","Mucilaginibacter",NA
"ASV1420","Bacteria","Bacteroidota","Bacteroidia","Flavobacteriales","Flavobacteriaceae","Flavobacterium",NA
"ASV1421","Bacteria","Verrucomicrobiota","Verrucomicrobiia","Opitutales","Puniceicoccaceae",NA,NA
"ASV1422","Bacteria","Candidatus Kapabacteria","Kapabacteria","Kapabacteriales",NA,NA,NA
"ASV1423","Bacteria","Acidobacteriota","Vicinamibacteria","Vicinamibacterales","Vicinamibacteraceae",NA,NA
"ASV1424","Bacteria","Pseudomonadota","Alphaproteobacteria","Hyphomicrobiales","Rhizobiaceae","Aminobacter",NA
"ASV1425","Bacteria","Actinomycetota","Actinobacteria","Micrococcales","Microbacteriaceae","Conyzicola",NA
"ASV1426","Bacteria","Pseudomonadota","Alphaproteobacteria","Caulobacterales","Caulobacteraceae",NA,NA
"ASV1427","Bacteria","Pseudomonadota","Alphaproteobacteria","Caulobacterales","Caulobacteraceae","Phenylobacterium",NA
"ASV1428","Bacteria","Bdellovibrionota","Bacteriovoracia","Bacteriovoracales","Bacteriovoracaceae","Peredibacter",NA
"ASV1429","Bacteria","Bdellovibrionota","Oligoflexia","Silvanigrellales","Silvanigrellaceae",NA,NA
"ASV1430","Bacteria","Actinomycetota","Actinobacteria","Kitasatosporales","Streptomycetaceae","Streptomyces",NA
"ASV1431","Bacteria","Pseudomonadota","Alphaproteobacteria","Caulobacterales","Caulobacteraceae","Phenylobacterium",NA
"ASV1432","Bacteria","Pseudomonadota","Alphaproteobacteria","Hyphomicrobiales","Hyphomicrobiaceae","Hyphomicrobium",NA
"ASV1433","Bacteria","Pseudomonadota","Alphaproteobacteria",NA,NA,NA,NA
"ASV1434","Bacteria","Actinomycetota","Actinobacteria","Pseudonocardiales","Pseudonocardiaceae","Pseudonocardia",NA
"ASV1435","Bacteria","Pseudomonadota","Alphaproteobacteria","Holosporales","Holosporaceae",NA,NA
"ASV1436","Bacteria","Bacteroidota","Bacteroidia","Cytophagales","Spirosomataceae","Dyadobacter","fermentans"
"ASV1437","Bacteria","Pseudomonadota","Alphaproteobacteria","Rhodospirillales","Magnetospirillaceae",NA,NA
"ASV1438","Bacteria","Actinomycetota","Thermoleophilia","Solirubrobacterales","Solirubrobacteraceae","Patulibacter","minatonensis"
"ASV1439","Bacteria","Patescibacteria","Parcubacteria",NA,NA,NA,NA
"ASV1440","Bacteria","Bacillota","Bacilli","Paenibacillales","Paenibacillaceae","Paenibacillus",NA
"ASV1441","Bacteria","Myxococcota","Polyangiia","Polyangiales","Sandaracinaceae",NA,NA
"ASV1442","Bacteria","Pseudomonadota","Alphaproteobacteria","Rhodospirillales","Rhodospirillaceae",NA,NA
"ASV1443","Bacteria","Cyanobacteriota","Cyanobacteriia","Chloroplast",NA,NA,NA
"ASV1444","Bacteria","Pseudomonadota","Gammaproteobacteria","Burkholderiales","Burkholderiaceae","Burkholderia-Caballeronia-Paraburkholderia",NA
"ASV1445","Bacteria","Pseudomonadota","Alphaproteobacteria","Micropepsales","Micropepsaceae",NA,NA
"ASV1446","Bacteria","Bdellovibrionota","Oligoflexia","0319-6G20",NA,NA,NA
"ASV1447","Bacteria","Bacillota","Bacilli","Brevibacillales","Brevibacillaceae","Brevibacillus",NA
"ASV1448","Bacteria","Bdellovibrionota","Bacteriovoracia","Bacteriovoracales","Bacteriovoracaceae","Peredibacter",NA
"ASV1449","Bacteria","Pseudomonadota","Alphaproteobacteria","Hyphomicrobiales","Devosiaceae","Devosia",NA
"ASV1450","Bacteria","Pseudomonadota","Alphaproteobacteria","Sphingomonadales","Sphingomonadaceae","Hephaestia",NA
"ASV1451","Bacteria","Verrucomicrobiota","Verrucomicrobiia","Opitutales","Opitutaceae","Opitutus",NA
"ASV1452","Bacteria","Abditibacteriota","Abditibacteriia","Abditibacteriales","Abditibacteriaceae","Abditibacterium",NA
"ASV1453","Bacteria","Pseudomonadota","Alphaproteobacteria","Hyphomicrobiales","KF-JG30-B3",NA,NA
"ASV1454","Bacteria","Patescibacteria","Saccharimonadia","Saccharimonadales","Saccharimonadaceae","TM7a",NA
"ASV1455","Bacteria","Pseudomonadota","Alphaproteobacteria","Micavibrionales",NA,NA,NA
"ASV1456","Bacteria","Bacteroidota","Bacteroidia","Cytophagales","Cytophagaceae","Cytophaga",NA
"ASV1457","Bacteria","Patescibacteria","Saccharimonadia","Saccharimonadales","Saccharimonadaceae","TM7a",NA
"ASV1458","Bacteria","Pseudomonadota","Gammaproteobacteria","Legionellales","Legionellaceae","Legionella","fallonii"
"ASV1459","Bacteria","Pseudomonadota","Alphaproteobacteria","Micropepsales","Micropepsaceae",NA,NA
"ASV1460","Bacteria","Actinomycetota","Actinobacteria","Kitasatosporales","Streptomycetaceae","Streptomyces",NA
"ASV1461","Bacteria","Pseudomonadota","Alphaproteobacteria","Caulobacterales","Hyphomonadaceae","Hirschia",NA
"ASV1462","Bacteria","Pseudomonadota","Alphaproteobacteria","Reyranellales","Reyranellaceae","Reyranella",NA
"ASV1463","Bacteria","Bacteroidota","Bacteroidia","Sphingobacteriales","Sphingobacteriaceae","Mucilaginibacter",NA
"ASV1464","Bacteria","Pseudomonadota","Gammaproteobacteria","Pseudomonadales","Pseudomonadaceae","Pseudomonas",NA
"ASV1465","Bacteria","Pseudomonadota","Gammaproteobacteria","Burkholderiales","Comamonadaceae","Pseudorhodoferax",NA
"ASV1466","Bacteria","Actinomycetota","Actinobacteria","Micrococcales","Micrococcaceae","Glutamicibacter",NA
"ASV1467","Bacteria","Pseudomonadota","Alphaproteobacteria","Rhodospirillales",NA,NA,NA
"ASV1468","Bacteria","Pseudomonadota","Gammaproteobacteria","Lysobacterales","Rhodanobacteraceae","Rhodanobacter",NA
"ASV1469","Bacteria","Bdellovibrionota","Oligoflexia","Oligoflexales","Oligoflexaceae","Oligoflexus",NA
"ASV1470","Bacteria","Chlamydiota","Chlamydiia","Chlamydiales","Parachlamydiaceae","Candidatus Protochlamydia",NA
"ASV1471","Bacteria","Pseudomonadota","Gammaproteobacteria","Coxiellales","Coxiellaceae","Coxiella",NA
"ASV1472","Bacteria","Dependentiae","Babeliae","Babeliales","Vermiphilaceae",NA,NA
"ASV1473","Bacteria","Actinomycetota","Actinobacteria","Propionibacteriales","Nocardioidaceae","Nocardioides","hankookensis"
"ASV1474","Bacteria","Myxococcota","Polyangiia","Haliangiales","Haliangiaceae",NA,NA
"ASV1475","Bacteria","Pseudomonadota","Gammaproteobacteria","Burkholderiales","Comamonadaceae","Piscinibacter",NA
"ASV1476","Bacteria",NA,NA,NA,NA,NA,NA
"ASV1477","Bacteria","Pseudomonadota","Alphaproteobacteria","Caulobacterales","Caulobacteraceae","Brevundimonas",NA
"ASV1478","Bacteria","Pseudomonadota","Gammaproteobacteria","Burkholderiales","Alcaligenaceae",NA,NA
"ASV1479","Bacteria","Pseudomonadota","Gammaproteobacteria","Pseudomonadales","Pseudomonadaceae","Pseudomonas",NA
"ASV1480","Bacteria","Pseudomonadota","Alphaproteobacteria","Rhodospirillales","Rhodospirillaceae",NA,NA
"ASV1481","Bacteria","Pseudomonadota","Gammaproteobacteria","Rickettsiellales","Rickettsiellaceae",NA,NA
"ASV1482","Bacteria","Pseudomonadota","Gammaproteobacteria","Burkholderiales","Burkholderiaceae","Burkholderia-Caballeronia-Paraburkholderia",NA
"ASV1483","Bacteria","Bdellovibrionota","Bdellovibrionia","Bdellovibrionales","Pseudobdellovibrionaceae",NA,NA
"ASV1484","Bacteria","Pseudomonadota","Alphaproteobacteria","Micavibrionales",NA,NA,NA
"ASV1485","Bacteria","Actinomycetota","Actinobacteria","Propionibacteriales","Nocardioidaceae","Nocardioides",NA
"ASV1486","Bacteria","Pseudomonadota","Alphaproteobacteria",NA,NA,NA,NA
"ASV1487","Bacteria","Candidatus Eremiobacterota","Eremiobacteria",NA,NA,NA,NA
"ASV1488","Bacteria","Pseudomonadota","Gammaproteobacteria","Burkholderiales","Methylophilaceae","Methylotenera",NA
"ASV1489","Bacteria","Chlamydiota","Chlamydiia","Chlamydiales","Parachlamydiaceae","Neochlamydia",NA
"ASV1490","Bacteria","Bdellovibrionota","Bdellovibrionia","Bdellovibrionales","Pseudobdellovibrionaceae","Bdellovibrio",NA
"ASV1491","Bacteria","Bdellovibrionota","Bdellovibrionia","Bdellovibrionales","Pseudobdellovibrionaceae",NA,NA
"ASV1492","Bacteria","Verrucomicrobiota","Verrucomicrobiia","Opitutales","Opitutaceae","Cephaloticoccus",NA
"ASV1493","Bacteria","Actinomycetota","Actinobacteria","Micrococcales","Microbacteriaceae","Microcella",NA
"ASV1494","Bacteria","Bacteroidota","Bacteroidia","Chitinophagales","Chitinophagaceae","Chitinophaga","rupis"
"ASV1495","Bacteria","Pseudomonadota","Alphaproteobacteria","Micavibrionales","Micavibrionaceae",NA,NA
"ASV1496","Bacteria","Pseudomonadota","Alphaproteobacteria","Sphingomonadales","Sphingomonadaceae","Altericroceibacterium",NA
"ASV1497","Bacteria","Actinomycetota","Actinobacteria","Micrococcales","Microbacteriaceae",NA,NA
"ASV1498","Bacteria","Actinomycetota","Thermoleophilia","Gaiellales",NA,NA,NA
"ASV1499","Bacteria","Pseudomonadota","Alphaproteobacteria","Hyphomicrobiales","Beijerinckiaceae","Methylovirgula",NA
"ASV1500","Bacteria","Fibrobacterota","Fibrobacteria","Fibrobacterales","Fibrobacteraceae","possible genus 04",NA
"ASV1501","Bacteria","Pseudomonadota","Alphaproteobacteria","Rickettsiales","bac2nit3",NA,NA
"ASV1502","Bacteria","Pseudomonadota","Alphaproteobacteria","Rickettsiales","SM2D12",NA,NA
"ASV1503","Bacteria","Pseudomonadota","Alphaproteobacteria","Hyphomicrobiales","Xanthobacteraceae","Pseudorhodoplanes",NA
"ASV1504","Bacteria","Planctomycetota","vadinHA49",NA,NA,NA,NA
"ASV1505","Bacteria","Actinomycetota","Actinobacteria","Micrococcales","Microbacteriaceae","Galbitalea",NA
"ASV1506","Bacteria","Pseudomonadota","Alphaproteobacteria","Hyphomicrobiales","Labraceae","Labrys",NA
"ASV1507","Bacteria","Bacillota","Bacilli","Bacillales","Bacillaceae","Neobacillus",NA
"ASV1508","Bacteria","Pseudomonadota","Alphaproteobacteria","Hyphomicrobiales","Beijerinckiaceae","Methylorosula",NA
"ASV1509","Bacteria","Pseudomonadota","Gammaproteobacteria","Salinisphaerales","Nevskiaceae","Solimonas",NA
"ASV1510","Bacteria","Pseudomonadota","Alphaproteobacteria","Caulobacterales","Caulobacteraceae","Phenylobacterium","koreense"
"ASV1511","Bacteria","Verrucomicrobiota","Verrucomicrobiia","Verrucomicrobiales","Rubritaleaceae","Luteolibacter",NA
"ASV1512","Bacteria","Pseudomonadota","Alphaproteobacteria","Hyphomicrobiales","Rhizobiaceae",NA,NA
"ASV1513","Bacteria","Bacteroidota","Bacteroidia","Chitinophagales",NA,NA,NA
"ASV1514","Bacteria","Bacteroidota","Bacteroidia","Chitinophagales","Chitinophagaceae","Edaphobaculum",NA
"ASV1515","Bacteria","Pseudomonadota","Gammaproteobacteria","Burkholderiales","Comamonadaceae","Comamonas",NA
"ASV1516","Bacteria","Bacteroidota","Bacteroidia","Chitinophagales","Chitinophagaceae",NA,NA
"ASV1517","Bacteria","Pseudomonadota","Alphaproteobacteria","Rhodospirillales",NA,NA,NA
"ASV1518","Bacteria","Bdellovibrionota","Bdellovibrionia","Bdellovibrionales","Pseudobdellovibrionaceae",NA,NA
"ASV1519","Bacteria","Bdellovibrionota","Oligoflexia","0319-6G20",NA,NA,NA
"ASV1520","Bacteria","Cyanobacteriota","Sericytochromatia",NA,NA,NA,NA
"ASV1521","Bacteria","Bacillota","Bacilli","Paenibacillales","Paenibacillaceae","Paenibacillus",NA
"ASV1522","Bacteria","Cyanobacteriota","Cyanobacteriia","Chloroplast",NA,NA,NA
"ASV1523","Bacteria","Pseudomonadota","Alphaproteobacteria","Azospirillales","Azospirillaceae","Niveispirillum",NA
"ASV1524","Bacteria","Actinomycetota","Thermoleophilia","Solirubrobacterales","Solirubrobacteraceae",NA,NA
"ASV1525","Bacteria","Patescibacteria","Saccharimonadia","Saccharimonadales","LWQ8",NA,NA
"ASV1526","Bacteria","Pseudomonadota","Alphaproteobacteria","Reyranellales","Reyranellaceae","Reyranella",NA
"ASV1527","Bacteria","Patescibacteria","Saccharimonadia","Saccharimonadales","LWQ8",NA,NA
"ASV1528","Bacteria","Pseudomonadota","Alphaproteobacteria","Hyphomicrobiales","Rhizobiaceae","Aminobacter",NA
"ASV1529","Bacteria","Verrucomicrobiota","Verrucomicrobiia","Pedosphaerales","Pedosphaeraceae","Ellin517",NA
"ASV1530","Bacteria","Pseudomonadota","Alphaproteobacteria","Rickettsiales","bac2nit3",NA,NA
"ASV1531","Bacteria","Pseudomonadota","Gammaproteobacteria","Burkholderiales","TRA3-20",NA,NA
"ASV1532","Bacteria","Bacteroidota","Bacteroidia","Flavobacteriales","Flavobacteriaceae","Flavobacterium","terrigena"
"ASV1533","Bacteria","Pseudomonadota","Alphaproteobacteria","Sphingomonadales","Sphingomonadaceae","Sphingomonas",NA
"ASV1534","Bacteria","Pseudomonadota","Gammaproteobacteria","Burkholderiales","TRA3-20",NA,NA
"ASV1535","Bacteria","Pseudomonadota","Alphaproteobacteria","Caulobacterales","Caulobacteraceae","Caulobacter",NA
"ASV1536","Bacteria","Verrucomicrobiota","Verrucomicrobiia","Pedosphaerales","Pedosphaeraceae",NA,NA
"ASV1537","Bacteria","Pseudomonadota","Alphaproteobacteria","Elsterales",NA,NA,NA
"ASV1538","Bacteria","Actinomycetota","Actinobacteria","Kitasatosporales","Streptomycetaceae",NA,NA
"ASV1539","Bacteria","Pseudomonadota","Gammaproteobacteria","Burkholderiales","Alcaligenaceae",NA,NA
"ASV1540","Bacteria","Pseudomonadota","Gammaproteobacteria","Burkholderiales",NA,NA,NA
"ASV1541","Bacteria","Pseudomonadota","Gammaproteobacteria","Salinisphaerales","Nevskiaceae","Stenotrophobium",NA
"ASV1542","Bacteria","Verrucomicrobiota","Verrucomicrobiia","Opitutales","Opitutaceae","Opitutus",NA
"ASV1543","Bacteria","Chlamydiota","Chlamydiia","Chlamydiales","Parachlamydiaceae",NA,NA
"ASV1544","Bacteria",NA,NA,NA,NA,NA,NA
"ASV1545","Bacteria","Chlamydiota","Chlamydiia","Chlamydiales","Simkaniaceae",NA,NA
"ASV1546","Bacteria","Pseudomonadota","Alphaproteobacteria","Dongiales","Dongiaceae","Dongia",NA
"ASV1547","Bacteria","Actinomycetota","Thermoleophilia","Gaiellales",NA,NA,NA
"ASV1548","Bacteria","Bdellovibrionota","Oligoflexia","0319-6G20",NA,NA,NA
"ASV1549","Bacteria","Pseudomonadota","Gammaproteobacteria","Rickettsiellales","Rickettsiellaceae",NA,NA
"ASV1550","Bacteria","Pseudomonadota","Alphaproteobacteria","Paracaedibacterales","Paracaedibacteraceae",NA,NA
"ASV1551","Bacteria","Chlamydiota","Chlamydiia","Chlamydiales",NA,NA,NA
"ASV1552","Bacteria","Actinomycetota","Acidimicrobiia","Acidimicrobiales","Acidimicrobiaceae","Acidiferrimicrobium",NA
"ASV1553","Bacteria","Bacteroidota","Bacteroidia","Sphingobacteriales","Sphingobacteriaceae","Mucilaginibacter",NA
"ASV1554","Bacteria","Pseudomonadota","Alphaproteobacteria","Rhodospirillales",NA,NA,NA
"ASV1555","Bacteria","Pseudomonadota","Alphaproteobacteria","Rickettsiales","Mitochondria",NA,NA
"ASV1556","Bacteria","Pseudomonadota","Gammaproteobacteria","Pseudomonadales","Moraxellaceae","Acinetobacter","lwoffii"
"ASV1557","Bacteria","Pseudomonadota","Alphaproteobacteria","Rhodospirillales","Magnetospiraceae",NA,NA
"ASV1558","Bacteria","Abditibacteriota","Abditibacteriia","Abditibacteriales","Abditibacteriaceae","Abditibacterium",NA
"ASV1559","Bacteria","Bacteroidota","Bacteroidia","Sphingobacteriales","Sphingobacteriaceae","Mucilaginibacter",NA
"ASV1560","Bacteria","Chloroflexota","JG30-KF-CM66",NA,NA,NA,NA
"ASV1561","Bacteria","Pseudomonadota","Gammaproteobacteria","Burkholderiales","Comamonadaceae","Pseudorhodoferax",NA
"ASV1562","Bacteria","Bacteroidota","Bacteroidia","Sphingobacteriales","Sphingobacteriaceae","Mucilaginibacter",NA
"ASV1563","Bacteria","Bacteroidota","Bacteroidia","Sphingobacteriales","Sphingobacteriaceae","Arcticibacter",NA
"ASV1564","Bacteria","Pseudomonadota","Alphaproteobacteria","Rickettsiales","Rickettsiaceae","Ac37b",NA
"ASV1565","Bacteria","Pseudomonadota","Alphaproteobacteria","Hyphomicrobiales","Kaistiaceae","Kaistia",NA
"ASV1566","Bacteria","Verrucomicrobiota","Verrucomicrobiia","Opitutales","Opitutaceae","Opitutus",NA
"ASV1567","Bacteria","Dependentiae","Babeliae","Babeliales",NA,NA,NA
"ASV1568","Bacteria","Planctomycetota","Planctomycetes","Planctomycetales",NA,NA,NA
"ASV1569","Bacteria","Pseudomonadota","Gammaproteobacteria","Burkholderiales","Rhodocyclaceae","Dechloromonas",NA
"ASV1570","Bacteria","Pseudomonadota","Gammaproteobacteria","Burkholderiales","Alcaligenaceae",NA,NA
"ASV1571","Bacteria","Patescibacteria","Parcubacteria","Candidatus Kaiserbacteria",NA,NA,NA
"ASV1572","Bacteria","Bacteroidota","Bacteroidia","Chitinophagales","Chitinophagaceae",NA,NA
"ASV1573","Bacteria","Pseudomonadota","Alphaproteobacteria","Caulobacterales","Caulobacteraceae","Brevundimonas","humi"
"ASV1574","Bacteria","Pseudomonadota","Alphaproteobacteria","Micavibrionales",NA,NA,NA
"ASV1575","Bacteria","Pseudomonadota","Alphaproteobacteria","Hyphomicrobiales","Beijerinckiaceae","Methylovirgula",NA
"ASV1576","Bacteria","Pseudomonadota","Gammaproteobacteria","Burkholderiales","Nitrosomonadaceae","IS-44",NA
"ASV1577","Bacteria","Bacteroidota","Bacteroidia","Cytophagales","Microscillaceae","Ohtaekwangia",NA
"ASV1578","Bacteria","Pseudomonadota","Gammaproteobacteria","JTB23",NA,NA,NA
"ASV1579","Bacteria","Pseudomonadota","Alphaproteobacteria",NA,NA,NA,NA
"ASV1580","Bacteria","Pseudomonadota","Alphaproteobacteria","Micavibrionales",NA,NA,NA
"ASV1581","Bacteria","Pseudomonadota","Alphaproteobacteria","Hyphomicrobiales","Xanthobacteraceae","Pseudolabrys",NA
"ASV1582","Bacteria","Bdellovibrionota","Oligoflexia","Oligoflexales","Oligoflexaceae",NA,NA
"ASV1583","Bacteria","Pseudomonadota","Gammaproteobacteria","Legionellales","Legionellaceae","Legionella",NA
"ASV1584","Bacteria","Actinomycetota","Actinobacteria","Micrococcales","Microbacteriaceae","Microbacterium",NA
"ASV1585","Bacteria","Pseudomonadota","Alphaproteobacteria","Rickettsiales","SM2D12",NA,NA
"ASV1586","Bacteria","Actinomycetota","Actinobacteria","Micrococcales","Microbacteriaceae",NA,NA
"ASV1587","Bacteria","Actinomycetota","Actinobacteria","Micrococcales","Microbacteriaceae","Gryllotalpicola",NA
"ASV1588","Bacteria","Patescibacteria","Saccharimonadia","Saccharimonadales","Saccharimonadaceae","TM7a",NA
"ASV1589","Bacteria","Pseudomonadota","Alphaproteobacteria","Zavarziniales",NA,NA,NA
"ASV1590","Bacteria","Bdellovibrionota","Bdellovibrionia","Bdellovibrionales","Pseudobdellovibrionaceae",NA,NA
"ASV1591","Bacteria","Actinomycetota","Actinobacteria","Micromonosporales","Micromonosporaceae","Rugosimonospora",NA
"ASV1592","Bacteria","Pseudomonadota","Alphaproteobacteria","Sphingomonadales","Sphingomonadaceae","Sphingopyxis",NA
"ASV1593","Bacteria","Pseudomonadota","Alphaproteobacteria","Hyphomicrobiales","Devosiaceae","Devosia",NA
"ASV1594","Bacteria","Bacteroidota","Bacteroidia","Flavobacteriales","Flavobacteriaceae","Flavobacterium","chungbukense"
"ASV1595","Bacteria","Cyanobacteriota","Vampirivibrionia","Obscuribacterales","Obscuribacteraceae",NA,NA
"ASV1596","Bacteria","Pseudomonadota","Alphaproteobacteria","Hyphomicrobiales","Xanthobacteraceae","Pseudolabrys",NA
"ASV1597","Bacteria","Bacteroidota","Bacteroidia","Chitinophagales","Chitinophagaceae","Edaphobaculum",NA
"ASV1598","Bacteria","Actinomycetota","Actinobacteria","Micrococcales","Microbacteriaceae","Microbacterium","suwonense"
"ASV1599","Bacteria","Pseudomonadota","Alphaproteobacteria","Sphingomonadales","Sphingomonadaceae","Hephaestia",NA
"ASV1600","Bacteria","Acidobacteriota","Vicinamibacteria","Vicinamibacterales","Vicinamibacteraceae",NA,NA
"ASV1601","Bacteria","Bacteroidota","Bacteroidia","Cytophagales","Microscillaceae","Chryseotalea",NA
"ASV1602","Bacteria","Pseudomonadota","Alphaproteobacteria","Sphingomonadales","Sphingomonadaceae","Rhizorhabdus",NA
"ASV1603","Bacteria","Pseudomonadota","Alphaproteobacteria","Caulobacterales","Caulobacteraceae","Asticcacaulis",NA
"ASV1604","Bacteria","Chloroflexota","JG30-KF-CM66",NA,NA,NA,NA
"ASV1605","Bacteria","Bacillota","Bacilli","Alicyclobacillales","Alicyclobacillaceae","Alicyclobacillus","fastidiosus"
"ASV1606","Bacteria","Pseudomonadota","Alphaproteobacteria","Rhodospirillales","Rhodospirillaceae",NA,NA
"ASV1607","Bacteria","Patescibacteria","Saccharimonadia","Saccharimonadales",NA,NA,NA
"ASV1608","Bacteria","Bdellovibrionota","Bdellovibrionia","Bdellovibrionales","Pseudobdellovibrionaceae",NA,NA
"ASV1609","Bacteria","Actinomycetota","Actinobacteria","Frankiales","Geodermatophilaceae","Blastococcus",NA
"ASV1610","Bacteria","Pseudomonadota","Alphaproteobacteria","Rickettsiales","SM2D12",NA,NA
"ASV1611","Bacteria","Patescibacteria","Saccharimonadia","Saccharimonadales","Saccharimonadaceae","TM7a",NA
"ASV1612","Bacteria","Chlamydiota","Chlamydiia","Chlamydiales","cvE6",NA,NA
"ASV1613","Bacteria","Actinomycetota","Actinobacteria","Kitasatosporales","Streptomycetaceae","Streptomyces",NA
"ASV1614","Bacteria","Bacteroidota","Bacteroidia","Sphingobacteriales","Sphingobacteriaceae",NA,NA
"ASV1615","Bacteria","Bacillota","Bacilli","Bacillales","Bacillaceae",NA,NA
"ASV1616","Bacteria","Pseudomonadota","Alphaproteobacteria","Hyphomicrobiales","Hyphomicrobiales Incertae Sedis","Bauldia",NA
"ASV1617","Bacteria","Pseudomonadota","Alphaproteobacteria","Dongiales","Dongiaceae","Dongia",NA
"ASV1618","Bacteria","Pseudomonadota","Gammaproteobacteria","Legionellales","Legionellaceae","Legionella",NA
"ASV1619","Bacteria","Pseudomonadota","Alphaproteobacteria","Hyphomicrobiales","Devosiaceae","Devosia",NA
"ASV1620","Bacteria","Pseudomonadota","Gammaproteobacteria","Salinisphaerales","Nevskiaceae",NA,NA
"ASV1621","Bacteria","Patescibacteria","Saccharimonadia","Saccharimonadales",NA,NA,NA
"ASV1622","Bacteria","Pseudomonadota","Alphaproteobacteria","Rickettsiales","SM2D12",NA,NA
"ASV1623","Bacteria","Pseudomonadota","Alphaproteobacteria","Ferrovibrionales",NA,NA,NA
"ASV1624","Bacteria","Pseudomonadota","Alphaproteobacteria","Holosporales","Holosporaceae",NA,NA
"ASV1625","Bacteria","Pseudomonadota","Gammaproteobacteria","Gammaproteobacteria Incertae Sedis","Unknown Family","Candidatus Ovatusbacter",NA
"ASV1626","Bacteria","Pseudomonadota","Gammaproteobacteria","Legionellales","Legionellaceae","Legionella",NA
"ASV1627","Bacteria","Pseudomonadota","Alphaproteobacteria","Micavibrionales",NA,NA,NA
"ASV1628","Bacteria","Pseudomonadota","Alphaproteobacteria","Rickettsiales","SM2D12",NA,NA
"ASV1629","Bacteria","Pseudomonadota","Alphaproteobacteria","Hyphomicrobiales","Xanthobacteraceae","Pseudolabrys",NA
"ASV1630","Bacteria","Pseudomonadota","Alphaproteobacteria","Hyphomicrobiales","Rhizobiaceae","Mesorhizobium",NA
"ASV1631","Bacteria","Bacteroidota","Bacteroidia","Flavobacteriales","Flavobacteriaceae","Flavobacterium",NA
"ASV1632","Bacteria","Pseudomonadota","Alphaproteobacteria","Rhodospirillales","Magnetospiraceae",NA,NA
"ASV1633","Bacteria","Dependentiae","Babeliae","Babeliales","Vermiphilaceae",NA,NA
"ASV1634","Bacteria","Bdellovibrionota","Bdellovibrionia","Bdellovibrionales","Pseudobdellovibrionaceae",NA,NA
"ASV1635","Bacteria","Pseudomonadota","Gammaproteobacteria","Pseudomonadales","Cellvibrionaceae","Cellvibrio",NA
"ASV1636","Bacteria","Pseudomonadota","Gammaproteobacteria","Burkholderiales","Comamonadaceae","Azohydromonas",NA
"ASV1637","Bacteria","Pseudomonadota","Alphaproteobacteria","Caulobacterales","Caulobacteraceae","Asticcacaulis",NA
"ASV1638","Bacteria","Myxococcota","Polyangiia","Polyangiales","Polyangiaceae","Pajaroellobacter",NA
"ASV1639","Bacteria","Myxococcota","Polyangiia","Polyangiales","Phaselicystaceae","Phaselicystis",NA
"ASV1640","Bacteria","Pseudomonadota","Alphaproteobacteria","Reyranellales","Reyranellaceae","Reyranella",NA
"ASV1641","Bacteria","Planctomycetota","Planctomycetes","Planctomycetales",NA,NA,NA
"ASV1642","Bacteria","Pseudomonadota","Gammaproteobacteria","Pseudomonadales",NA,NA,NA
"ASV1643","Bacteria","Acidobacteriota","Acidobacteriae","Terriglobales","Acidobacteriaceae (Subgroup 1)","Acidobacterium",NA
"ASV1644","Bacteria","Pseudomonadota","Gammaproteobacteria","Legionellales","Legionellaceae","Legionella",NA
"ASV1645","Bacteria","Pseudomonadota","Gammaproteobacteria","Burkholderiales","Comamonadaceae",NA,NA
"ASV1646","Bacteria","Bdellovibrionota","Bdellovibrionia","Bdellovibrionales","Pseudobdellovibrionaceae",NA,NA
"ASV1647","Bacteria","Pseudomonadota","Alphaproteobacteria","Zavarziniales",NA,NA,NA
"ASV1648","Bacteria","Pseudomonadota","Gammaproteobacteria","Legionellales","Legionellaceae","Legionella",NA
"ASV1649","Bacteria","Bacteroidota","Bacteroidia","Flavobacteriales","Flavobacteriaceae","Flavobacterium","saccharophilum"
"ASV1650","Bacteria","Pseudomonadota","Alphaproteobacteria","Rhodospirillales",NA,NA,NA
"ASV1651","Bacteria","Pseudomonadota","Alphaproteobacteria","Rhodospirillales",NA,NA,NA
"ASV1652","Bacteria","Pseudomonadota","Alphaproteobacteria","Rhodospirillales","Rhodospirillaceae",NA,NA
"ASV1653","Bacteria","Pseudomonadota","Alphaproteobacteria","Hyphomicrobiales","Rhizobiaceae","Pseudaminobacter",NA
"ASV1654","Bacteria","Pseudomonadota","Gammaproteobacteria","Burkholderiales","Chitinimonadaceae","Chitinimonas","koreensis"
"ASV1655","Bacteria","Bacteroidota","Bacteroidia","Flavobacteriales","Flavobacteriaceae","Flavobacterium",NA
"ASV1656","Bacteria","Actinomycetota","Actinobacteria","Mycobacteriales","Nocardiaceae","Nocardia",NA
"ASV1657","Bacteria","Pseudomonadota","Gammaproteobacteria","Lysobacterales","Rhodanobacteraceae","Rhodanobacter",NA
"ASV1658","Bacteria","Actinomycetota","Actinobacteria","Propionibacteriales","Propionibacteriaceae","Microlunatus",NA
"ASV1659","Bacteria","Chlamydiota","Chlamydiia","Chlamydiales","Parachlamydiaceae",NA,NA
"ASV1660","Bacteria","Pseudomonadota","Gammaproteobacteria","Legionellales","Legionellaceae","Legionella",NA
"ASV1661","Bacteria","Patescibacteria","Saccharimonadia","Saccharimonadales","Saccharimonadaceae","TM7a",NA
"ASV1662","Bacteria","Patescibacteria","Parcubacteria","Candidatus Kaiserbacteria",NA,NA,NA
"ASV1663","Bacteria","Bacteroidota","Bacteroidia","Sphingobacteriales","FFCH9454",NA,NA
"ASV1664","Bacteria","Bdellovibrionota","Oligoflexia","0319-6G20",NA,NA,NA
"ASV1665","Bacteria","Bacteroidota","Bacteroidia","Flavobacteriales","Flavobacteriaceae","Flavobacterium",NA
"ASV1666","Bacteria","Bacillota","Bacilli","Paenibacillales","Paenibacillaceae","Paenibacillus",NA
"ASV1667","Bacteria","Pseudomonadota","Alphaproteobacteria","Caulobacterales","Hyphomonadaceae","SWB02",NA
"ASV1668","Bacteria","Pseudomonadota","Alphaproteobacteria","Rhodospirillales","Magnetospiraceae",NA,NA
"ASV1669","Bacteria","Pseudomonadota","Gammaproteobacteria","Burkholderiales","Oxalobacteraceae",NA,NA
"ASV1670","Bacteria","Pseudomonadota","Gammaproteobacteria","Burkholderiales","Methylophilaceae","Methylobacillus",NA
"ASV1671","Bacteria","Pseudomonadota","Alphaproteobacteria","Rickettsiales","SM2D12",NA,NA
"ASV1672","Bacteria","Patescibacteria","Parcubacteria","Candidatus Nomurabacteria",NA,NA,NA
"ASV1673","Bacteria","Pseudomonadota","Alphaproteobacteria","Hyphomicrobiales","Xanthobacteraceae","Rhodopseudomonas",NA
"ASV1674","Bacteria","Pseudomonadota","Gammaproteobacteria","Burkholderiales","Comamonadaceae","Curvibacter",NA
"ASV1675","Bacteria","Pseudomonadota","Alphaproteobacteria","Hyphomicrobiales","Hyphomicrobiales Incertae Sedis","Bauldia",NA
"ASV1676","Bacteria","Bdellovibrionota","Oligoflexia","Oligoflexales","Oligoflexaceae","Oligoflexus",NA
"ASV1677","Bacteria","Pseudomonadota","Gammaproteobacteria","Burkholderiales",NA,NA,NA
"ASV1678","Bacteria","Planctomycetota","Planctomycetes","Planctomycetales","Rubinisphaeraceae","SH-PL14",NA
"ASV1679","Bacteria","Pseudomonadota","Gammaproteobacteria","Lysobacterales","Lysobacteraceae","Stenotrophomonas",NA
"ASV1680","Bacteria","Pseudomonadota","Gammaproteobacteria","WD260",NA,NA,NA
"ASV1681","Bacteria","Pseudomonadota","Alphaproteobacteria","Hyphomicrobiales","Rhizobiaceae","Zhengella",NA
"ASV1682","Bacteria","Actinomycetota","Actinobacteria","Micrococcales","Cellulomonadaceae","Actinotalea",NA
"ASV1683","Bacteria","Bacteroidota","Bacteroidia","Flavobacteriales","Flavobacteriaceae","Flavobacterium",NA
"ASV1684","Bacteria","Pseudomonadota","Gammaproteobacteria","Burkholderiales","Oxalobacteraceae","Duganella",NA
"ASV1685","Bacteria","Pseudomonadota","Gammaproteobacteria","Burkholderiales","Methylophilaceae","Methylobacillus",NA
"ASV1686","Bacteria","Actinomycetota","Actinobacteria","Micrococcales","Microbacteriaceae","Microbacterium",NA
"ASV1687","Bacteria","Bacteroidota","Bacteroidia","Chitinophagales","Chitinophagaceae","Edaphobaculum",NA
"ASV1688","Bacteria","Bdellovibrionota","Oligoflexia","0319-6G20",NA,NA,NA
"ASV1689","Bacteria","Pseudomonadota","Alphaproteobacteria","Acetobacterales","Acetobacteraceae",NA,NA
"ASV1690","Bacteria","Planctomycetota","Planctomycetes","Pirellulales","Pirellulaceae",NA,NA
"ASV1691","Bacteria","Pseudomonadota","Gammaproteobacteria","Legionellales","Legionellaceae","Legionella",NA
"ASV1692","Bacteria","Bdellovibrionota","Oligoflexia","0319-6G20",NA,NA,NA
"ASV1693","Bacteria","Pseudomonadota","Gammaproteobacteria","Lysobacterales","Rhodanobacteraceae","Frateuria",NA
"ASV1694","Bacteria","Pseudomonadota","Alphaproteobacteria","Hyphomicrobiales","Rhizobiaceae","Rhizobium",NA
"ASV1695","Bacteria","Pseudomonadota","Alphaproteobacteria","Acetobacterales","Acetobacteraceae","Acidisoma",NA
"ASV1696","Bacteria","Gemmatimonadota","Longimicrobiia","Longimicrobiales","Longimicrobiaceae",NA,NA
"ASV1697","Bacteria","Verrucomicrobiota","Verrucomicrobiia","Opitutales","Opitutaceae","Opitutus",NA
"ASV1698","Bacteria","Bdellovibrionota","Oligoflexia","0319-6G20",NA,NA,NA
"ASV1699","Bacteria","Pseudomonadota","Alphaproteobacteria","Reyranellales","Reyranellaceae","Reyranella",NA
"ASV1700","Bacteria","Pseudomonadota","Alphaproteobacteria","Hyphomicrobiales","Xanthobacteraceae","Pseudoxanthobacter",NA
"ASV1701","Bacteria","Bacteroidota","Bacteroidia","Flavobacteriales","NS9 marine group",NA,NA
"ASV1702","Bacteria","Pseudomonadota","Alphaproteobacteria","Hyphomicrobiales","Devosiaceae","Devosia","geojensis"
"ASV1703","Bacteria","Bacteroidota","Bacteroidia","Sphingobacteriales","Sphingobacteriaceae","Pedobacter","insulae"
"ASV1704","Bacteria","Verrucomicrobiota","Verrucomicrobiia","Pedosphaerales","Pedosphaeraceae",NA,NA
"ASV1705","Bacteria","Verrucomicrobiota","Verrucomicrobiia","Verrucomicrobiales","Rubritaleaceae","Luteolibacter","gellanilyticus"
"ASV1706","Bacteria","Chloroflexota","Anaerolineae","Aggregatilineales","Aggregatilineaceae",NA,NA
"ASV1707","Bacteria","Bacillota","Bacilli","Paenibacillales","Paenibacillaceae","Paenibacillus",NA
"ASV1708","Bacteria","Bdellovibrionota","Bdellovibrionia","Bdellovibrionales","Pseudobdellovibrionaceae",NA,NA
"ASV1709","Bacteria","Pseudomonadota","Alphaproteobacteria","Rickettsiales","SM2D12",NA,NA
"ASV1710","Bacteria","Patescibacteria","Saccharimonadia","Saccharimonadales",NA,NA,NA
"ASV1711","Bacteria","Pseudomonadota","Alphaproteobacteria","Parvibaculales","Parvibaculaceae","Parvibaculum",NA
"ASV1712","Bacteria","Actinomycetota","Actinobacteria","Frankiales","Acidothermaceae","Acidothermus",NA
"ASV1713","Bacteria","Bacteroidota","Bacteroidia","Flavobacteriales","Weeksellaceae","Chryseobacterium",NA
"ASV1714","Bacteria","Pseudomonadota","Gammaproteobacteria","Burkholderiales","Comamonadaceae","Curvibacter",NA
"ASV1715","Bacteria","Verrucomicrobiota","Verrucomicrobiia","Opitutales","Opitutaceae","Opitutus",NA
"ASV1716","Bacteria","Verrucomicrobiota","Verrucomicrobiia","Verrucomicrobiales","Verrucomicrobiaceae","Prosthecobacter",NA
"ASV1717","Bacteria","Pseudomonadota","Gammaproteobacteria","Gammaproteobacteria Incertae Sedis","Unknown Family","Candidatus Ovatusbacter",NA
"ASV1718","Bacteria","Bacillota","Bacilli","Paenibacillales","Paenibacillaceae","Paenibacillus","rhizoryzae"
"ASV1719","Bacteria","Patescibacteria","Saccharimonadia","Saccharimonadales","Saccharimonadaceae","TM7a",NA
"ASV1720","Bacteria","Pseudomonadota","Alphaproteobacteria","Rhodospirillales",NA,NA,NA
"ASV1721","Bacteria","Pseudomonadota","Gammaproteobacteria",NA,NA,NA,NA
"ASV1722","Bacteria","Bacteroidota","Bacteroidia","Flavobacteriales","Weeksellaceae","Chryseobacterium",NA
"ASV1723","Bacteria","Bacteroidota","Bacteroidia","Sphingobacteriales","Sphingobacteriaceae","Mucilaginibacter",NA
"ASV1724","Bacteria","Pseudomonadota","Alphaproteobacteria","Micavibrionales",NA,NA,NA
"ASV1725","Bacteria","Pseudomonadota","Gammaproteobacteria","Burkholderiales","Rhodocyclaceae","Uliginosibacterium",NA
"ASV1726","Bacteria","Actinomycetota","Acidimicrobiia","Microtrichales","Iamiaceae","Iamia",NA
"ASV1727","Bacteria","Pseudomonadota","Alphaproteobacteria","Acetobacterales","Acetobacteraceae","Rhodovastum",NA
"ASV1728","Bacteria","Pseudomonadota","Gammaproteobacteria","Legionellales","Legionellaceae","Legionella",NA
"ASV1729","Bacteria","Pseudomonadota","Alphaproteobacteria","Sphingomonadales","Sphingomonadaceae","Sphingomonas",NA
"ASV1730","Bacteria","Pseudomonadota","Alphaproteobacteria","Sphingomonadales","Sphingomonadaceae","Novosphingobium",NA
"ASV1731","Bacteria","Verrucomicrobiota","Verrucomicrobiia","Pedosphaerales","Pedosphaeraceae",NA,NA
"ASV1732","Bacteria","Pseudomonadota","Gammaproteobacteria","Legionellales","Legionellaceae","Legionella",NA
"ASV1733","Bacteria","Bdellovibrionota","Oligoflexia","0319-6G20",NA,NA,NA
"ASV1734","Bacteria","Gemmatimonadota","Gemmatimonadia","Gemmatimonadales","Gemmatimonadaceae","Gemmatimonas",NA
"ASV1735","Bacteria","Thermodesulfobacteriota","Desulfuromonadia","PB19",NA,NA,NA
"ASV1736","Bacteria","Elusimicrobiota","Elusimicrobia","Lineage IV",NA,NA,NA
"ASV1737","Bacteria","Pseudomonadota","Gammaproteobacteria","Pseudomonadales","Pseudomonadaceae","Pseudomonas",NA
"ASV1738","Bacteria","Patescibacteria","Saccharimonadia","Saccharimonadales",NA,NA,NA
"ASV1739","Bacteria","Planctomycetota","Planctomycetes","Isosphaerales","Isosphaeraceae","Paludisphaera",NA
"ASV1740","Bacteria","Bacteroidota","Bacteroidia","Sphingobacteriales","Sphingobacteriaceae","Nubsella","zeaxanthinifaciens"
"ASV1741","Bacteria","Pseudomonadota","Alphaproteobacteria","Hyphomicrobiales",NA,NA,NA
"ASV1742","Bacteria","Bacteroidota","Bacteroidia","Flavobacteriales","Crocinitomicaceae","Fluviicola",NA
"ASV1743","Bacteria","Pseudomonadota","Alphaproteobacteria","Acetobacterales","Acetobacteraceae","Rhodopila",NA
"ASV1744","Bacteria","Pseudomonadota","Gammaproteobacteria","Gammaproteobacteria Incertae Sedis","Unknown Family",NA,NA
"ASV1745","Bacteria","Actinomycetota","Actinobacteria","Micrococcales","Dermacoccaceae","Flexivirga",NA
"ASV1746","Bacteria","Bacteroidota","Bacteroidia","Chitinophagales","Chitinophagaceae","Flavisolibacter",NA
"ASV1747","Bacteria","Actinomycetota","Thermoleophilia","Gaiellales",NA,NA,NA
"ASV1748","Bacteria","Bacteroidota","Bacteroidia","Sphingobacteriales","Sphingobacteriaceae","Pedobacter",NA
"ASV1749","Bacteria","Pseudomonadota","Gammaproteobacteria","Burkholderiales","Burkholderiaceae","Burkholderia-Caballeronia-Paraburkholderia",NA
"ASV1750","Bacteria","Actinomycetota","Actinobacteria","Micrococcales","Microbacteriaceae",NA,NA
"ASV1751","Bacteria","Pseudomonadota","Gammaproteobacteria","Pseudomonadales","Cellvibrionaceae","Cellvibrio","fulvus"
"ASV1752","Bacteria","Pseudomonadota","Gammaproteobacteria","Legionellales","Legionellaceae","Legionella",NA
"ASV1753","Bacteria","Bacillota","Bacilli","Paenibacillales","Paenibacillaceae","Paenibacillus",NA
"ASV1754","Bacteria","Pseudomonadota","Alphaproteobacteria","Micavibrionales",NA,NA,NA
"ASV1755","Bacteria","Pseudomonadota","Gammaproteobacteria","Burkholderiales","Oxalobacteraceae","Massilia","timonae"
"ASV1756","Bacteria","Actinomycetota","Actinobacteria","Frankiales","Frankiaceae","Jatrophihabitans",NA
"ASV1757","Bacteria","Bacillota","Bacilli","Paenibacillales","Paenibacillaceae","Paenibacillus",NA
"ASV1758","Bacteria","Verrucomicrobiota","Verrucomicrobiia","Pedosphaerales","Pedosphaeraceae",NA,NA
"ASV1759","Bacteria","Actinomycetota","Acidimicrobiia","Acidimicrobiales","Acidimicrobiaceae",NA,NA
"ASV1760","Bacteria","Pseudomonadota","Gammaproteobacteria",NA,NA,NA,NA
"ASV1761","Bacteria","Actinomycetota","Actinobacteria","Pseudonocardiales","Pseudonocardiaceae","Pseudonocardia",NA
"ASV1762","Bacteria","Bdellovibrionota","Oligoflexia","Silvanigrellales","Silvanigrellaceae",NA,NA
"ASV1763","Bacteria","Pseudomonadota","Gammaproteobacteria","Rickettsiellales","Rickettsiellaceae","Aquicella",NA
"ASV1764","Bacteria","Bdellovibrionota","Bdellovibrionia","Bdellovibrionales","Pseudobdellovibrionaceae",NA,NA
"ASV1765","Bacteria","Bdellovibrionota","Bdellovibrionia","Bdellovibrionales","Pseudobdellovibrionaceae",NA,NA
"ASV1766","Bacteria","Bacteroidota","Bacteroidia","Flavobacteriales","Flavobacteriaceae","Flavobacterium",NA
"ASV1767","Bacteria","Pseudomonadota","Alphaproteobacteria","Hyphomicrobiales","Devosiaceae","Youhaiella",NA
"ASV1768","Bacteria","Pseudomonadota","Gammaproteobacteria","Burkholderiales","Comamonadaceae",NA,NA
"ASV1769","Bacteria","Pseudomonadota","Gammaproteobacteria","Burkholderiales","Burkholderiaceae","Pandoraea",NA
"ASV1770","Bacteria","Pseudomonadota","Alphaproteobacteria","Hyphomicrobiales","Devosiaceae","Devosia",NA
"ASV1771","Bacteria","Pseudomonadota","Gammaproteobacteria","Burkholderiales","TRA3-20",NA,NA
"ASV1772","Bacteria","Bacillota","Bacilli","Paenibacillales","Paenibacillaceae","Paludirhabdus",NA
"ASV1773","Bacteria","Pseudomonadota","Alphaproteobacteria","Micropepsales","Micropepsaceae",NA,NA
"ASV1774","Bacteria","Pseudomonadota","Alphaproteobacteria","Caulobacterales","Caulobacteraceae",NA,NA
"ASV1775","Bacteria","Pseudomonadota","Alphaproteobacteria","Hyphomicrobiales","Rhizobiaceae","Endobacterium",NA
"ASV1776","Bacteria","Pseudomonadota","Gammaproteobacteria",NA,NA,NA,NA
"ASV1777","Bacteria","Patescibacteria","Saccharimonadia","Saccharimonadales","Saccharimonadaceae","TM7a",NA
"ASV1778","Bacteria","Bacillota","Bacilli",NA,NA,NA,NA
"ASV1779","Bacteria","Pseudomonadota","Alphaproteobacteria","Micavibrionales",NA,NA,NA
"ASV1780","Bacteria","Pseudomonadota","Alphaproteobacteria","Micavibrionales",NA,NA,NA
"ASV1781","Bacteria","Pseudomonadota","Gammaproteobacteria","Burkholderiales","Comamonadaceae",NA,NA
"ASV1782","Bacteria","Pseudomonadota","Alphaproteobacteria","Paracaedibacterales","Paracaedibacteraceae",NA,NA
"ASV1783","Bacteria","Myxococcota","Polyangiia","Haliangiales","Haliangiaceae",NA,NA
"ASV1784","Bacteria","Pseudomonadota","Alphaproteobacteria","Rickettsiales","bac2nit3",NA,NA
"ASV1785","Bacteria","Pseudomonadota","Alphaproteobacteria","Hyphomicrobiales","Beijerinckiaceae","Roseiarcus",NA
"ASV1786","Bacteria","Pseudomonadota","Alphaproteobacteria","Hyphomicrobiales","Xanthobacteraceae",NA,NA
"ASV1787","Bacteria","Verrucomicrobiota","Verrucomicrobiia","Opitutales","Opitutaceae",NA,NA
"ASV1788","Bacteria","Pseudomonadota","Gammaproteobacteria","Lysobacterales","Rhodanobacteraceae","Rhodanobacter",NA
"ASV1789","Bacteria","Pseudomonadota","Gammaproteobacteria","Legionellales","Legionellaceae","Legionella",NA
"ASV1790","Bacteria","Bdellovibrionota","Oligoflexia","0319-6G20",NA,NA,NA
"ASV1791","Bacteria","Pseudomonadota","Alphaproteobacteria","Hyphomicrobiales","Rhizobiaceae",NA,NA
"ASV1792","Bacteria","Verrucomicrobiota","Verrucomicrobiia","Opitutales","Opitutaceae","Opitutus",NA
"ASV1793","Bacteria","Pseudomonadota","Alphaproteobacteria","Paracaedibacterales","Paracaedibacteraceae","Candidatus Paracaedibacter",NA
"ASV1794","Bacteria","Acidobacteriota","Acidobacteriae","Terriglobales","Acidobacteriaceae (Subgroup 1)","Granulicella",NA
"ASV1795","Bacteria","Patescibacteria","Saccharimonadia","Saccharimonadales","Saccharimonadaceae","TM7a",NA
"ASV1796","Bacteria","Actinomycetota","Actinobacteria","Mycobacteriales","Nocardiaceae","Gordonia",NA
"ASV1797","Bacteria","Bacteroidota","Bacteroidia","Cytophagales","Spirosomataceae","Fibrella",NA
"ASV1798","Bacteria","Pseudomonadota","Gammaproteobacteria","Rickettsiellales","Rickettsiellaceae","Aquicella",NA
"ASV1799","Bacteria","Actinomycetota","Actinobacteria","Pseudonocardiales","Pseudonocardiaceae","Pseudonocardia",NA
"ASV1800","Bacteria","Pseudomonadota","Gammaproteobacteria",NA,NA,NA,NA
"ASV1801","Bacteria","Actinomycetota","Actinobacteria","Mycobacteriales","Nocardiaceae","Gordonia",NA
"ASV1802","Bacteria","Cyanobacteriota","Cyanobacteriia","Chloroplast",NA,NA,NA
"ASV1803","Bacteria","Patescibacteria","Saccharimonadia","Saccharimonadales",NA,NA,NA
"ASV1804","Bacteria","Patescibacteria","Saccharimonadia","Saccharimonadales","Saccharimonadaceae","TM7a",NA
"ASV1805","Bacteria","Bacillota","Bacilli","Paenibacillales","Paenibacillaceae","Paludirhabdus",NA
"ASV1806","Bacteria","Pseudomonadota","Alphaproteobacteria","Azospirillales","Inquilinaceae","Inquilinus",NA
"ASV1807","Bacteria","Pseudomonadota","Alphaproteobacteria","Hyphomicrobiales","Rhizobiaceae","Shinella",NA
"ASV1808","Bacteria","Bacteroidota","Bacteroidia","Chitinophagales","Chitinophagaceae",NA,NA
"ASV1809","Bacteria","Pseudomonadota","Gammaproteobacteria","Enterobacterales","Yersiniaceae","Yersinia",NA
"ASV1810","Bacteria","Pseudomonadota","Gammaproteobacteria","Burkholderiales","Comamonadaceae","Comamonas",NA
"ASV1811","Bacteria","Pseudomonadota","Gammaproteobacteria","Burkholderiales","Burkholderiaceae","Burkholderia-Caballeronia-Paraburkholderia",NA
"ASV1812","Bacteria","Pseudomonadota","Alphaproteobacteria","Sphingomonadales","Sphingomonadaceae","Rhizorhabdus",NA
"ASV1813","Bacteria","Pseudomonadota","Gammaproteobacteria","Legionellales","Legionellaceae","Legionella",NA
"ASV1814","Bacteria","Bacteroidota","Bacteroidia","Sphingobacteriales","Sphingobacteriaceae","Mucilaginibacter",NA
"ASV1815","Bacteria","Bdellovibrionota","Bdellovibrionia","Bdellovibrionales","Pseudobdellovibrionaceae","Pseudobdellovibrio",NA
"ASV1816","Bacteria","Pseudomonadota","Alphaproteobacteria","Puniceispirillales",NA,NA,NA
"ASV1817","Bacteria","Planctomycetota","Planctomycetes","Isosphaerales","Isosphaeraceae","Paludisphaera",NA
"ASV1818","Bacteria","Pseudomonadota","Alphaproteobacteria","Micropepsales","Micropepsaceae",NA,NA
"ASV1819","Bacteria","Verrucomicrobiota","Verrucomicrobiia","Verrucomicrobiales","Rubritaleaceae","Luteolibacter",NA
"ASV1820","Bacteria","Pseudomonadota","Gammaproteobacteria","Legionellales","Legionellaceae","Legionella",NA
"ASV1821","Bacteria","Bacillota","Bacilli","Alicyclobacillales","Alicyclobacillaceae","Alicyclobacillus",NA
"ASV1822","Bacteria","Pseudomonadota","Gammaproteobacteria","Burkholderiales","Comamonadaceae","Hydrogenophaga",NA
"ASV1823","Bacteria","Pseudomonadota","Gammaproteobacteria",NA,NA,NA,NA
"ASV1824","Bacteria","Bacillota","Bacilli","Paenibacillales","Paenibacillaceae","Paenibacillus",NA
"ASV1825","Bacteria","Myxococcota","Polyangiia","Haliangiales","Haliangiaceae",NA,NA
"ASV1826","Bacteria","Verrucomicrobiota","Verrucomicrobiia","Opitutales","Opitutaceae","Opitutus",NA
"ASV1827","Bacteria","Pseudomonadota","Alphaproteobacteria","Micropepsales","Micropepsaceae",NA,NA
"ASV1828","Bacteria","Pseudomonadota","Alphaproteobacteria","Caulobacterales","Caulobacteraceae","Phenylobacterium",NA
"ASV1829","Bacteria","Patescibacteria","Saccharimonadia","Saccharimonadales","Saccharimonadaceae","TM7a",NA
"ASV1830","Bacteria","Pseudomonadota","Alphaproteobacteria","Rickettsiales","AB1",NA,NA
"ASV1831","Bacteria","Pseudomonadota","Gammaproteobacteria","Burkholderiales","Comamonadaceae",NA,NA
"ASV1832","Bacteria","Bacteroidota","Bacteroidia","Cytophagales","Cytophagaceae","Sporocytophaga",NA
"ASV1833","Bacteria","Bacteroidota","Bacteroidia","Sphingobacteriales","Sphingobacteriaceae","Mucilaginibacter",NA
"ASV1834","Bacteria","Pseudomonadota","Alphaproteobacteria","Rhodospirillales","Magnetospirillaceae",NA,NA
"ASV1835","Bacteria","Actinomycetota","Actinobacteria","Propionibacteriales","Propionibacteriaceae","Microlunatus",NA
"ASV1836","Bacteria","Bacteroidota","Bacteroidia","Sphingobacteriales","Sphingobacteriaceae","Mucilaginibacter",NA
"ASV1837","Bacteria","Pseudomonadota","Alphaproteobacteria","Acetobacterales","Acetobacteraceae","Rhodovastum",NA
"ASV1838","Bacteria","Pseudomonadota","Alphaproteobacteria","Paracaedibacterales","Paracaedibacteraceae",NA,NA
"ASV1839","Bacteria","Patescibacteria","Parcubacteria","Candidatus Zambryskibacteria",NA,NA,NA
"ASV1840","Bacteria","Pseudomonadota","Alphaproteobacteria","Holosporales","Holosporaceae",NA,NA
"ASV1841","Bacteria","Bacteroidota","Bacteroidia","Flavobacteriales","Weeksellaceae","Chryseobacterium",NA
"ASV1842","Bacteria","Pseudomonadota","Alphaproteobacteria","Hyphomicrobiales","Beijerinckiaceae","Methylocella",NA
"ASV1843","Bacteria","Myxococcota","Myxococcia","Myxococcales","Myxococcaceae","P3OB-42",NA
"ASV1844","Bacteria","Bdellovibrionota","Oligoflexia","0319-6G20",NA,NA,NA
"ASV1845","Bacteria","Pseudomonadota","Alphaproteobacteria",NA,NA,NA,NA
"ASV1846","Bacteria","Bdellovibrionota","Oligoflexia","Silvanigrellales","Silvanigrellaceae","Fluviispira",NA
"ASV1847","Bacteria","Bacillota","Bacilli","Paenibacillales","Paenibacillaceae","Paludirhabdus",NA
"ASV1848","Bacteria","Bacillota","Bacilli","Paenibacillales","Paenibacillaceae","Paenibacillus",NA
"ASV1849","Bacteria","Bacteroidota","Bacteroidia","Flavobacteriales","Flavobacteriaceae","Flavobacterium",NA
"ASV1850","Bacteria","Pseudomonadota","Alphaproteobacteria",NA,NA,NA,NA
"ASV1851","Bacteria","Pseudomonadota","Alphaproteobacteria","Hyphomicrobiales","Rhizobiaceae",NA,NA
"ASV1852","Bacteria","Bdellovibrionota","Oligoflexia","0319-6G20",NA,NA,NA
"ASV1853","Bacteria","Pseudomonadota","Gammaproteobacteria","Burkholderiales","Comamonadaceae","Curvibacter",NA
"ASV1854","Bacteria","Bacillota","Bacilli","Paenibacillales","Paenibacillaceae","Paenibacillus",NA
"ASV1855","Bacteria","Bdellovibrionota","Bacteriovoracia","Bacteriovoracales","Bacteriovoracaceae","Bacteriovorax",NA
"ASV1856","Bacteria","Actinomycetota","Acidimicrobiia","Acidimicrobiales","Acidimicrobiaceae",NA,NA
"ASV1857","Bacteria","Bdellovibrionota","Bdellovibrionia","Bdellovibrionales","Pseudobdellovibrionaceae",NA,NA
"ASV1858","Bacteria","Pseudomonadota","Gammaproteobacteria","Rickettsiellales","Rickettsiellaceae",NA,NA
"ASV1859","Bacteria","Bacteroidota","Bacteroidia","Flavobacteriales","Flavobacteriaceae","Flavobacterium",NA
"ASV1860","Bacteria","Bacteroidota","Bacteroidia","Sphingobacteriales","Sphingobacteriaceae","Pedobacter",NA
"ASV1861","Bacteria","Planctomycetota","Planctomycetes","Pirellulales","Pirellulaceae",NA,NA
"ASV1862","Bacteria","Bacillota","Clostridia","Peptostreptococcales-Tissierellales","Anaerovoracaceae","Anaerovorax",NA
"ASV1863","Bacteria","Bacteroidota","Bacteroidia","Chitinophagales","Chitinophagaceae",NA,NA
"ASV1864","Bacteria","Pseudomonadota","Alphaproteobacteria","Micavibrionales",NA,NA,NA
"ASV1865","Bacteria","Bdellovibrionota","Bacteriovoracia","Bacteriovoracales","Bacteriovoracaceae","Bacteriovorax",NA
"ASV1866","Bacteria","Dependentiae","Babeliae","Babeliales","Babeliaceae",NA,NA
"ASV1867","Bacteria","Pseudomonadota","Gammaproteobacteria","Legionellales","Legionellaceae","Legionella",NA
"ASV1868","Bacteria","Pseudomonadota","Gammaproteobacteria","Burkholderiales","Comamonadaceae",NA,NA
"ASV1869","Bacteria","Bdellovibrionota","Bdellovibrionia","Bdellovibrionales","Pseudobdellovibrionaceae",NA,NA
"ASV1870","Bacteria","Bacillota","Bacilli","Paenibacillales","Paenibacillaceae","Cohnella",NA
"ASV1871","Bacteria","Pseudomonadota","Alphaproteobacteria","Rhodospirillales","Magnetospiraceae",NA,NA
"ASV1872","Bacteria","Pseudomonadota","Alphaproteobacteria","Rhodospirillales",NA,NA,NA
"ASV1873","Bacteria","Pseudomonadota","Gammaproteobacteria","Pseudomonadales","Pseudomonadaceae","Pseudomonas",NA
"ASV1874","Bacteria","Pseudomonadota","Alphaproteobacteria","Caulobacterales","Hyphomonadaceae",NA,NA
"ASV1875","Bacteria","Hydrogenedentes","Hydrogenedentia","Hydrogenedentiales","Hydrogenedensaceae",NA,NA
"ASV1876","Bacteria","Planctomycetota","Planctomycetes","Isosphaerales","Isosphaeraceae","Aquisphaera",NA
"ASV1877","Bacteria","Pseudomonadota","Alphaproteobacteria","Hyphomicrobiales","Xanthobacteraceae",NA,NA
"ASV1878","Bacteria","Pseudomonadota","Alphaproteobacteria","Reyranellales","Reyranellaceae","Reyranella",NA
"ASV1879","Bacteria","Pseudomonadota","Alphaproteobacteria","Caulobacterales","Caulobacteraceae","Phenylobacterium",NA
"ASV1880","Bacteria","Pseudomonadota","Alphaproteobacteria","Sphingomonadales","Sphingomonadaceae","Rhizorhabdus",NA
"ASV1881","Bacteria","Pseudomonadota","Gammaproteobacteria","Steroidobacterales","Steroidobacteraceae",NA,NA
"ASV1882","Bacteria","Patescibacteria","Gracilibacteria","Absconditabacteriales (SR1)",NA,NA,NA
"ASV1883","Bacteria","Actinomycetota","Thermoleophilia","Gaiellales",NA,NA,NA
"ASV1884","Bacteria","Patescibacteria","Saccharimonadia","Saccharimonadales","Saccharimonadaceae","TM7a",NA
"ASV1885","Bacteria","Pseudomonadota","Alphaproteobacteria","Rickettsiales","Mitochondria",NA,NA
"ASV1886","Bacteria","Cyanobacteriota","Cyanobacteriia","Chloroplast",NA,NA,NA
"ASV1887","Bacteria","Pseudomonadota","Gammaproteobacteria","Salinisphaerales","Nevskiaceae","Stenotrophobium",NA
"ASV1888","Bacteria","Cyanobacteriota","Vampirivibrionia","Obscuribacterales","Obscuribacteraceae",NA,NA
"ASV1889","Bacteria","Pseudomonadota","Gammaproteobacteria","JTB23",NA,NA,NA
"ASV1890","Bacteria","Pseudomonadota","Alphaproteobacteria","Micavibrionales",NA,NA,NA
"ASV1891","Bacteria","Bacteroidota","Bacteroidia","Sphingobacteriales","Sphingobacteriaceae","Mucilaginibacter","panaciglaebae"
"ASV1892","Bacteria","Pseudomonadota","Alphaproteobacteria","Rickettsiales","Mitochondria",NA,NA
"ASV1893","Bacteria","Bdellovibrionota","Bdellovibrionia","Bdellovibrionales","Pseudobdellovibrionaceae",NA,NA
"ASV1894","Bacteria","Actinomycetota","Actinobacteria","Propionibacteriales","Nocardioidaceae","Nocardioides",NA
"ASV1895","Bacteria","Pseudomonadota","Gammaproteobacteria","Burkholderiales","Alcaligenaceae","Eoetvoesia","caeni"
"ASV1896","Bacteria","Cyanobacteriota","Cyanobacteriia","Chloroplast",NA,NA,NA
"ASV1897","Bacteria","Planctomycetota","Planctomycetes","Planctomycetales","Schlesneriaceae","Planctopirus",NA
"ASV1898","Bacteria","Pseudomonadota","Alphaproteobacteria","Acetobacterales","Acetobacteraceae",NA,NA
"ASV1899","Bacteria","Bacteroidota","Bacteroidia","Flavobacteriales","Flavobacteriaceae","Flavobacterium",NA
"ASV1900","Bacteria","Pseudomonadota","Alphaproteobacteria","Reyranellales","Reyranellaceae","Reyranella",NA
"ASV1901","Bacteria","Pseudomonadota","Alphaproteobacteria","Micropepsales","Micropepsaceae",NA,NA
"ASV1902","Bacteria","Actinomycetota","Actinobacteria","Micromonosporales","Micromonosporaceae","Actinocatenispora",NA
"ASV1903","Bacteria","Pseudomonadota","Gammaproteobacteria","Lysobacterales","Rhodanobacteraceae","Rhodanobacter",NA
"ASV1904","Bacteria","Bacillota","Negativicutes","Veillonellales-Selenomonadales","Sporomusaceae","Anaerospora",NA
"ASV1905","Bacteria","Pseudomonadota","Alphaproteobacteria","Rickettsiales","AB1",NA,NA
"ASV1906","Bacteria","Pseudomonadota","Gammaproteobacteria",NA,NA,NA,NA
"ASV1907","Bacteria","Pseudomonadota","Alphaproteobacteria","Rhodospirillales",NA,NA,NA
"ASV1908","Bacteria","Bacteroidota","Bacteroidia","Sphingobacteriales","Sphingobacteriaceae","Mucilaginibacter",NA
"ASV1909","Bacteria","Patescibacteria","Saccharimonadia","Saccharimonadales","Saccharimonadaceae","TM7a",NA
"ASV1910","Bacteria","Bdellovibrionota","Oligoflexia","Oligoflexales","Oligoflexaceae","Oligoflexus",NA
"ASV1911","Bacteria","Planctomycetota","Planctomycetes","Planctomycetales","Schlesneriaceae","Planctopirus",NA
"ASV1912","Bacteria","Pseudomonadota","Alphaproteobacteria","Hyphomicrobiales","Hyphomicrobiales Incertae Sedis","Bauldia",NA
"ASV1913","Bacteria","Pseudomonadota","Alphaproteobacteria","Caulobacterales","Caulobacteraceae","Phenylobacterium",NA
"ASV1914","Bacteria","Pseudomonadota","Gammaproteobacteria","Pseudomonadales","Pseudomonadaceae","Pseudomonas","putida"
"ASV1915","Bacteria","Bacteroidota","Bacteroidia","Chitinophagales","37-13",NA,NA
"ASV1916","Bacteria","Bacteroidota","Bacteroidia","Sphingobacteriales","Sphingobacteriaceae","Mucilaginibacter",NA
"ASV1917","Bacteria","Actinomycetota","Acidimicrobiia","Microtrichales",NA,NA,NA
"ASV1918","Bacteria","Bacteroidota","Bacteroidia","Chitinophagales","Chitinophagaceae","Taibaiella",NA
"ASV1919","Bacteria","Pseudomonadota","Alphaproteobacteria","Acetobacterales","Acetobacteraceae",NA,NA
"ASV1920","Bacteria","Pseudomonadota","Alphaproteobacteria","Hyphomicrobiales","Xanthobacteraceae","Pseudolabrys",NA
"ASV1921","Bacteria","Bdellovibrionota","Bdellovibrionia","Bdellovibrionales","Pseudobdellovibrionaceae","Bdellovibrio",NA
"ASV1922","Bacteria","Pseudomonadota","Alphaproteobacteria","Acetobacterales","Acetobacteraceae",NA,NA
"ASV1923","Bacteria","Pseudomonadota","Gammaproteobacteria","Burkholderiales","Oxalobacteraceae","Noviherbaspirillum",NA
"ASV1924","Bacteria","Pseudomonadota","Alphaproteobacteria","Rhodospirillales",NA,NA,NA
"ASV1925","Bacteria","Patescibacteria","Saccharimonadia","Saccharimonadales","Saccharimonadaceae","TM7a",NA
"ASV1926","Bacteria","Pseudomonadota","Gammaproteobacteria","Burkholderiales","B1-7BS",NA,NA
"ASV1927","Bacteria","Pseudomonadota","Alphaproteobacteria","Caulobacterales","Caulobacteraceae",NA,NA
"ASV1928","Bacteria","Pseudomonadota","Gammaproteobacteria",NA,NA,NA,NA
"ASV1929","Bacteria","Bacteroidota","Bacteroidia","Flavobacteriales","Flavobacteriaceae","Flavobacterium",NA
"ASV1930","Bacteria","Bacteroidota","Bacteroidia","Cytophagales","Spirosomataceae","Dyadobacter",NA
"ASV1931","Bacteria","Bacteroidota","Bacteroidia","Sphingobacteriales","Sphingobacteriaceae","Albibacterium",NA
"ASV1932","Bacteria","Bacillota","Desulfitobacteriia","Desulfitobacteriales","Desulfitobacteriaceae","Desulfosporosinus",NA
"ASV1933","Bacteria","Bacteroidota","Bacteroidia","Chitinophagales","Chitinophagaceae","Agriterribacter",NA
"ASV1934","Bacteria","Candidatus Kapabacteria","Kapabacteria","Kapabacteriales",NA,NA,NA
"ASV1935","Bacteria","Pseudomonadota","Gammaproteobacteria","Burkholderiales","Oxalobacteraceae",NA,NA
"ASV1936","Bacteria","SAR324 clade(Marine group B)","Incertae Sedis","Incertae Sedis","Incertae Sedis","Candidatus Nitrosoarchaeum",NA
"ASV1937","Bacteria","Candidatus Eremiobacterota","Eremiobacteria",NA,NA,NA,NA
"ASV1938","Bacteria","Actinomycetota","Actinobacteria","Propionibacteriales","Nocardioidaceae","Nocardioides",NA
"ASV1939","Bacteria","Patescibacteria","Saccharimonadia","Saccharimonadales","Saccharimonadaceae","TM7a",NA
"ASV1940","Bacteria","Pseudomonadota","Alphaproteobacteria","Rickettsiales","bac2nit3",NA,NA
"ASV1941","Bacteria","Pseudomonadota","Alphaproteobacteria","Paracaedibacterales","Paracaedibacteraceae",NA,NA
"ASV1942","Bacteria","Bdellovibrionota","Bdellovibrionia","Bdellovibrionales","Pseudobdellovibrionaceae","Pseudobdellovibrio",NA
"ASV1943","Bacteria","Bacteroidota","Bacteroidia","Chitinophagales","Chitinophagaceae","Taibaiella",NA
"ASV1944","Bacteria","Pseudomonadota","Alphaproteobacteria","Rhodospirillales",NA,NA,NA
"ASV1945","Bacteria","Bdellovibrionota","Oligoflexia","0319-6G20",NA,NA,NA
"ASV1946","Bacteria","Pseudomonadota","Alphaproteobacteria","Hyphomicrobiales",NA,NA,NA
"ASV1947","Bacteria","Bdellovibrionota","Bacteriovoracia","Bacteriovoracales","Bacteriovoracaceae","Bacteriovorax",NA
"ASV1948","Bacteria","Pseudomonadota","Alphaproteobacteria","Hyphomicrobiales","Rhizobiaceae","Shinella",NA
"ASV1949","Bacteria","Bacillota","Bacilli","Paenibacillales","Paenibacillaceae",NA,NA
"ASV1950","Bacteria","Pseudomonadota","Alphaproteobacteria","Acetobacterales","Acetobacteraceae",NA,NA
"ASV1951","Bacteria","Bdellovibrionota","Bacteriovoracia","Bacteriovoracales","Bacteriovoracaceae","Peredibacter",NA
"ASV1952","Bacteria","Bdellovibrionota","Bdellovibrionia","Bdellovibrionales","Pseudobdellovibrionaceae","Pseudobdellovibrio",NA
"ASV1953","Bacteria","Pseudomonadota","Alphaproteobacteria","Sphingomonadales","Sphingomonadaceae","Sphingoaurantiacus",NA
"ASV1954","Bacteria","Actinomycetota","Actinobacteria","Micrococcales","Micrococcaceae","Specibacter",NA
"ASV1955","Bacteria","Candidatus Eremiobacterota","Eremiobacteria",NA,NA,NA,NA
"ASV1956","Bacteria","Cyanobacteriota","Cyanobacteriia","Cyanobacteriales","Chroococcidiopsaceae","Gloeocapsa PCC-7428",NA
"ASV1957","Bacteria","Actinomycetota","Actinobacteria","Micrococcales","Microbacteriaceae","Microbacterium",NA
"ASV1958","Bacteria","Bacillota","Bacilli","Paenibacillales","Paenibacillaceae",NA,NA
"ASV1959","Bacteria","Pseudomonadota","Alphaproteobacteria","Caulobacterales","Caulobacteraceae","Phenylobacterium",NA
"ASV1960","Bacteria","Patescibacteria","Parcubacteria",NA,NA,NA,NA
"ASV1961","Bacteria","Pseudomonadota","Gammaproteobacteria","Burkholderiales","Comamonadaceae",NA,NA
"ASV1962","Bacteria","Actinomycetota","Actinobacteria","Propionibacteriales","Propionibacteriaceae","Aestuariimicrobium","kwangyangense"
"ASV1963","Bacteria","Pseudomonadota","Alphaproteobacteria","Hyphomicrobiales","Xanthobacteraceae","Rhodoplanes",NA
"ASV1964","Bacteria","Patescibacteria","ABY1","Candidatus Kerfeldbacteria",NA,NA,NA
"ASV1965","Bacteria","Chlamydiota","Chlamydiia","Chlamydiales",NA,NA,NA
"ASV1966","Bacteria","Pseudomonadota","Gammaproteobacteria","Rickettsiellales","Rickettsiellaceae",NA,NA
"ASV1967","Bacteria","Pseudomonadota","Alphaproteobacteria","Incertae Sedis","Incertae Sedis","Hypericibacter",NA
"ASV1968","Bacteria","Actinomycetota","Actinobacteria","Mycobacteriales","Mycobacteriaceae","Mycobacterium",NA
"ASV1969","Bacteria","Pseudomonadota","Alphaproteobacteria","Puniceispirillales",NA,NA,NA
"ASV1970","Bacteria","Acidobacteriota","Acidobacteriae","Solibacterales","Solibacteraceae","Candidatus Solibacter",NA
"ASV1971","Bacteria","Candidatus Eremiobacterota","Eremiobacteria",NA,NA,NA,NA
"ASV1972","Bacteria","Acidobacteriota","Acidobacteriae","Terriglobales","Acidobacteriaceae (Subgroup 1)","Occallatibacter",NA
"ASV1973","Bacteria","Pseudomonadota","Alphaproteobacteria","Micavibrionales","Micavibrionaceae",NA,NA
"ASV1974","Bacteria","Pseudomonadota","Alphaproteobacteria","Hyphomicrobiales","Rhizobiaceae",NA,NA
"ASV1975","Bacteria","Pseudomonadota","Alphaproteobacteria","Micropepsales","Micropepsaceae",NA,NA
"ASV1976","Bacteria","Pseudomonadota","Alphaproteobacteria","Hyphomicrobiales","Rhizobiaceae","Corticibacterium","populi"
"ASV1977","Bacteria","Bdellovibrionota","Oligoflexia","Oligoflexales","Oligoflexaceae",NA,NA
"ASV1978","Bacteria","Pseudomonadota","Gammaproteobacteria","Salinisphaerales","Nevskiaceae","Panacagrimonas",NA
"ASV1979","Bacteria","Acidobacteriota","Acidobacteriae","Bryobacterales","Bryobacteraceae","Bryobacter",NA
"ASV1980","Bacteria","Pseudomonadota","Gammaproteobacteria","Legionellales","Legionellaceae","Legionella",NA
"ASV1981","Bacteria","Bacteroidota","Bacteroidia","Chitinophagales","Saprospiraceae","Phaeodactylibacter",NA
"ASV1982","Bacteria","Actinomycetota","Actinobacteria","Frankiales",NA,NA,NA
"ASV1983","Bacteria","Pseudomonadota","Gammaproteobacteria","Burkholderiales","Oxalobacteraceae",NA,NA
"ASV1984","Bacteria","Actinomycetota","Thermoleophilia","Solirubrobacterales","Solirubrobacteraceae","Conexibacter",NA
"ASV1985","Bacteria","Actinomycetota","Actinobacteria","Propionibacteriales","Nocardioidaceae","Nocardioides","alkalitolerans"
"ASV1986","Bacteria","Pseudomonadota","Alphaproteobacteria","Hyphomicrobiales","Rhizobiaceae",NA,NA
"ASV1987","Bacteria","Myxococcota","Polyangiia","Polyangiales","Sandaracinaceae",NA,NA
"ASV1988","Bacteria","Pseudomonadota","Gammaproteobacteria","Rickettsiellales","Rickettsiellaceae","Aquicella",NA
"ASV1989","Bacteria","Pseudomonadota","Alphaproteobacteria","Caulobacterales","Hyphomonadaceae","SWB02",NA
"ASV1990","Bacteria","Pseudomonadota","Gammaproteobacteria","Lysobacterales","Lysobacteraceae","Stenotrophomonas",NA
"ASV1991","Bacteria","Bacteroidota","Bacteroidia","Flavobacteriales","Flavobacteriaceae","Flavobacterium",NA
"ASV1992","Bacteria","Actinomycetota","Thermoleophilia","Solirubrobacterales","Solirubrobacteraceae","JCM 18997",NA
"ASV1993","Bacteria","Pseudomonadota","Alphaproteobacteria","Paracaedibacterales","Paracaedibacteraceae","Candidatus Paracaedibacter",NA
"ASV1994","Bacteria","Candidatus Kapabacteria","Kapabacteria","Kapabacteriales",NA,NA,NA
"ASV1995","Bacteria","Sumerlaeota","Sumerlaeia","Sumerlaeales","Sumerlaeaceae","Sumerlaea",NA
"ASV1996","Bacteria","Pseudomonadota","Alphaproteobacteria","Micavibrionales",NA,NA,NA
"ASV1997","Bacteria","Bdellovibrionota","Bacteriovoracia","Bacteriovoracales","Bacteriovoracaceae","Bacteriovorax",NA
"ASV1998","Bacteria","Actinomycetota","Actinobacteria","Kitasatosporales","Streptomycetaceae","Streptomyces",NA
"ASV1999","Bacteria","Acidobacteriota","Acidobacteriae","Solibacterales","Solibacteraceae","Candidatus Solibacter",NA
"ASV2000","Bacteria","Verrucomicrobiota","Verrucomicrobiia","Opitutales","Opitutaceae","Opitutus",NA
"ASV2001","Bacteria","Pseudomonadota","Alphaproteobacteria","Acetobacterales","Acetobacteraceae",NA,NA
"ASV2002","Bacteria","Pseudomonadota","Alphaproteobacteria","Rhodospirillales","Rhodospirillaceae",NA,NA
"ASV2003","Bacteria","Bacteroidota","Bacteroidia","Sphingobacteriales","Sphingobacteriaceae","Pedobacter",NA
"ASV2004","Bacteria","Bacteroidota","Bacteroidia","Sphingobacteriales","Sphingobacteriaceae","Pedobacter","terrae"
"ASV2005","Bacteria","Bacillota","Bacilli","Paenibacillales","Paenibacillaceae","Paenibacillus",NA
"ASV2006","Bacteria","Pseudomonadota","Gammaproteobacteria","Burkholderiales","Oxalobacteraceae",NA,NA
"ASV2007","Bacteria","Pseudomonadota","Gammaproteobacteria","Lysobacterales","Rhodanobacteraceae","Rhodanobacter",NA
"ASV2008","Bacteria","Pseudomonadota","Alphaproteobacteria","Micavibrionales",NA,NA,NA
"ASV2009","Bacteria","Verrucomicrobiota","Verrucomicrobiia","Opitutales","Opitutaceae","Oleiharenicola",NA
"ASV2010","Bacteria","Pseudomonadota","Alphaproteobacteria","Hyphomicrobiales","Hyphomicrobiales Incertae Sedis","Bauldia",NA
"ASV2011","Bacteria","Gemmatimonadota","Gemmatimonadia","Gemmatimonadales","Gemmatimonadaceae","Gemmatimonas",NA
"ASV2012","Bacteria","Bacteroidota","Bacteroidia","Flavobacteriales","Flavobacteriaceae","Flavobacterium",NA
"ASV2013","Bacteria",NA,NA,NA,NA,NA,NA
"ASV2014","Bacteria","Pseudomonadota","Alphaproteobacteria","Micropepsales","Micropepsaceae",NA,NA
"ASV2015","Bacteria","Pseudomonadota","Alphaproteobacteria","Sphingomonadales","Sphingomonadaceae","Novosphingobium",NA
"ASV2016","Bacteria","Pseudomonadota","Gammaproteobacteria","Pseudomonadales","Pseudomonadaceae","Pseudomonas",NA
"ASV2017","Bacteria","Pseudomonadota","Alphaproteobacteria","Hyphomicrobiales","Devosiaceae","Devosia",NA
"ASV2018","Bacteria","Pseudomonadota","Alphaproteobacteria","Caulobacterales","Caulobacteraceae","Phenylobacterium",NA
"ASV2019","Bacteria","Patescibacteria","Parcubacteria",NA,NA,NA,NA
"ASV2020","Bacteria","Pseudomonadota","Gammaproteobacteria","Burkholderiales","Oxalobacteraceae","Massilia",NA
"ASV2021","Bacteria","Pseudomonadota","Alphaproteobacteria","Caulobacterales","Caulobacteraceae","Brevundimonas",NA
"ASV2022","Bacteria","Pseudomonadota","Gammaproteobacteria","Ga0077536",NA,NA,NA
"ASV2023","Bacteria","Bacillota","Desulfitobacteriia","Desulfitobacteriales","Desulfitobacteriaceae","Desulfosporosinus",NA
"ASV2024","Bacteria","Pseudomonadota","Alphaproteobacteria","Hyphomicrobiales",NA,NA,NA
"ASV2025","Bacteria","Pseudomonadota","Alphaproteobacteria","Parvibaculales","Parvibaculaceae","Parvibaculum",NA
"ASV2026","Bacteria","Chlamydiota","Chlamydiia","Chlamydiales",NA,NA,NA
"ASV2027","Bacteria","Pseudomonadota","Alphaproteobacteria","Hyphomicrobiales","Beijerinckiaceae",NA,NA
"ASV2028","Bacteria","Bacteroidota","Bacteroidia","Sphingobacteriales","Sphingobacteriaceae","Pedobacter",NA
"ASV2029","Bacteria","Pseudomonadota","Alphaproteobacteria","Rickettsiales","Mitochondria",NA,NA
"ASV2030","Bacteria","Bdellovibrionota","Bacteriovoracia","Bacteriovoracales","Bacteriovoracaceae","Peredibacter",NA
"ASV2031","Bacteria","Actinomycetota","Actinobacteria","Propionibacteriales","Nocardioidaceae","Nocardioides","antarcticus"
"ASV2032","Bacteria","Bdellovibrionota","Oligoflexia","0319-6G20",NA,NA,NA
"ASV2033","Bacteria","Planctomycetota","Planctomycetes","Isosphaerales","Isosphaeraceae","Aquisphaera",NA
"ASV2034","Bacteria","Pseudomonadota","Alphaproteobacteria","Rhodospirillales",NA,NA,NA
"ASV2035","Bacteria","Pseudomonadota","Alphaproteobacteria","Hyphomicrobiales","Xanthobacteraceae","Tardiphaga","robiniae"
"ASV2036","Bacteria","Planctomycetota","Planctomycetes","Isosphaerales","Isosphaeraceae","Singulisphaera","acidiphila"
"ASV2037","Bacteria","Bacteroidota","Bacteroidia","Chitinophagales","Chitinophagaceae","Terrimonas","soli"
"ASV2038","Bacteria","Pseudomonadota","Gammaproteobacteria","Burkholderiales","Comamonadaceae","Variovorax",NA
"ASV2039","Bacteria","Pseudomonadota","Alphaproteobacteria","Rickettsiales","Rickettsiaceae",NA,NA
"ASV2040","Bacteria","Patescibacteria","Saccharimonadia","Saccharimonadales","Saccharimonadaceae","TM7a",NA
"ASV2041","Bacteria","Bdellovibrionota","Oligoflexia","0319-6G20",NA,NA,NA
"ASV2042","Bacteria","Verrucomicrobiota","Verrucomicrobiia","Opitutales","Opitutaceae","Opitutus",NA
"ASV2043","Bacteria","Pseudomonadota","Gammaproteobacteria","Salinisphaerales","Nevskiaceae","Stenotrophobium",NA
"ASV2044","Bacteria","Pseudomonadota","Gammaproteobacteria","Burkholderiales","Burkholderiaceae","Pandoraea",NA
"ASV2045","Bacteria","Planctomycetota","Planctomycetes","Isosphaerales","Isosphaeraceae","Aquisphaera",NA
"ASV2046","Bacteria","Pseudomonadota","Alphaproteobacteria","Micavibrionales",NA,NA,NA
"ASV2047","Bacteria","Bacteroidota","Bacteroidia","Chitinophagales","Chitinophagaceae","Niabella",NA
"ASV2048","Bacteria","Pseudomonadota","Alphaproteobacteria","Rickettsiales","SM2D12",NA,NA
"ASV2049","Bacteria","Actinomycetota","Actinobacteria","Micrococcales","Micrococcaceae","Pseudarthrobacter",NA
"ASV2050","Bacteria","Actinomycetota","Acidimicrobiia","Acidimicrobiales","Acidimicrobiaceae","Acidiferrimicrobium",NA
"ASV2051","Bacteria","Pseudomonadota","Alphaproteobacteria","Hyphomicrobiales","Rhizobiaceae","Aminobacter",NA
"ASV2052","Bacteria","Pseudomonadota","Gammaproteobacteria","Burkholderiales","Methylophilaceae","Methylotenera",NA
"ASV2053","Bacteria","Pseudomonadota","Alphaproteobacteria","Sphingomonadales","Sphingomonadaceae",NA,NA
"ASV2054","Bacteria","Actinomycetota","Actinobacteria","Propionibacteriales","Nocardioidaceae","Nocardioides",NA
"ASV2055","Bacteria","Pseudomonadota","Alphaproteobacteria","Hyphomicrobiales","Rhizobiaceae","Endobacterium",NA
"ASV2056","Bacteria","Actinomycetota","Acidimicrobiia","Microtrichales","Ilumatobacteraceae","CL500-29 marine group",NA
"ASV2057","Bacteria","Pseudomonadota","Alphaproteobacteria","Hyphomicrobiales","Xanthobacteraceae","Bradyrhizobium",NA
"ASV2058","Bacteria","Verrucomicrobiota","Verrucomicrobiia","Methylacidiphilales","Methylacidiphilaceae",NA,NA
"ASV2059","Bacteria","Actinomycetota","Acidimicrobiia","Microtrichales","Ilumatobacteraceae","CL500-29 marine group",NA
"ASV2060","Bacteria","Pseudomonadota","Gammaproteobacteria","Burkholderiales","Neisseriaceae",NA,NA
"ASV2061","Bacteria","Pseudomonadota","Alphaproteobacteria","Rickettsiales","SM2D12",NA,NA
"ASV2062","Bacteria","Verrucomicrobiota","Verrucomicrobiia","Opitutales","Opitutaceae","Opitutus",NA
"ASV2063","Bacteria","Actinomycetota","Actinobacteria","Micrococcales","Microbacteriaceae",NA,NA
"ASV2064","Bacteria","Pseudomonadota","Alphaproteobacteria","Hyphomicrobiales","Xanthobacteraceae",NA,NA
"ASV2065","Bacteria","Patescibacteria","Parcubacteria","Candidatus Azambacteria",NA,NA,NA
"ASV2066","Bacteria","Bacteroidota","Bacteroidia","Chitinophagales",NA,NA,NA
"ASV2067","Bacteria","Bdellovibrionota","Oligoflexia","0319-6G20",NA,NA,NA
"ASV2068","Bacteria","Pseudomonadota","Alphaproteobacteria","Caulobacterales","Caulobacteraceae","Brevundimonas",NA
"ASV2069","Bacteria","Pseudomonadota","Alphaproteobacteria","Elsterales",NA,NA,NA
"ASV2070","Bacteria","Verrucomicrobiota","Omnitrophia","Omnitrophales","Omnitrophaceae","Candidatus Omnitrophus",NA
"ASV2071","Bacteria","Bacteroidota","Bacteroidia","Chitinophagales","Chitinophagaceae","Aurantisolimonas",NA
"ASV2072","Bacteria","Bacteroidota","Bacteroidia","Chitinophagales",NA,NA,NA
"ASV2073","Bacteria","Pseudomonadota","Alphaproteobacteria","Rickettsiales","SM2D12",NA,NA
"ASV2074","Bacteria","Pseudomonadota","Alphaproteobacteria","Micavibrionales","Micavibrionaceae","Micavibrio",NA
"ASV2075","Bacteria","Planctomycetota","Planctomycetes","Planctomycetales",NA,NA,NA
"ASV2076","Bacteria","Bacillota","Bacilli","Paenibacillales","Paenibacillaceae",NA,NA
"ASV2077","Bacteria","Pseudomonadota","Alphaproteobacteria","Rickettsiales","SM2D12",NA,NA
"ASV2078","Bacteria","Pseudomonadota","Alphaproteobacteria","Micavibrionales",NA,NA,NA
"ASV2079","Bacteria","Pseudomonadota","Alphaproteobacteria","Caulobacterales","Caulobacteraceae","Phenylobacterium",NA
"ASV2080","Bacteria","Actinomycetota","Actinobacteria","Micrococcales","Dermabacteraceae","Brachybacterium",NA
"ASV2081","Bacteria","Pseudomonadota","Alphaproteobacteria","Sphingomonadales","Sphingomonadaceae","Sphingomonas","hengshuiensis"
"ASV2082","Bacteria","Patescibacteria","Parcubacteria",NA,NA,NA,NA
"ASV2083","Bacteria","Patescibacteria","Parcubacteria",NA,NA,NA,NA
"ASV2084","Bacteria","Chlamydiota","Chlamydiia","Chlamydiales","Parachlamydiaceae","Candidatus Protochlamydia",NA
"ASV2085","Bacteria","Bacteroidota","Bacteroidia","Sphingobacteriales","Sphingobacteriaceae","Nubsella",NA
"ASV2086","Bacteria","Pseudomonadota","Alphaproteobacteria","Paracaedibacterales","Paracaedibacteraceae","Candidatus Finniella",NA
"ASV2087","Bacteria","Pseudomonadota","Gammaproteobacteria","Burkholderiales","Oxalobacteraceae","Oxalicibacterium",NA
"ASV2088","Bacteria","Patescibacteria","Saccharimonadia","Saccharimonadales","LWQ8",NA,NA
"ASV2089","Bacteria","Chloroflexota","Chloroflexia","Thermomicrobiales","JG30-KF-CM45",NA,NA
"ASV2090","Bacteria","Bacteroidota","Bacteroidia","Sphingobacteriales","Sphingobacteriaceae",NA,NA
"ASV2091","Bacteria","Pseudomonadota","Alphaproteobacteria","Micropepsales","Micropepsaceae",NA,NA
"ASV2092","Bacteria","Pseudomonadota","Gammaproteobacteria","Burkholderiales","Burkholderiaceae","Burkholderia-Caballeronia-Paraburkholderia",NA
"ASV2093","Bacteria","Chloroflexota","Chloroflexia","Thermomicrobiales","JG30-KF-CM45",NA,NA
"ASV2094","Bacteria","Bacteroidota","Bacteroidia","Sphingobacteriales",NA,NA,NA
"ASV2095","Bacteria","Pseudomonadota","Alphaproteobacteria","Hyphomicrobiales","Hyphomicrobiaceae","Hyphomicrobium","denitrificans"
"ASV2096","Bacteria","Pseudomonadota","Alphaproteobacteria","Hyphomicrobiales","Beijerinckiaceae","Methylorosula",NA
"ASV2097","Bacteria","Bacteroidota","Bacteroidia","Chitinophagales","Chitinophagaceae","Chitinophaga",NA
"ASV2098","Bacteria","Pseudomonadota","Alphaproteobacteria","Sphingomonadales","Sphingomonadaceae",NA,NA
"ASV2099","Bacteria","Bacteroidota","Bacteroidia","Cytophagales","Microscillaceae",NA,NA
"ASV2100","Bacteria","Pseudomonadota","Alphaproteobacteria","Sphingomonadales","Sphingomonadaceae","Sphingomonas","psychrolutea"
"ASV2101","Bacteria","Cyanobacteriota","Vampirivibrionia","Caenarcaniphilales",NA,NA,NA
"ASV2102","Bacteria","Pseudomonadota","Alphaproteobacteria","Azospirillales","Azospirillaceae",NA,NA
"ASV2103","Bacteria","Verrucomicrobiota","Verrucomicrobiia","Opitutales","Opitutaceae","Opitutus",NA
"ASV2104","Bacteria","Pseudomonadota","Gammaproteobacteria","Burkholderiales","Methylophilaceae","Methylobacillus",NA
"ASV2105","Bacteria","Pseudomonadota","Alphaproteobacteria","Caulobacterales","Caulobacteraceae","Phenylobacterium",NA
"ASV2106","Bacteria","Pseudomonadota","Gammaproteobacteria","Burkholderiales","Oxalobacteraceae","Noviherbaspirillum",NA
"ASV2107","Bacteria","Pseudomonadota","Gammaproteobacteria","Burkholderiales","Alcaligenaceae","Pigmentiphaga",NA
"ASV2108","Bacteria","Patescibacteria","Saccharimonadia","Saccharimonadales",NA,NA,NA
"ASV2109","Bacteria","Pseudomonadota","Alphaproteobacteria","Hyphomicrobiales","Xanthobacteraceae",NA,NA
"ASV2110","Bacteria","Abditibacteriota","Abditibacteriia","Abditibacteriales","Abditibacteriaceae","Abditibacterium",NA
"ASV2111","Bacteria","Bacteroidota","Bacteroidia","Chitinophagales","Chitinophagaceae","Chitinophaga",NA
"ASV2112","Bacteria","Pseudomonadota","Alphaproteobacteria","Acetobacterales","Acetobacteraceae","Acidisoma",NA
"ASV2113","Bacteria","Pseudomonadota","Alphaproteobacteria","Caulobacterales","Caulobacteraceae","Phenylobacterium",NA
"ASV2114","Bacteria","Planctomycetota","Planctomycetes","Pirellulales","Pirellulaceae",NA,NA
"ASV2115","Bacteria","Bacteroidota","Bacteroidia","Cytophagales","Spirosomataceae","Dyadobacter",NA
"ASV2116","Bacteria","Actinomycetota","Actinobacteria","Propionibacteriales","Nocardioidaceae","Aeromicrobium","ponti"
"ASV2117","Bacteria","Pseudomonadota","Alphaproteobacteria","Acetobacterales","Acetobacteraceae",NA,NA
"ASV2118","Bacteria","Bacteroidota","Bacteroidia","Chitinophagales","Chitinophagaceae",NA,NA
"ASV2119","Bacteria","Bdellovibrionota","Oligoflexia","0319-6G20",NA,NA,NA
"ASV2120","Bacteria","Gemmatimonadota","Longimicrobiia","Longimicrobiales","Longimicrobiaceae","YC-ZSS-LKJ147",NA
"ASV2121","Bacteria","Bacillota","Bacilli","Paenibacillales","Paenibacillaceae",NA,NA
"ASV2122","Bacteria","Bacteroidota","Bacteroidia","Sphingobacteriales","Sphingobacteriaceae","Mucilaginibacter",NA
"ASV2123","Bacteria",NA,NA,NA,NA,NA,NA
"ASV2124","Bacteria","Pseudomonadota","Alphaproteobacteria","Hyphomicrobiales","Hyphomicrobiaceae","Hyphomicrobium",NA
"ASV2125","Bacteria","Pseudomonadota","Gammaproteobacteria","Burkholderiales","Comamonadaceae","Xylophilus",NA
"ASV2126","Bacteria","Bdellovibrionota","Bacteriovoracia","Bacteriovoracales","Bacteriovoracaceae","Bacteriovorax","stolpii"
"ASV2127","Bacteria","Pseudomonadota","Gammaproteobacteria","Rickettsiellales","Rickettsiellaceae",NA,NA
"ASV2128","Bacteria","Verrucomicrobiota","Verrucomicrobiia","Opitutales","Opitutaceae","Oleiharenicola",NA
"ASV2129","Bacteria","Planctomycetota","Planctomycetes","Planctomycetales","Schlesneriaceae","Schlesneria",NA
"ASV2130","Bacteria","Pseudomonadota","Alphaproteobacteria","Sphingomonadales","Sphingomonadaceae","Sphingomonas",NA
"ASV2131","Bacteria","Pseudomonadota","Gammaproteobacteria","Lysobacterales","Rhodanobacteraceae","Dyella",NA
"ASV2132","Bacteria","Bacteroidota","Bacteroidia","Flavobacteriales","Flavobacteriaceae","Flavobacterium",NA
"ASV2133","Bacteria","Abditibacteriota","Abditibacteriia","Abditibacteriales","Abditibacteriaceae","Abditibacterium",NA
"ASV2134","Bacteria","Pseudomonadota","Alphaproteobacteria",NA,NA,NA,NA
"ASV2135","Bacteria","Bacillota","Bacilli","Bacillales","Bacillaceae","Neobacillus",NA
"ASV2136","Bacteria","Pseudomonadota","Gammaproteobacteria","Gammaproteobacteria Incertae Sedis","Unknown Family","Candidatus Berkiella",NA
"ASV2137","Bacteria","Pseudomonadota","Alphaproteobacteria","Caulobacterales","Caulobacteraceae","Caulobacter",NA
"ASV2138","Bacteria","Planctomycetota","Planctomycetes","Isosphaerales","Isosphaeraceae","Tautonia",NA
"ASV2139","Bacteria","Pseudomonadota","Gammaproteobacteria","Lysobacterales","Lysobacteraceae","Pseudoxanthomonas",NA
"ASV2140","Bacteria","Actinomycetota","Acidimicrobiia","Microtrichales","Iamiaceae","Aquihabitans","daechungensis"
"ASV2141","Bacteria","Pseudomonadota","Gammaproteobacteria","Legionellales","Legionellaceae","Legionella",NA
"ASV2142","Bacteria","Myxococcota","Polyangiia","Polyangiales","BIrii41",NA,NA
"ASV2143","Bacteria","Patescibacteria","Parcubacteria","Candidatus Nomurabacteria",NA,NA,NA
"ASV2144","Bacteria","Pseudomonadota","Alphaproteobacteria","Hyphomicrobiales","Devosiaceae",NA,NA
"ASV2145","Bacteria","Pseudomonadota","Gammaproteobacteria","Pseudomonadales","Cellvibrionaceae","Cellvibrio",NA
"ASV2146","Bacteria","Actinomycetota","Actinobacteria","Propionibacteriales","Nocardioidaceae","Nocardioides",NA
"ASV2147","Bacteria","Chloroflexota","AD3",NA,NA,NA,NA
"ASV2148","Bacteria","Bdellovibrionota","Bdellovibrionia","Bdellovibrionales","Pseudobdellovibrionaceae",NA,NA
"ASV2149","Bacteria","Actinomycetota","Actinobacteria","Propionibacteriales","Nocardioidaceae","Marmoricola","ginsengisoli"
"ASV2150","Bacteria","Patescibacteria","Parcubacteria",NA,NA,NA,NA
"ASV2151","Bacteria","Planctomycetota","Planctomycetes","Planctomycetales",NA,NA,NA
"ASV2152","Bacteria","Actinomycetota","Actinobacteria","Propionibacteriales","Nocardioidaceae","Nocardioides",NA
"ASV2153","Bacteria","Patescibacteria","Saccharimonadia","Saccharimonadales","Saccharimonadaceae","TM7a",NA
"ASV2154","Bacteria","Pseudomonadota","Alphaproteobacteria","Rickettsiales",NA,NA,NA
"ASV2155","Bacteria","Pseudomonadota","Gammaproteobacteria","Legionellales","Legionellaceae","Legionella",NA
"ASV2156","Bacteria","Pseudomonadota","Alphaproteobacteria","Hyphomicrobiales","Rhizobiaceae",NA,NA
"ASV2157","Bacteria","Pseudomonadota","Alphaproteobacteria","Sphingomonadales","Sphingomonadaceae","Hephaestia",NA
"ASV2158","Bacteria","Bacillota","Bacilli","Paenibacillales","Paenibacillaceae",NA,NA
"ASV2159","Bacteria","Actinomycetota","Acidimicrobiia","Acidimicrobiales","Acidimicrobiaceae",NA,NA
"ASV2160","Bacteria","Pseudomonadota","Gammaproteobacteria",NA,NA,NA,NA
"ASV2161","Bacteria","Myxococcota","Myxococcia","Myxococcales","Anaeromyxobacteraceae","Anaeromyxobacter",NA
"ASV2162","Bacteria","Pseudomonadota","Alphaproteobacteria","Hyphomicrobiales","Beijerinckiaceae","Methylocella",NA
"ASV2163","Bacteria","Pseudomonadota","Gammaproteobacteria","Pseudomonadales","Pseudomonadaceae","Pseudomonas",NA
"ASV2164","Bacteria","Pseudomonadota","Gammaproteobacteria",NA,NA,NA,NA
"ASV2165","Bacteria","Pseudomonadota","Alphaproteobacteria","Dongiales","Dongiaceae","Dongia",NA
"ASV2166","Bacteria","Pseudomonadota","Alphaproteobacteria","Reyranellales","Reyranellaceae","Reyranella",NA
"ASV2167","Bacteria","Bacteroidota","Bacteroidia","Sphingobacteriales","Sphingobacteriaceae",NA,NA
"ASV2168","Bacteria","Pseudomonadota","Gammaproteobacteria","Lysobacterales","Lysobacteraceae","Luteimonas",NA
"ASV2169","Bacteria",NA,NA,NA,NA,NA,NA
"ASV2170","Bacteria","Pseudomonadota","Alphaproteobacteria","Elsterales","URHD0088",NA,NA
"ASV2171","Bacteria","Bacteroidota","Bacteroidia","Sphingobacteriales","env.OPS 17",NA,NA
"ASV2172","Bacteria","Actinomycetota","Actinobacteria","Streptosporangiales","Thermomonosporaceae","Actinoallomurus",NA
"ASV2173","Bacteria","Pseudomonadota","Alphaproteobacteria","Sphingomonadales","Sphingomonadaceae",NA,NA
"ASV2174","Bacteria","Patescibacteria","Parcubacteria",NA,NA,NA,NA
"ASV2175","Bacteria","Patescibacteria","Saccharimonadia","Saccharimonadales","LWQ8",NA,NA
"ASV2176","Bacteria","Bacteroidota","Bacteroidia","Sphingobacteriales","Sphingobacteriaceae","Mucilaginibacter",NA
"ASV2177","Bacteria","Bacillota","Bacilli","Alicyclobacillales","Alicyclobacillaceae","Alicyclobacillus",NA
"ASV2178","Bacteria","Patescibacteria","Parcubacteria","Candidatus Nomurabacteria",NA,NA,NA
"ASV2179","Bacteria","Actinomycetota","Actinobacteria","Micrococcales","Microbacteriaceae","Leucobacter",NA
"ASV2180","Bacteria","Cyanobacteriota","Cyanobacteriia","Chloroplast",NA,NA,NA
"ASV2181","Bacteria","Pseudomonadota","Gammaproteobacteria","Burkholderiales","Burkholderiaceae","Burkholderia-Caballeronia-Paraburkholderia",NA
"ASV2182","Bacteria","Pseudomonadota","Alphaproteobacteria","Caulobacterales","Caulobacteraceae",NA,NA
"ASV2183","Bacteria","Pseudomonadota","Alphaproteobacteria","Hyphomicrobiales","KF-JG30-B3",NA,NA
"ASV2184","Bacteria","Chlamydiota","Chlamydiia","Chlamydiales","cvE6",NA,NA
"ASV2185","Bacteria","Bdellovibrionota","Oligoflexia","Oligoflexales","Oligoflexaceae",NA,NA
"ASV2186","Bacteria","Pseudomonadota","Gammaproteobacteria","PLTA13",NA,NA,NA
"ASV2187","Bacteria","Pseudomonadota","Alphaproteobacteria","Rhodospirillales","Magnetospiraceae",NA,NA
"ASV2188","Bacteria","Patescibacteria","Parcubacteria","Candidatus Kaiserbacteria",NA,NA,NA
"ASV2189","Bacteria","Pseudomonadota","Alphaproteobacteria","Micavibrionales",NA,NA,NA
"ASV2190","Bacteria","Actinomycetota","Actinobacteria","Micrococcales","Microbacteriaceae","Humibacter",NA
"ASV2191","Bacteria","Pseudomonadota","Alphaproteobacteria","Acetobacterales","Acetobacteraceae","Rhodovastum",NA
"ASV2192","Bacteria","Pseudomonadota","Alphaproteobacteria","Rickettsiales","SM2D12",NA,NA
"ASV2193","Bacteria","Pseudomonadota","Alphaproteobacteria","Paracaedibacterales","Paracaedibacteraceae","Candidatus Paracaedibacter",NA
"ASV2194","Bacteria","Pseudomonadota","Gammaproteobacteria","Burkholderiales","Alcaligenaceae","Verticiella",NA
"ASV2195","Bacteria","Actinomycetota","Actinobacteria","Propionibacteriales","Propionibacteriaceae","Microlunatus",NA
"ASV2196","Bacteria","Pseudomonadota","Alphaproteobacteria","Azospirillales","Inquilinaceae","Inquilinus",NA
"ASV2197","Bacteria","Bacteroidota","Bacteroidia","Chitinophagales","Chitinophagaceae","Nemorincola",NA
"ASV2198","Bacteria","Pseudomonadota","Gammaproteobacteria","Burkholderiales","Comamonadaceae",NA,NA
"ASV2199","Bacteria","Dependentiae","Babeliae","Babeliales","Vermiphilaceae",NA,NA
"ASV2200","Bacteria","Abditibacteriota","Abditibacteriia","Abditibacteriales","Abditibacteriaceae","Abditibacterium",NA
"ASV2201","Bacteria","Pseudomonadota","Alphaproteobacteria","Rickettsiales","SM2D12",NA,NA
"ASV2202","Bacteria","Pseudomonadota","Alphaproteobacteria","Hyphomicrobiales","Xanthobacteraceae","Pseudorhodoplanes",NA
"ASV2203","Bacteria","Bdellovibrionota","Bacteriovoracia","Bacteriovoracales","Bacteriovoracaceae","Peredibacter",NA
"ASV2204","Bacteria","Acidobacteriota","Acidobacteriae","Bryobacterales","Bryobacteraceae","Bryobacter",NA
"ASV2205","Bacteria","Pseudomonadota","Alphaproteobacteria","Rhodospirillales","Rhodospirillaceae",NA,NA
"ASV2206","Bacteria","Pseudomonadota","Alphaproteobacteria","Reyranellales","Reyranellaceae","Reyranella",NA
"ASV2207","Bacteria","Bacillota","Bacilli","Alicyclobacillales","Alicyclobacillaceae","Alicyclobacillus",NA
"ASV2208","Bacteria","Pseudomonadota","Gammaproteobacteria","Gammaproteobacteria Incertae Sedis","Unknown Family","Candidatus Ovatusbacter",NA
"ASV2209","Bacteria","Bacillota","Bacilli","Paenibacillales","Paenibacillaceae","Paenibacillus",NA
"ASV2210","Bacteria","Pseudomonadota","Alphaproteobacteria","Rickettsiales","Rickettsiaceae",NA,NA
"ASV2211","Bacteria","Actinomycetota","Actinobacteria","Propionibacteriales","Nocardioidaceae","Nocardioides",NA
"ASV2212","Bacteria","Gemmatimonadota","Gemmatimonadia","Gemmatimonadales","Gemmatimonadaceae","Gemmatimonas",NA
"ASV2213","Bacteria","Pseudomonadota","Alphaproteobacteria","Sphingomonadales","Sphingomonadaceae","Rhizorhabdus",NA
"ASV2214","Bacteria","Pseudomonadota","Alphaproteobacteria","Paracaedibacterales","Paracaedibacteraceae",NA,NA
"ASV2215","Bacteria","Pseudomonadota","Alphaproteobacteria","Hyphomicrobiales","Hyphomicrobiales Incertae Sedis","Bauldia",NA
"ASV2216","Bacteria","Pseudomonadota","Alphaproteobacteria","Hyphomicrobiales","Hyphomicrobiales Incertae Sedis","Bauldia",NA
"ASV2217","Bacteria","Bacillota","Bacilli","Alicyclobacillales","Alicyclobacillaceae","Alicyclobacillus",NA
"ASV2218","Bacteria","Bacteroidota","Bacteroidia","Flavobacteriales","Flavobacteriaceae","Flavobacterium",NA
"ASV2219","Bacteria","Cyanobacteriota","Cyanobacteriia","Chloroplast",NA,NA,NA
"ASV2220","Bacteria","Myxococcota","Polyangiia","mle1-27",NA,NA,NA
"ASV2221","Bacteria","Bacteroidota","Bacteroidia","Flavobacteriales","Flavobacteriaceae","Flavobacterium",NA
"ASV2222","Bacteria","Acidobacteriota","Acidobacteriae","Terriglobales","Acidobacteriaceae (Subgroup 1)",NA,NA
"ASV2223","Bacteria","Pseudomonadota","Gammaproteobacteria","Burkholderiales","TRA3-20",NA,NA
"ASV2224","Bacteria","Pseudomonadota","Gammaproteobacteria",NA,NA,NA,NA
"ASV2225","Bacteria","Bacteroidota","Bacteroidia","Chitinophagales","Chitinophagaceae","Asinibacterium",NA
"ASV2226","Bacteria","Bdellovibrionota","Bdellovibrionia","Bdellovibrionales","Pseudobdellovibrionaceae",NA,NA
"ASV2227","Bacteria","Pseudomonadota","Alphaproteobacteria","Elsterales",NA,NA,NA
"ASV2228","Bacteria","Pseudomonadota","Alphaproteobacteria","Acetobacterales","Acetobacteraceae",NA,NA
"ASV2229","Bacteria","Bacillota","Syntrophomonadia","Syntrophomonadales","Syntrophomonadaceae",NA,NA
"ASV2230","Bacteria","Pseudomonadota","Gammaproteobacteria","Burkholderiales","Oxalobacteraceae","Actimicrobium",NA
"ASV2231","Bacteria","Actinomycetota","Actinobacteria","Micrococcales","Cellulomonadaceae","Cellulomonas",NA
"ASV2232","Bacteria","Bdellovibrionota","Bacteriovoracia","Bacteriovoracales","Bacteriovoracaceae","Peredibacter",NA
"ASV2233","Bacteria","Pseudomonadota","Alphaproteobacteria","Sphingomonadales","Sphingomonadaceae","Novosphingobium",NA
"ASV2234","Bacteria","Pseudomonadota","Gammaproteobacteria",NA,NA,NA,NA
"ASV2235","Bacteria","Pseudomonadota","Gammaproteobacteria","Legionellales","Legionellaceae","Legionella",NA
"ASV2236","Bacteria","Actinomycetota","Actinobacteria","Micrococcales","Microbacteriaceae",NA,NA
"ASV2237","Bacteria","Bacillota","Bacilli","Paenibacillales","Paenibacillaceae","Paenibacillus",NA
"ASV2238","Bacteria","Verrucomicrobiota","Verrucomicrobiia","Pedosphaerales","Pedosphaeraceae","Ellin517",NA
"ASV2239","Bacteria","Pseudomonadota","Gammaproteobacteria","Burkholderiales","Comamonadaceae","Acidovorax",NA
"ASV2240","Bacteria","Pseudomonadota","Alphaproteobacteria","Rickettsiales","Midichloriaceae","Candidatus Jidaibacter",NA
"ASV2241","Bacteria","Actinomycetota","Actinobacteria","Micrococcales","Cellulomonadaceae","Cellulomonas",NA
"ASV2242","Bacteria","Dependentiae","Babeliae","Babeliales","Vermiphilaceae",NA,NA
"ASV2243","Bacteria","Bacteroidota","Bacteroidia","Cytophagales","Spirosomataceae","Larkinella",NA
"ASV2244","Bacteria","Pseudomonadota","Gammaproteobacteria",NA,NA,NA,NA
"ASV2245","Bacteria","Chlamydiota","Chlamydiia","Chlamydiales","Parachlamydiaceae",NA,NA
"ASV2246","Bacteria","Cyanobacteriota","Sericytochromatia",NA,NA,NA,NA
"ASV2247","Bacteria","Pseudomonadota","Alphaproteobacteria","Caulobacterales","Caulobacteraceae","Phenylobacterium",NA
"ASV2248","Bacteria","Verrucomicrobiota","Verrucomicrobiia","Opitutales","Opitutaceae","Opitutus",NA
"ASV2249","Bacteria","Actinomycetota","Actinobacteria","Propionibacteriales","Nocardioidaceae","Nocardioides","terrigena"
"ASV2250","Bacteria","Pseudomonadota","Alphaproteobacteria","Hyphomicrobiales","Xanthobacteraceae","Pseudolabrys",NA
"ASV2251","Bacteria","Pseudomonadota","Alphaproteobacteria","Rickettsiales","SM2D12",NA,NA
"ASV2252","Bacteria","Pseudomonadota","Alphaproteobacteria","Rickettsiales","bac2nit3",NA,NA
"ASV2253","Bacteria","Bacteroidota","Bacteroidia","Cytophagales","Spirosomataceae","Dyadobacter",NA
"ASV2254","Bacteria","Verrucomicrobiota","Verrucomicrobiia","Pedosphaerales","Pedosphaeraceae","SH3-11",NA
"ASV2255","Bacteria","Actinomycetota","Thermoleophilia","Solirubrobacterales","67-14",NA,NA
"ASV2256","Bacteria","Planctomycetota","Planctomycetes","Isosphaerales","Isosphaeraceae","Singulisphaera",NA
"ASV2257","Bacteria","Bdellovibrionota","Oligoflexia","0319-6G20",NA,NA,NA
"ASV2258","Bacteria","Pseudomonadota","Alphaproteobacteria","Sphingomonadales","Sphingomonadaceae",NA,NA
"ASV2259","Bacteria","Actinomycetota","Actinobacteria","Propionibacteriales","Nocardioidaceae","Nocardioides",NA
"ASV2260","Bacteria","Pseudomonadota","Alphaproteobacteria","Rhodospirillales",NA,NA,NA
"ASV2261","Bacteria","Myxococcota","Polyangiia","Blfdi19",NA,NA,NA
"ASV2262","Bacteria","Bacteroidota","Bacteroidia","Chitinophagales","Chitinophagaceae","Sediminibacterium",NA
"ASV2263","Bacteria","Pseudomonadota","Gammaproteobacteria","Burkholderiales","TRA3-20",NA,NA
"ASV2264","Bacteria","Pseudomonadota","Alphaproteobacteria","Paracaedibacterales","Paracaedibacteraceae",NA,NA
"ASV2265","Bacteria","Bacteroidota","Bacteroidia","Chitinophagales","Chitinophagaceae","Puia",NA
"ASV2266","Bacteria","Actinomycetota","Thermoleophilia","Solirubrobacterales","Solirubrobacteraceae",NA,NA
"ASV2267","Bacteria","Pseudomonadota","Gammaproteobacteria","Legionellales","Legionellaceae","Legionella",NA
"ASV2268","Bacteria","Pseudomonadota","Alphaproteobacteria","Hyphomicrobiales","Devosiaceae",NA,NA
"ASV2269","Bacteria","Bacillota","Bacilli","Paenibacillales","Paenibacillaceae","Cohnella","fontinalis"
"ASV2270","Bacteria","Pseudomonadota","Alphaproteobacteria","Hyphomicrobiales","Hyphomicrobiaceae","Hyphomicrobium",NA
"ASV2271","Bacteria","Pseudomonadota","Alphaproteobacteria","Reyranellales","Reyranellaceae","Reyranella",NA
"ASV2272","Bacteria","Pseudomonadota","Alphaproteobacteria","Sphingomonadales","Sphingomonadaceae","Rhizorhabdus",NA
"ASV2273","Bacteria","Actinomycetota","Actinobacteria","Pseudonocardiales","Pseudonocardiaceae","Pseudonocardia","spinosispora"
"ASV2274","Bacteria","Actinomycetota","Actinobacteria","Frankiales","Frankiaceae","Jatrophihabitans",NA
"ASV2275","Bacteria","Bacteroidota","Bacteroidia","Chitinophagales","Chitinophagaceae",NA,NA
"ASV2276","Bacteria","Pseudomonadota","Alphaproteobacteria","Hyphomicrobiales","Devosiaceae","Devosia",NA
"ASV2277","Bacteria","Planctomycetota","Planctomycetes","Isosphaerales","Isosphaeraceae",NA,NA
"ASV2278","Bacteria","Pseudomonadota","Alphaproteobacteria","Micropepsales","Micropepsaceae",NA,NA
"ASV2279","Bacteria","Candidatus Kapabacteria","Kapabacteria","Kapabacteriales",NA,NA,NA
"ASV2280","Bacteria",NA,NA,NA,NA,NA,NA
"ASV2281","Bacteria","Pseudomonadota","Alphaproteobacteria","Rickettsiales","AB1",NA,NA
"ASV2282","Bacteria","Pseudomonadota","Alphaproteobacteria","Elsterales",NA,NA,NA
"ASV2283","Bacteria","Pseudomonadota","Alphaproteobacteria","Rickettsiales","Mitochondria",NA,NA
"ASV2284","Bacteria","Gemmatimonadota","Longimicrobiia","Longimicrobiales","Longimicrobiaceae",NA,NA
"ASV2285","Bacteria","Pseudomonadota","Alphaproteobacteria","Paracaedibacterales","Paracaedibacteraceae",NA,NA
"ASV2286","Bacteria","Candidatus Kapabacteria","Kapabacteria","Kapabacteriales",NA,NA,NA
"ASV2287","Bacteria","Actinomycetota","Actinobacteria","Micrococcales","Microbacteriaceae",NA,NA
"ASV2288","Bacteria","Patescibacteria","Parcubacteria","Candidatus Kaiserbacteria",NA,NA,NA
"ASV2289","Bacteria","Pseudomonadota","Alphaproteobacteria","Hyphomicrobiales","Labraceae","Labrys",NA
"ASV2290","Bacteria","Pseudomonadota","Alphaproteobacteria","Rickettsiales","SM2D12",NA,NA
"ASV2291","Bacteria","Pseudomonadota","Gammaproteobacteria","Enterobacterales","Morganellaceae","Buchnera","aphidicola"
"ASV2292","Bacteria","Dependentiae","Babeliae","Babeliales","Incertae Sedis","UBA12411",NA
"ASV2293","Bacteria","Actinomycetota","Acidimicrobiia","Acidimicrobiales","Acidimicrobiaceae",NA,NA
"ASV2294","Bacteria","Pseudomonadota","Alphaproteobacteria","Hyphomicrobiales","Rhizobiaceae","Endobacterium",NA
"ASV2295","Bacteria","Planctomycetota","Planctomycetes","Isosphaerales","Isosphaeraceae","Aquisphaera",NA
"ASV2296","Bacteria","Pseudomonadota","Gammaproteobacteria","Burkholderiales","Comamonadaceae","Thiomonas",NA
"ASV2297","Bacteria","Actinomycetota","Actinobacteria","Micrococcales","Microbacteriaceae","Leifsonia",NA
"ASV2298","Bacteria","Chlamydiota","Chlamydiia","Chlamydiales","Parachlamydiaceae",NA,NA
"ASV2299","Bacteria","Pseudomonadota","Alphaproteobacteria","Hyphomicrobiales","Kaistiaceae","Kaistia","granuli"
"ASV2300","Bacteria","Verrucomicrobiota","Verrucomicrobiia","Verrucomicrobiales","Verrucomicrobiaceae","Prosthecobacter",NA
"ASV2301","Bacteria","Pseudomonadota","Alphaproteobacteria","Caulobacterales","Hyphomonadaceae","SWB02",NA
"ASV2302","Bacteria","Pseudomonadota","Alphaproteobacteria","Hyphomicrobiales","Rhizobiaceae",NA,NA
"ASV2303","Bacteria","Pseudomonadota","Alphaproteobacteria","Micropepsales","Micropepsaceae",NA,NA
"ASV2304","Bacteria","Pseudomonadota","Alphaproteobacteria","Acetobacterales","Acetobacteraceae",NA,NA
"ASV2305","Bacteria","Bacillota","Clostridia","Clostridiales","Clostridiaceae","Clostridium",NA
"ASV2306","Bacteria","Acidobacteriota","Acidobacteriae","Terriglobales","Acidobacteriaceae (Subgroup 1)","Telmatobacter",NA
"ASV2307","Bacteria","Pseudomonadota","Alphaproteobacteria","Rhodospirillales",NA,NA,NA
"ASV2308","Bacteria","Pseudomonadota","Gammaproteobacteria",NA,NA,NA,NA
"ASV2309","Bacteria","Patescibacteria","Saccharimonadia","Saccharimonadales","LWQ8",NA,NA
"ASV2310","Bacteria","Pseudomonadota","Alphaproteobacteria","Rhodospirillales",NA,NA,NA
"ASV2311","Bacteria","Patescibacteria","Berkelbacteria",NA,NA,NA,NA
"ASV2312","Bacteria","Pseudomonadota","Gammaproteobacteria","Rickettsiellales","Rickettsiellaceae","Aquicella",NA
"ASV2313","Bacteria","Actinomycetota","Actinobacteria","Kitasatosporales","Streptomycetaceae","Streptomyces",NA
"ASV2314","Bacteria","Pseudomonadota","Alphaproteobacteria","Rhodospirillales",NA,NA,NA
"ASV2315","Bacteria","Pseudomonadota","Alphaproteobacteria","Rickettsiales","Mitochondria",NA,NA
"ASV2316","Bacteria","Bacteroidota","Bacteroidia","Sphingobacteriales","Sphingobacteriaceae","Mucilaginibacter",NA
"ASV2317","Bacteria","Bdellovibrionota","Oligoflexia","0319-6G20",NA,NA,NA
"ASV2318","Bacteria","Pseudomonadota","Gammaproteobacteria",NA,NA,NA,NA
"ASV2319","Bacteria","Pseudomonadota","Alphaproteobacteria","Rickettsiales","Rickettsiaceae",NA,NA
"ASV2320","Bacteria","Verrucomicrobiota","Verrucomicrobiia","Opitutales","Opitutaceae","Opitutus",NA
"ASV2321","Bacteria","Gemmatimonadota","Longimicrobiia","Longimicrobiales","Longimicrobiaceae",NA,NA
"ASV2322","Bacteria","Actinomycetota","Acidimicrobiia","Acidimicrobiales","Acidimicrobiaceae",NA,NA
"ASV2323","Bacteria","Pseudomonadota","Alphaproteobacteria","Sphingomonadales","Sphingomonadaceae","Sphingoaurantiacus",NA
"ASV2324","Bacteria","Pseudomonadota","Alphaproteobacteria","Rhodospirillales","Magnetospirillaceae",NA,NA
"ASV2325","Bacteria","Fibrobacterota","Fibrobacteria","Fibrobacterales","Fibrobacteraceae","possible genus 04",NA
"ASV2326","Bacteria","Actinomycetota","Actinobacteria","Mycobacteriales","Mycobacteriaceae","Mycobacterium",NA
"ASV2327","Bacteria","Pseudomonadota","Alphaproteobacteria","Acetobacterales","Acetobacteraceae",NA,NA
"ASV2328","Bacteria","Bdellovibrionota","Bacteriovoracia","Bacteriovoracales","Bacteriovoracaceae","Peredibacter",NA
"ASV2329","Bacteria","Pseudomonadota","Gammaproteobacteria","Burkholderiales","Chitinimonadaceae","Chitinimonas",NA
"ASV2330","Bacteria","Pseudomonadota","Alphaproteobacteria","Rhodospirillales",NA,NA,NA
"ASV2331","Bacteria","Myxococcota","Myxococcia","Myxococcales","Anaeromyxobacteraceae","Anaeromyxobacter",NA
"ASV2332","Bacteria","Pseudomonadota","Alphaproteobacteria","Caulobacterales","Caulobacteraceae","Asticcacaulis",NA
"ASV2333","Bacteria","Planctomycetota","Planctomycetes","Planctomycetales","Schlesneriaceae","Schlesneria",NA
"ASV2334","Bacteria","Pseudomonadota","Alphaproteobacteria","Micavibrionales",NA,NA,NA
"ASV2335","Bacteria","Armatimonadota",NA,NA,NA,NA,NA
"ASV2336","Bacteria","Verrucomicrobiota","Omnitrophia","Omnitrophales","Omnitrophaceae","Candidatus Omnitrophus",NA
"ASV2337","Bacteria","Bacteroidota","Bacteroidia","Sphingobacteriales","Sphingobacteriaceae","Mucilaginibacter",NA
"ASV2338","Bacteria","Pseudomonadota","Gammaproteobacteria","Burkholderiales","Comamonadaceae","Caenimonas",NA
"ASV2339","Bacteria","Actinomycetota","Actinobacteria","Streptosporangiales","Thermomonosporaceae",NA,NA
"ASV2340","Bacteria","Pseudomonadota","Gammaproteobacteria","Legionellales","Legionellaceae","Legionella",NA
"ASV2341","Bacteria",NA,NA,NA,NA,NA,NA
"ASV2342","Bacteria","Chloroflexota","Chloroflexia","Thermomicrobiales","JG30-KF-CM45",NA,NA
"ASV2343","Bacteria","Verrucomicrobiota","Verrucomicrobiia","Opitutales","Opitutaceae","Oleiharenicola",NA
"ASV2344","Bacteria","Pseudomonadota","Gammaproteobacteria","Legionellales","Legionellaceae","Legionella",NA
"ASV2345","Bacteria","Bdellovibrionota","Bdellovibrionia","Bdellovibrionales","Pseudobdellovibrionaceae",NA,NA
"ASV2346","Bacteria","Bacteroidota","Bacteroidia","Flavobacteriales","Flavobacteriaceae","Flavobacterium",NA
"ASV2347","Bacteria","Bacteroidota","Bacteroidia","Sphingobacteriales","Sphingobacteriaceae","Pedobacter","boryungensis"
"ASV2348","Bacteria","Actinomycetota","Actinobacteria","Propionibacteriales","Nocardioidaceae","Nocardioides",NA
"ASV2349","Bacteria","Actinomycetota","Thermoleophilia","Solirubrobacterales","67-14",NA,NA
"ASV2350","Bacteria","Candidatus Eremiobacterota","Eremiobacteria",NA,NA,NA,NA
"ASV2351","Bacteria","Bdellovibrionota","Bacteriovoracia","Bacteriovoracales","Bacteriovoracaceae","Peredibacter",NA
"ASV2352","Bacteria","Acidobacteriota","Vicinamibacteria","Vicinamibacterales",NA,NA,NA
"ASV2353","Bacteria","Cyanobacteriota","Cyanobacteriia","Chloroplast",NA,NA,NA
"ASV2354","Bacteria","Bacillota","Bacilli","Paenibacillales","Paenibacillaceae","Paenibacillus",NA
"ASV2355","Bacteria","Bdellovibrionota","Oligoflexia","0319-6G20",NA,NA,NA
"ASV2356","Bacteria","Pseudomonadota","Alphaproteobacteria","Reyranellales","Reyranellaceae","Reyranella",NA
"ASV2357","Bacteria","Thermodesulfobacteriota",NA,NA,NA,NA,NA
"ASV2358","Bacteria","Bdellovibrionota","Oligoflexia","Silvanigrellales","Silvanigrellaceae","Fluviispira",NA
"ASV2359","Bacteria","Bacteroidota","Bacteroidia","Sphingobacteriales","Sphingobacteriaceae","Solitalea",NA
"ASV2360","Bacteria","Bacteroidota","Bacteroidia","Flavobacteriales","Flavobacteriaceae","Flavobacterium",NA
"ASV2361","Bacteria","Pseudomonadota","Alphaproteobacteria","Acetobacterales","Acetobacteraceae",NA,NA
"ASV2362","Bacteria","Bacteroidota","Bacteroidia","Chitinophagales","Chitinophagaceae",NA,NA
"ASV2363","Bacteria","Bacillota","Negativicutes","Veillonellales-Selenomonadales","Sporomusaceae","Pelosinus",NA
"ASV2364","Bacteria","Pseudomonadota","Gammaproteobacteria","Burkholderiales","Neisseriaceae",NA,NA
"ASV2365","Bacteria","Bacillota","Bacilli","Paenibacillales","Paenibacillaceae","Paenibacillus",NA
"ASV2366","Bacteria","Bacillota","Bacilli","Paenibacillales","Paenibacillaceae","Paenibacillus",NA
"ASV2367","Bacteria","Pseudomonadota","Gammaproteobacteria","Salinisphaerales","Nevskiaceae","Stenotrophobium",NA
"ASV2368","Bacteria","Pseudomonadota","Alphaproteobacteria","Dongiales","Dongiaceae","Dongia","soli"
"ASV2369","Bacteria","Actinomycetota","Actinobacteria","Propionibacteriales","Nocardioidaceae","Nocardioides","kribbensis"
"ASV2370","Bacteria","Bacteroidota","Bacteroidia","Flavobacteriales","Flavobacteriaceae","Flavobacterium",NA
"ASV2371","Bacteria","Bdellovibrionota","Bdellovibrionia","Bdellovibrionales","Pseudobdellovibrionaceae","Bdellovibrio",NA
"ASV2372","Bacteria","Bacteroidota","Bacteroidia","Cytophagales","Spirosomataceae","Spirosoma",NA
"ASV2373","Bacteria","Cyanobacteriota","Vampirivibrionia","Obscuribacterales","Obscuribacteraceae",NA,NA
"ASV2374","Bacteria","Bacteroidota","Bacteroidia","Sphingobacteriales","Sphingobacteriaceae","Arcticibacter",NA
"ASV2375","Bacteria","Planctomycetota","Phycisphaerae","Tepidisphaerales","WD2101 soil group",NA,NA
"ASV2376","Bacteria","Pseudomonadota","Alphaproteobacteria","Sphingomonadales","Sphingomonadaceae","Rhizorhabdus",NA
"ASV2377","Bacteria","Thermodesulfobacteriota","Desulfuromonadia","PB19",NA,NA,NA
"ASV2378","Bacteria","Bdellovibrionota","Oligoflexia","0319-6G20",NA,NA,NA
"ASV2379","Bacteria","Bacteroidota","Bacteroidia","Cytophagales","Spirosomataceae","Dyadobacter",NA
"ASV2380","Bacteria","Patescibacteria","Saccharimonadia","Saccharimonadales","Saccharimonadaceae","TM7a",NA
"ASV2381","Bacteria","Pseudomonadota","Alphaproteobacteria","Sphingomonadales","Sphingomonadaceae","Croceibacterium",NA
"ASV2382","Bacteria","Bacteroidota","Bacteroidia","Chitinophagales","Chitinophagaceae","Nemorincola",NA
"ASV2383","Bacteria","Bacteroidota","Bacteroidia","Sphingobacteriales","NS11-12 marine group",NA,NA
"ASV2384","Bacteria","Myxococcota","Polyangiia","Polyangiales","Phaselicystaceae","Phaselicystis",NA
"ASV2385","Bacteria","Pseudomonadota","Alphaproteobacteria","Sphingomonadales","Sphingomonadaceae","Sphingobium",NA
"ASV2386","Bacteria","Pseudomonadota","Alphaproteobacteria","Defluviicoccales","Defluviicoccaceae","Defluviicoccus",NA
"ASV2387","Bacteria","Bacillota","Bacilli","Paenibacillales","Paenibacillaceae","Paenibacillus",NA
"ASV2388","Bacteria","Pseudomonadota","Gammaproteobacteria",NA,NA,NA,NA
"ASV2389","Bacteria","Planctomycetota","Planctomycetes","Isosphaerales","Isosphaeraceae","Tautonia",NA
"ASV2390","Bacteria","Pseudomonadota","Alphaproteobacteria","Micropepsales","Micropepsaceae",NA,NA
"ASV2391","Bacteria","Pseudomonadota","Alphaproteobacteria","Elsterales",NA,NA,NA
"ASV2392","Bacteria","Verrucomicrobiota","Verrucomicrobiia","Chthoniobacterales","Xiphinematobacteraceae","Candidatus Xiphinematobacter",NA
"ASV2393","Bacteria","Pseudomonadota","Alphaproteobacteria","Caulobacterales","Caulobacteraceae","PMMR1",NA
"ASV2394","Bacteria","Pseudomonadota","Gammaproteobacteria","Rickettsiellales","Rickettsiellaceae","Aquicella",NA
"ASV2395","Bacteria","Pseudomonadota","Gammaproteobacteria","Pseudomonadales","Moraxellaceae","Acinetobacter",NA
"ASV2396","Bacteria","Pseudomonadota","Gammaproteobacteria","Burkholderiales","Comamonadaceae","Aquabacterium",NA
"ASV2397","Bacteria","Pseudomonadota","Alphaproteobacteria","Acetobacterales","Acetobacteraceae",NA,NA
"ASV2398","Bacteria","Pseudomonadota","Alphaproteobacteria","Micavibrionales",NA,NA,NA
"ASV2399","Bacteria","Myxococcota","Polyangiia","Blfdi19",NA,NA,NA
"ASV2400","Bacteria","Bdellovibrionota","Oligoflexia","Oligoflexales","Oligoflexaceae",NA,NA
"ASV2401","Bacteria","SAR324 clade(Marine group B)","Incertae Sedis","Incertae Sedis","Incertae Sedis","Candidatus Nitrosoarchaeum",NA
"ASV2402","Bacteria","Pseudomonadota","Alphaproteobacteria","Micavibrionales","Micavibrionaceae",NA,NA
"ASV2403","Bacteria","Pseudomonadota","Alphaproteobacteria","Azospirillales","Inquilinaceae","Inquilinus",NA
"ASV2404","Bacteria","Actinomycetota","Actinobacteria","Micrococcales","Microbacteriaceae","Pseudolysinimonas",NA
"ASV2405","Bacteria","Pseudomonadota","Alphaproteobacteria","Paracaedibacterales","Paracaedibacteraceae","Candidatus Captivus",NA
"ASV2406","Bacteria","Myxococcota","Myxococcia","Myxococcales","Anaeromyxobacteraceae","Anaeromyxobacter",NA
"ASV2407","Bacteria","Bacillota","Bacilli","Paenibacillales","Paenibacillaceae","Paenibacillus",NA
"ASV2408","Bacteria","Actinomycetota","Thermoleophilia","Gaiellales",NA,NA,NA
"ASV2409","Bacteria","Bacteroidota","Bacteroidia","Sphingobacteriales","Sphingobacteriaceae","Mucilaginibacter",NA
"ASV2410","Bacteria","Pseudomonadota","Alphaproteobacteria","Zavarziniales",NA,NA,NA
"ASV2411","Bacteria","Pseudomonadota","Alphaproteobacteria","Micavibrionales",NA,NA,NA
"ASV2412","Bacteria","Myxococcota","Polyangiia","Polyangiales","Sandaracinaceae",NA,NA
"ASV2413","Bacteria","Bacillota","Bacilli","Paenibacillales","Paenibacillaceae",NA,NA
"ASV2414","Bacteria","Patescibacteria","Parcubacteria",NA,NA,NA,NA
"ASV2415","Bacteria","Planctomycetota","Phycisphaerae","Phycisphaerales","Phycisphaeraceae","SM1A02",NA
"ASV2416","Bacteria","Actinomycetota","Actinobacteria","Pseudonocardiales","Pseudonocardiaceae","Pseudonocardia",NA
"ASV2417","Bacteria","Pseudomonadota","Alphaproteobacteria","Micavibrionales",NA,NA,NA
"ASV2418","Bacteria","Cyanobacteriota","Cyanobacteriia","Cyanobacteriales","Chroococcidiopsaceae",NA,NA
"ASV2419","Bacteria","Pseudomonadota","Gammaproteobacteria","Legionellales","Legionellaceae","Legionella",NA
"ASV2420","Bacteria","Pseudomonadota","Alphaproteobacteria","Caulobacterales","Caulobacteraceae","Brevundimonas",NA
"ASV2421","Bacteria","Bdellovibrionota","Bdellovibrionia","Bdellovibrionales","Pseudobdellovibrionaceae","Pseudobdellovibrio",NA
"ASV2422","Bacteria","Dependentiae","Babeliae","Babeliales",NA,NA,NA
"ASV2423","Bacteria","Bdellovibrionota","Oligoflexia","0319-6G20",NA,NA,NA
"ASV2424","Bacteria","Pseudomonadota","Gammaproteobacteria","Legionellales","Legionellaceae","Legionella",NA
"ASV2425","Bacteria","Pseudomonadota","Gammaproteobacteria","CHAB-XI-27",NA,NA,NA
"ASV2426","Bacteria","Patescibacteria","Parcubacteria","Candidatus Nomurabacteria",NA,NA,NA
"ASV2427","Bacteria","Bacillota","Bacilli","Alicyclobacillales","Alicyclobacillaceae","Alicyclobacillus",NA
"ASV2428","Bacteria","Planctomycetota","Planctomycetes","Pirellulales","Pirellulaceae",NA,NA
"ASV2429","Bacteria","Pseudomonadota","Gammaproteobacteria","Legionellales","Legionellaceae","Legionella",NA
"ASV2430","Bacteria","Pseudomonadota","Alphaproteobacteria","Rickettsiales","SM2D12",NA,NA
"ASV2431","Bacteria","Pseudomonadota","Gammaproteobacteria","Piscirickettsiales","Piscirickettsiaceae","Candidatus Endoecteinascidia",NA
"ASV2432","Bacteria","Pseudomonadota","Gammaproteobacteria","Rickettsiellales","Rickettsiellaceae",NA,NA
"ASV2433","Bacteria","Myxococcota","Polyangiia","Haliangiales","Haliangiaceae",NA,NA
"ASV2434","Bacteria","Pseudomonadota","Gammaproteobacteria","EV818SWSAP88",NA,NA,NA
"ASV2435","Bacteria","Pseudomonadota","Alphaproteobacteria","Sphingomonadales","Sphingomonadaceae","Ellin6055",NA
"ASV2436","Bacteria","Actinomycetota","Actinobacteria","Micrococcales",NA,NA,NA
"ASV2437","Bacteria","Bdellovibrionota","Oligoflexia","0319-6G20",NA,NA,NA
"ASV2438","Bacteria","Pseudomonadota","Alphaproteobacteria","Hyphomicrobiales","Kaistiaceae","Kaistia",NA
"ASV2439","Bacteria","Pseudomonadota","Gammaproteobacteria","Coxiellales","Coxiellaceae","Coxiella",NA
"ASV2440","Bacteria","Acidobacteriota","Vicinamibacteria","Vicinamibacterales",NA,NA,NA
"ASV2441","Bacteria","Pseudomonadota","Alphaproteobacteria","Rickettsiales","SM2D12",NA,NA
"ASV2442","Bacteria","Actinomycetota","Thermoleophilia","Solirubrobacterales","Solirubrobacteraceae",NA,NA
"ASV2443","Bacteria","Planctomycetota","Planctomycetes","Planctomycetales","Rubinisphaeraceae","Planctomicrobium",NA
"ASV2444","Bacteria","Pseudomonadota","Alphaproteobacteria","Rickettsiales","SM2D12",NA,NA
"ASV2445","Bacteria","Chlamydiota","Chlamydiia","Chlamydiales","Parachlamydiaceae",NA,NA
"ASV2446","Bacteria","Patescibacteria","Berkelbacteria",NA,NA,NA,NA
"ASV2447","Bacteria","Patescibacteria","Parcubacteria","Candidatus Nomurabacteria",NA,NA,NA
"ASV2448","Bacteria","Bdellovibrionota","Oligoflexia","Oligoflexales","Oligoflexaceae",NA,NA
"ASV2449","Bacteria","Actinomycetota","Actinobacteria","Propionibacteriales","Nocardioidaceae","Aeromicrobium",NA
"ASV2450","Bacteria","Pseudomonadota","Gammaproteobacteria","Burkholderiales","Oxalobacteraceae","Massilia","armeniaca"
"ASV2451","Bacteria","Actinomycetota","Actinobacteria","Mycobacteriales","Nocardiaceae","Rhodococcus",NA
"ASV2452","Bacteria","Pseudomonadota","Alphaproteobacteria","Sphingomonadales","Sphingomonadaceae","Ellin6055",NA
"ASV2453","Bacteria","Patescibacteria","Saccharimonadia","Saccharimonadales","Saccharimonadaceae","TM7a",NA
"ASV2454","Bacteria","Bacteroidota","Bacteroidia","Cytophagales","Cytophagaceae","Cytophaga",NA
"ASV2455","Bacteria","Pseudomonadota","Gammaproteobacteria","Rickettsiellales","Rickettsiellaceae","Aquicella",NA
"ASV2456","Bacteria","Pseudomonadota","Gammaproteobacteria","Burkholderiales","Burkholderiaceae","Burkholderia-Caballeronia-Paraburkholderia",NA
"ASV2457","Bacteria","Gemmatimonadota","Gemmatimonadia","Gemmatimonadales","Gemmatimonadaceae","Gemmatimonas",NA
"ASV2458","Bacteria","Pseudomonadota","Gammaproteobacteria",NA,NA,NA,NA
"ASV2459","Bacteria","Pseudomonadota","Alphaproteobacteria","Sphingomonadales","Sphingomonadaceae","Altererythrobacter","rigui"
"ASV2460","Bacteria","Bdellovibrionota","Oligoflexia","0319-6G20",NA,NA,NA
"ASV2461","Bacteria","Bacteroidota","Bacteroidia","Sphingobacteriales","Sphingobacteriaceae","Mucilaginibacter",NA
"ASV2462","Bacteria","Pseudomonadota","Alphaproteobacteria","Acetobacterales","Acetobacteraceae","Acidisoma","tundrae"
"ASV2463","Bacteria","Gemmatimonadota","Longimicrobiia","Longimicrobiales","Longimicrobiaceae",NA,NA
"ASV2464","Bacteria","Bacillota","Bacilli","Paenibacillales","Paenibacillaceae","Paenibacillus",NA
"ASV2465","Bacteria","Patescibacteria","Saccharimonadia","Saccharimonadales","Saccharimonadaceae","TM7a",NA
"ASV2466","Bacteria","Pseudomonadota","Alphaproteobacteria","Sphingomonadales","Sphingomonadaceae",NA,NA
"ASV2467","Bacteria","Pseudomonadota","Alphaproteobacteria","Rickettsiales","SM2D12",NA,NA
"ASV2468","Bacteria","Pseudomonadota","Alphaproteobacteria","Rickettsiales",NA,NA,NA
"ASV2469","Bacteria","Pseudomonadota","Gammaproteobacteria","Burkholderiales","Comamonadaceae","Paucibacter",NA
"ASV2470","Bacteria","Patescibacteria","Saccharimonadia","Saccharimonadales","Saccharimonadaceae","TM7a",NA
"ASV2471","Bacteria","Bdellovibrionota","Oligoflexia","0319-6G20",NA,NA,NA
"ASV2472","Bacteria","Bacteroidota","Bacteroidia","Chitinophagales","Chitinophagaceae",NA,NA
"ASV2473","Bacteria","Bacillota","Bacilli","Paenibacillales","Paenibacillaceae","Paenibacillus",NA
"ASV2474","Bacteria","SAR324 clade(Marine group B)","Incertae Sedis","Incertae Sedis","Incertae Sedis","Candidatus Nitrosoarchaeum",NA
"ASV2475","Bacteria","Bacillota","Bacilli","Paenibacillales","Paenibacillaceae","Paenibacillus",NA
"ASV2476","Bacteria","Pseudomonadota","Alphaproteobacteria","Reyranellales","Reyranellaceae","Reyranella",NA
"ASV2477","Bacteria","Gemmatimonadota","Gemmatimonadia","Gemmatimonadales","Gemmatimonadaceae",NA,NA
"ASV2478","Bacteria","Verrucomicrobiota","Verrucomicrobiia","Opitutales","Opitutaceae","Opitutus",NA
"ASV2479","Bacteria","Pseudomonadota","Alphaproteobacteria","Hyphomicrobiales","Labraceae","Labrys","monachus"
"ASV2480","Bacteria","Planctomycetota","Planctomycetes","Isosphaerales","Isosphaeraceae","Aquisphaera",NA
"ASV2481","Bacteria","Bdellovibrionota","Oligoflexia","0319-6G20",NA,NA,NA
"ASV2482","Bacteria","Gemmatimonadota","Longimicrobiia","Longimicrobiales","Longimicrobiaceae",NA,NA
"ASV2483","Bacteria","Pseudomonadota","Alphaproteobacteria","Hyphomicrobiales","Xanthobacteraceae","Pseudolabrys",NA
"ASV2484","Bacteria","Pseudomonadota","Alphaproteobacteria","Reyranellales","Reyranellaceae",NA,NA
"ASV2485","Bacteria","Pseudomonadota","Alphaproteobacteria","Rickettsiales","Mitochondria",NA,NA
"ASV2486","Bacteria","Acidobacteriota","Acidobacteriae","Terriglobales","Acidobacteriaceae (Subgroup 1)","Granulicella","paludicola"
"ASV2487","Bacteria","Actinomycetota","Acidimicrobiia","Acidimicrobiales","Acidimicrobiaceae","Acidiferrimicrobium",NA
"ASV2488","Bacteria","Pseudomonadota","Alphaproteobacteria","Elsterales",NA,NA,NA
"ASV2489","Bacteria","Actinomycetota","Actinobacteria","Micrococcales","Microbacteriaceae",NA,NA
"ASV2490","Bacteria","Pseudomonadota","Gammaproteobacteria","Rickettsiellales","Rickettsiellaceae",NA,NA
"ASV2491","Bacteria","Pseudomonadota","Gammaproteobacteria","Burkholderiales","Comamonadaceae","Hydrogenophaga",NA
"ASV2492","Bacteria","Pseudomonadota","Alphaproteobacteria","Rickettsiales","Mitochondria",NA,NA
"ASV2493","Bacteria","Patescibacteria","Saccharimonadia","Saccharimonadales","Saccharimonadaceae","TM7a",NA
"ASV2494","Bacteria","Pseudomonadota","Alphaproteobacteria","Hyphomicrobiales",NA,NA,NA
"ASV2495","Bacteria","Bacteroidota","Bacteroidia","Sphingobacteriales","Sphingobacteriaceae","Daejeonella",NA
"ASV2496","Bacteria","Pseudomonadota","Alphaproteobacteria","Acetobacterales","Acetobacteraceae","Acidisphaera",NA
"ASV2497","Bacteria","Pseudomonadota","Gammaproteobacteria","Burkholderiales","Alcaligenaceae","Saccharedens",NA
"ASV2498","Bacteria","Myxococcota","Polyangiia","Polyangiales","BIrii41",NA,NA
"ASV2499","Bacteria","Acidobacteriota","Acidobacteriae","Terriglobales","Acidobacteriaceae (Subgroup 1)","Acidobacterium","capsulatum"
"ASV2500","Bacteria","Actinomycetota","Thermoleophilia","Solirubrobacterales","Solirubrobacteraceae","Conexibacter",NA
"ASV2501","Bacteria","Myxococcota","Polyangiia","Polyangiales","Polyangiaceae","Pajaroellobacter",NA
"ASV2502","Bacteria","Pseudomonadota","Alphaproteobacteria","Sphingomonadales","Sphingomonadaceae","Croceibacterium",NA
"ASV2503","Bacteria","Pseudomonadota","Gammaproteobacteria","Legionellales","Legionellaceae","Legionella",NA
"ASV2504","Bacteria","Bacteroidota","Bacteroidia","Chitinophagales","Chitinophagaceae","Edaphobaculum",NA
"ASV2505","Bacteria","Actinomycetota","Actinobacteria","Micrococcales","Microbacteriaceae","Okibacterium",NA
"ASV2506","Bacteria","Pseudomonadota","Alphaproteobacteria","Acetobacterales","Acetobacteraceae","Acidisphaera",NA
"ASV2507","Bacteria","Bacteroidota","Bacteroidia","Chitinophagales","Chitinophagaceae",NA,NA
"ASV2508","Bacteria","Actinomycetota","Actinobacteria","Propionibacteriales","Nocardioidaceae","Kribbella",NA
"ASV2509","Bacteria","Bacteroidota","Bacteroidia","Chitinophagales","Chitinophagaceae","Nemorincola",NA
"ASV2510","Bacteria","Pseudomonadota","Alphaproteobacteria","Paracaedibacterales","Paracaedibacteraceae",NA,NA
"ASV2511","Bacteria","Patescibacteria","Microgenomatia",NA,NA,NA,NA
"ASV2512","Bacteria","Pseudomonadota","Alphaproteobacteria","Rickettsiales",NA,NA,NA
"ASV2513","Bacteria","Actinomycetota","Acidimicrobiia","Acidimicrobiales","Acidimicrobiaceae",NA,NA
"ASV2514","Bacteria","Pseudomonadota","Gammaproteobacteria",NA,NA,NA,NA
"ASV2515","Bacteria","Bdellovibrionota","Oligoflexia","0319-6G20",NA,NA,NA
"ASV2516","Bacteria","Bacteroidota","Bacteroidia","Sphingobacteriales","NS11-12 marine group",NA,NA
"ASV2517","Bacteria","Pseudomonadota","Alphaproteobacteria","Micavibrionales",NA,NA,NA
"ASV2518","Bacteria","Pseudomonadota","Alphaproteobacteria","Rickettsiales","Mitochondria",NA,NA
"ASV2519","Bacteria","Bacteroidota","Bacteroidia","Sphingobacteriales","Sphingobacteriaceae","Solitalea",NA
"ASV2520","Bacteria","Bdellovibrionota","Oligoflexia","0319-6G20",NA,NA,NA
"ASV2521","Bacteria","Pseudomonadota","Alphaproteobacteria","Hyphomicrobiales","Hyphomicrobiaceae","Hyphomicrobium",NA
"ASV2522","Bacteria","Pseudomonadota","Gammaproteobacteria","Burkholderiales","Comamonadaceae","Piscinibacter",NA
"ASV2523","Bacteria","Bacillota","Negativicutes","Veillonellales-Selenomonadales","Sporomusaceae","Anaerospora",NA
"ASV2524","Bacteria","Pseudomonadota","Alphaproteobacteria","Hyphomicrobiales","Labraceae","Labrys",NA
"ASV2525","Bacteria","Chlamydiota","Chlamydiia","Chlamydiales","Simkaniaceae",NA,NA
"ASV2526","Bacteria","Candidatus Kapabacteria","Kapabacteria","Kapabacteriales",NA,NA,NA
"ASV2527","Bacteria","Hydrogenedentes","Hydrogenedentia","Hydrogenedentiales","Hydrogenedensaceae",NA,NA
"ASV2528","Bacteria","Pseudomonadota","Alphaproteobacteria","Rhodospirillales",NA,NA,NA
"ASV2529","Bacteria","Pseudomonadota","Alphaproteobacteria","Acetobacterales","Acetobacteraceae",NA,NA
"ASV2530","Bacteria","Gemmatimonadota","Gemmatimonadia","Gemmatimonadales","Gemmatimonadaceae","Gemmatimonas",NA
"ASV2531","Bacteria","Pseudomonadota","Alphaproteobacteria","Micavibrionales",NA,NA,NA
"ASV2532","Bacteria","Patescibacteria","Saccharimonadia","Saccharimonadales",NA,NA,NA
"ASV2533","Bacteria","Pseudomonadota","Gammaproteobacteria","Burkholderiales","Neisseriaceae",NA,NA
"ASV2534","Bacteria","Patescibacteria","Saccharimonadia","Saccharimonadales",NA,NA,NA
"ASV2535","Bacteria","Chlamydiota","Chlamydiia","Chlamydiales","Parachlamydiaceae",NA,NA
"ASV2536","Bacteria","Bacillota","Sulfobacillia","Sulfobacillales","Sulfobacillaceae","Sulfobacillus",NA
"ASV2537","Bacteria","Actinomycetota","Actinobacteria","Propionibacteriales","Propionibacteriaceae","Microlunatus",NA
"ASV2538","Bacteria","Pseudomonadota","Alphaproteobacteria","Sphingomonadales","Sphingomonadaceae",NA,NA
"ASV2539","Bacteria","Patescibacteria","Saccharimonadia","Saccharimonadales","Saccharimonadaceae","TM7a",NA
"ASV2540","Bacteria","Acidobacteriota","Vicinamibacteria","Vicinamibacterales",NA,NA,NA
"ASV2541","Bacteria","Myxococcota","Polyangiia","Polyangiales","BIrii41",NA,NA
"ASV2542","Bacteria","Planctomycetota","Planctomycetes","Gemmatales","Gemmataceae","Gemmata",NA
"ASV2543","Bacteria","Pseudomonadota","Alphaproteobacteria","Hyphomicrobiales","Hyphomicrobiales Incertae Sedis","Bauldia",NA
"ASV2544","Bacteria","Sumerlaeota","Sumerlaeia","Sumerlaeales","Sumerlaeaceae","Sumerlaea",NA
"ASV2545","Bacteria","Pseudomonadota","Alphaproteobacteria","Rickettsiales","Mitochondria",NA,NA
"ASV2546","Bacteria","Pseudomonadota","Gammaproteobacteria","Legionellales","Legionellaceae","Legionella",NA
"ASV2547","Bacteria","Verrucomicrobiota","Verrucomicrobiia","Pedosphaerales","Pedosphaeraceae","Pedosphaera",NA
"ASV2548","Bacteria","Pseudomonadota","Gammaproteobacteria","Lysobacterales","Lysobacteraceae","Xanthomonas",NA
"ASV2549","Bacteria","Pseudomonadota","Alphaproteobacteria","Sphingomonadales","Sphingomonadaceae","Erythrobacter",NA
"ASV2550","Bacteria","Pseudomonadota","Alphaproteobacteria","Hyphomicrobiales","Xanthobacteraceae","Pseudolabrys",NA
"ASV2551","Bacteria","Verrucomicrobiota","Verrucomicrobiia","Pedosphaerales","Pedosphaeraceae","Ellin517",NA
"ASV2552","Bacteria","Gemmatimonadota","Gemmatimonadia","Gemmatimonadales","Gemmatimonadaceae","Gemmatimonas",NA
"ASV2553","Bacteria","Pseudomonadota","Alphaproteobacteria","Caulobacterales","Caulobacteraceae","Brevundimonas","viscosa"
"ASV2554","Bacteria","Pseudomonadota","Alphaproteobacteria","Acetobacterales","Acetobacteraceae","Acidisoma",NA
"ASV2555","Bacteria","Actinomycetota","Actinobacteria","Micrococcales","Microbacteriaceae","Gryllotalpicola",NA
"ASV2556","Bacteria","Dependentiae","Babeliae","Babeliales","Babeliaceae",NA,NA
"ASV2557","Bacteria","Actinomycetota","Thermoleophilia","Solirubrobacterales","67-14",NA,NA
"ASV2558","Bacteria","Pseudomonadota","Alphaproteobacteria","Rickettsiales","SM2D12",NA,NA
"ASV2559","Bacteria","Pseudomonadota","Alphaproteobacteria","Sphingomonadales","Sphingomonadaceae","Sphingomonas",NA
"ASV2560","Bacteria","Pseudomonadota","Gammaproteobacteria","Burkholderiales","Comamonadaceae",NA,NA
"ASV2561","Bacteria","Pseudomonadota","Alphaproteobacteria","Rickettsiales","SM2D12",NA,NA
"ASV2562","Bacteria","Pseudomonadota","Gammaproteobacteria","Legionellales","Legionellaceae","Legionella",NA
"ASV2563","Bacteria","Actinomycetota","Actinobacteria","Mycobacteriales","Nocardiaceae","Rhodococcus",NA
"ASV2564","Bacteria","Actinomycetota","Actinobacteria","Micrococcales","Microbacteriaceae","Microbacterium",NA
"ASV2565","Bacteria","Pseudomonadota","Alphaproteobacteria","Micropepsales","Micropepsaceae",NA,NA
"ASV2566","Bacteria","Bacteroidota","Bacteroidia","Sphingobacteriales","env.OPS 17",NA,NA
"ASV2567","Bacteria","Pseudomonadota","Alphaproteobacteria","Caulobacterales","Caulobacteraceae","Phenylobacterium",NA
"ASV2568","Bacteria","Pseudomonadota","Gammaproteobacteria","Legionellales","Legionellaceae","Legionella",NA
"ASV2569","Bacteria","Patescibacteria","Saccharimonadia","Saccharimonadales","Saccharimonadaceae","TM7a",NA
"ASV2570","Bacteria","Bacteroidota","Bacteroidia","Flavobacteriales","Cryomorphaceae","NS10 marine group",NA
"ASV2571","Bacteria","Pseudomonadota","Gammaproteobacteria","Pseudomonadales","Cellvibrionaceae","Cellvibrio",NA
"ASV2572","Bacteria","Planctomycetota","Planctomycetes","Isosphaerales","Isosphaeraceae","Aquisphaera",NA
"ASV2573","Bacteria","Bdellovibrionota","Oligoflexia","Oligoflexales","Oligoflexaceae",NA,NA
"ASV2574","Bacteria","Pseudomonadota","Gammaproteobacteria","Steroidobacterales","Steroidobacteraceae",NA,NA
"ASV2575","Bacteria","Planctomycetota","Planctomycetes","Planctomycetales","Rubinisphaeraceae","Planctomicrobium",NA
"ASV2576","Bacteria","Pseudomonadota","Alphaproteobacteria","Rickettsiales","bac2nit3",NA,NA
"ASV2577","Bacteria","Pseudomonadota","Gammaproteobacteria","Burkholderiales","Alcaligenaceae",NA,NA
"ASV2578","Bacteria","Pseudomonadota","Alphaproteobacteria","Hyphomicrobiales","D05-2",NA,NA
"ASV2579","Bacteria","Pseudomonadota","Alphaproteobacteria","Micavibrionales",NA,NA,NA
"ASV2580","Bacteria","Actinomycetota","Actinobacteria","Kineosporiales","Kineosporiaceae","Angustibacter",NA
"ASV2581","Bacteria","Cyanobacteriota","Cyanobacteriia","Chloroplast",NA,NA,NA
"ASV2582","Bacteria","Pseudomonadota","Alphaproteobacteria","Caulobacterales","Caulobacteraceae","Phenylobacterium",NA
"ASV2583","Bacteria","Gemmatimonadota","Gemmatimonadia","Gemmatimonadales","Gemmatimonadaceae","Gemmatimonas",NA
"ASV2584","Bacteria","Pseudomonadota","Alphaproteobacteria","Azospirillales","Inquilinaceae","Inquilinus",NA
"ASV2585","Bacteria","Bacteroidota","Bacteroidia","Cytophagales","Cytophagaceae","Cytophaga",NA
"ASV2586","Bacteria","Pseudomonadota","Gammaproteobacteria",NA,NA,NA,NA
"ASV2587","Bacteria","Cyanobacteriota","Cyanobacteriia","Chloroplast",NA,NA,NA
"ASV2588","Bacteria","Actinomycetota","Actinobacteria","Micrococcales","Intrasporangiaceae","Terrabacter",NA
"ASV2589","Bacteria","Planctomycetota","Planctomycetes","Isosphaerales","Isosphaeraceae","Paludisphaera",NA
"ASV2590","Bacteria","Bacillota","Bacilli","Paenibacillales","Paenibacillaceae",NA,NA
"ASV2591","Bacteria","Abditibacteriota","Abditibacteriia","Abditibacteriales","Abditibacteriaceae","Abditibacterium",NA
"ASV2592","Bacteria","Gemmatimonadota","Gemmatimonadia","Gemmatimonadales","Gemmatimonadaceae",NA,NA
"ASV2593","Bacteria","Armatimonadota","Fimbriimonadia","Fimbriimonadales","Fimbriimonadaceae","Fimbriimonas",NA
"ASV2594","Bacteria","Pseudomonadota","Gammaproteobacteria",NA,NA,NA,NA
"ASV2595","Bacteria","Pseudomonadota","Alphaproteobacteria","Reyranellales","Reyranellaceae","Reyranella",NA
"ASV2596","Bacteria","Bacillota","Bacilli","Staphylococcales","Staphylococcaceae","Staphylococcus","haemolyticus"
"ASV2597","Bacteria","Bdellovibrionota","Oligoflexia","Oligoflexales","Oligoflexaceae",NA,NA
"ASV2598","Bacteria","Pseudomonadota","Alphaproteobacteria","Rickettsiales","Mitochondria",NA,NA
"ASV2599","Bacteria","Bacillota","Bacilli","Bacillales","Bacillaceae","Gottfriedia",NA
"ASV2600","Bacteria","Pseudomonadota","Alphaproteobacteria","Acetobacterales","Acetobacteraceae","Rhodopila",NA
"ASV2601","Bacteria","Pseudomonadota","Alphaproteobacteria","Hyphomicrobiales","Beijerinckiaceae","Roseiarcus",NA
"ASV2602","Bacteria","Pseudomonadota","Alphaproteobacteria","Acetobacterales","Acetobacteraceae","Rhodopila",NA
"ASV2603","Bacteria","Pseudomonadota","Alphaproteobacteria","Caulobacterales","Caulobacteraceae","Brevundimonas",NA
"ASV2604","Bacteria","Actinomycetota","Actinobacteria","Frankiales","Nakamurellaceae","Nakamurella","lactea"
"ASV2605","Bacteria","Bdellovibrionota","Oligoflexia","0319-6G20",NA,NA,NA
"ASV2606","Bacteria","Bacillota","Clostridia","Clostridiales","Clostridiaceae","Clostridium",NA
"ASV2607","Bacteria","Pseudomonadota","Alphaproteobacteria","Rickettsiales","Mitochondria",NA,NA
"ASV2608","Bacteria","Pseudomonadota","Gammaproteobacteria","Legionellales","Legionellaceae","Legionella",NA
"ASV2609","Bacteria","Actinomycetota","Actinobacteria","Pseudonocardiales","Pseudonocardiaceae","Pseudonocardia",NA
"ASV2610","Bacteria","Bacillota","Bacilli","Paenibacillales","Paenibacillaceae","Paenibacillus",NA
"ASV2611","Bacteria","Chloroflexota","TK10",NA,NA,NA,NA
"ASV2612","Bacteria","Pseudomonadota","Alphaproteobacteria","Hyphomicrobiales","Beijerinckiaceae","alphaI cluster",NA
"ASV2613","Bacteria","Planctomycetota","Planctomycetes","Isosphaerales","Isosphaeraceae","Aquisphaera",NA
"ASV2614","Bacteria","Actinomycetota","Actinobacteria",NA,NA,NA,NA
"ASV2615","Bacteria","Pseudomonadota","Gammaproteobacteria","Burkholderiales","Alcaligenaceae","Verticiella",NA
"ASV2616","Bacteria","Pseudomonadota","Alphaproteobacteria","Hyphomicrobiales",NA,NA,NA
"ASV2617","Bacteria","Hydrogenedentes","Hydrogenedentia","Hydrogenedentiales","Hydrogenedensaceae",NA,NA
"ASV2618","Bacteria","Pseudomonadota","Alphaproteobacteria","Micropepsales","Micropepsaceae",NA,NA
"ASV2619","Bacteria","Pseudomonadota","Alphaproteobacteria","Hyphomicrobiales","Xanthobacteraceae","Ancylobacter",NA
"ASV2620","Bacteria","Bdellovibrionota","Oligoflexia","0319-6G20",NA,NA,NA
"ASV2621","Bacteria","Pseudomonadota","Gammaproteobacteria","Burkholderiales","Comamonadaceae","Piscinibacter",NA
"ASV2622","Bacteria","Pseudomonadota","Alphaproteobacteria","Acetobacterales","Acetobacteraceae",NA,NA
"ASV2623","Bacteria","Bdellovibrionota","Oligoflexia","0319-6G20",NA,NA,NA
"ASV2624","Bacteria","Verrucomicrobiota","Verrucomicrobiia","Opitutales","Opitutaceae","Opitutus",NA
"ASV2625","Bacteria","Myxococcota","Polyangiia","Polyangiales","Phaselicystaceae","Phaselicystis",NA
"ASV2626","Bacteria","Pseudomonadota","Alphaproteobacteria","Rhodospirillales",NA,NA,NA
"ASV2627","Bacteria","Pseudomonadota","Gammaproteobacteria","Burkholderiales","Neisseriaceae",NA,NA
"ASV2628","Bacteria","Pseudomonadota","Gammaproteobacteria",NA,NA,NA,NA
"ASV2629","Bacteria","Actinomycetota","Acidimicrobiia","Acidimicrobiales","Acidimicrobiaceae",NA,NA
"ASV2630","Bacteria","Pseudomonadota","Gammaproteobacteria","Rickettsiellales","Rickettsiellaceae",NA,NA
"ASV2631","Bacteria","Planctomycetota","Planctomycetes","Isosphaerales","Isosphaeraceae","Tautonia",NA
"ASV2632","Bacteria","Bacillota","Bacilli","Alicyclobacillales","Alicyclobacillaceae","Alicyclobacillus",NA
"ASV2633","Bacteria","Pseudomonadota","Alphaproteobacteria","Hyphomicrobiales","KF-JG30-B3",NA,NA
"ASV2634","Bacteria","Pseudomonadota","Gammaproteobacteria","Rickettsiellales","Rickettsiellaceae",NA,NA
"ASV2635","Bacteria","Pseudomonadota","Alphaproteobacteria","Rickettsiales","AB1",NA,NA
"ASV2636","Bacteria","Pseudomonadota","Gammaproteobacteria","Rickettsiellales","Rickettsiellaceae","Aquicella",NA
"ASV2637","Bacteria","Bacteroidota","Bacteroidia","Chitinophagales","Chitinophagaceae","Sediminibacterium",NA
"ASV2638","Bacteria","Myxococcota","Polyangiia","Polyangiales","Phaselicystaceae","Phaselicystis",NA
"ASV2639","Bacteria","Pseudomonadota","Alphaproteobacteria","Rhodobacterales","Paracoccaceae","Cereibacter",NA
"ASV2640","Bacteria","Pseudomonadota","Alphaproteobacteria","Rhodobacterales","Paracoccaceae","Pseudothioclava",NA
"ASV2641","Bacteria","Pseudomonadota","Gammaproteobacteria","Burkholderiales","Comamonadaceae","Xylophilus",NA
"ASV2642","Bacteria","Actinomycetota","Actinobacteria","Frankiales","Frankiaceae","Jatrophihabitans",NA
"ASV2643","Bacteria","Pseudomonadota","Gammaproteobacteria","Burkholderiales","Neisseriaceae",NA,NA
"ASV2644","Bacteria","Chloroflexota","Chloroflexia","Thermomicrobiales","JG30-KF-CM45",NA,NA
"ASV2645","Bacteria","Planctomycetota","Planctomycetes","Gemmatales","Gemmataceae","Fimbriiglobus",NA
"ASV2646","Bacteria","Chloroflexota","Dehalococcoidia","S085",NA,NA,NA
"ASV2647","Bacteria","Pseudomonadota","Gammaproteobacteria","SS1-B-04-55",NA,NA,NA
"ASV2648","Bacteria","Pseudomonadota","Alphaproteobacteria","Sphingomonadales","Sphingomonadaceae","Sphingomonas",NA
"ASV2649","Bacteria","Pseudomonadota","Gammaproteobacteria","Burkholderiales","SC-I-84",NA,NA
"ASV2650","Bacteria","Pseudomonadota","Gammaproteobacteria","Legionellales","Legionellaceae",NA,NA
"ASV2651","Bacteria","Bacteroidota","Bacteroidia","Sphingobacteriales","Sphingobacteriaceae","Olivibacter",NA
"ASV2652","Bacteria","Actinomycetota","Acidimicrobiia","Acidimicrobiales","Acidimicrobiaceae",NA,NA
"ASV2653","Bacteria","Actinomycetota","Thermoleophilia","Solirubrobacterales","Solirubrobacteraceae","Conexibacter",NA
"ASV2654","Bacteria","Planctomycetota","Planctomycetes","Isosphaerales","Isosphaeraceae","Singulisphaera",NA
"ASV2655","Bacteria","Acidobacteriota","Vicinamibacteria","Vicinamibacterales","Vicinamibacteraceae",NA,NA
"ASV2656","Bacteria","Pseudomonadota","Gammaproteobacteria","Coxiellales","Coxiellaceae","Coxiella",NA
"ASV2657","Bacteria","Pseudomonadota","Alphaproteobacteria","Rickettsiales","SM2D12",NA,NA
"ASV2658","Bacteria","Bacteroidota","Bacteroidia","Flavobacteriales","Weeksellaceae","Chryseobacterium",NA
"ASV2659","Bacteria","Pseudomonadota","Alphaproteobacteria","Paracaedibacterales","Paracaedibacteraceae","Candidatus Paracaedibacter",NA
"ASV2660","Bacteria","Pseudomonadota","Alphaproteobacteria","Hyphomicrobiales","Devosiaceae","Devosia",NA
"ASV2661","Bacteria","Bacteroidota","Bacteroidia","Flavobacteriales","Flavobacteriaceae","Flavobacterium",NA
"ASV2662","Bacteria","Pseudomonadota","Gammaproteobacteria","Enterobacterales","Enterobacteriaceae",NA,NA
"ASV2663","Bacteria","Pseudomonadota","Gammaproteobacteria","Enterobacterales","Enterobacteriaceae","Raoultella",NA
"ASV2664","Bacteria","Acidobacteriota","Acidobacteriae","Terriglobales","Acidobacteriaceae (Subgroup 1)","Granulicella",NA
"ASV2665","Bacteria","Bacillota","Clostridia","Peptostreptococcales-Tissierellales","Anaerovoracaceae","Anaerovorax",NA
"ASV2666","Bacteria","Pseudomonadota","Alphaproteobacteria","Hyphomicrobiales","Rhizobiaceae","Endobacterium",NA
"ASV2667","Bacteria","Patescibacteria","Saccharimonadia","Saccharimonadales",NA,NA,NA
"ASV2668","Bacteria","Acidobacteriota","Acidobacteriae","Bryobacterales","Bryobacteraceae","Paludibaculum",NA
"ASV2669","Bacteria","Bdellovibrionota","Bdellovibrionia","Bdellovibrionales","Pseudobdellovibrionaceae",NA,NA
"ASV2670","Bacteria","Pseudomonadota","Gammaproteobacteria","Burkholderiales","Oxalobacteraceae","Massilia",NA
"ASV2671","Bacteria","Pseudomonadota","Alphaproteobacteria","Rhodospirillales","Rhodospirillaceae",NA,NA
"ASV2672","Bacteria","Pseudomonadota","Alphaproteobacteria","Sphingomonadales","Sphingomonadaceae","Altericroceibacterium",NA
"ASV2673","Bacteria","Pseudomonadota","Alphaproteobacteria","Rickettsiales","SM2D12",NA,NA
"ASV2674","Bacteria","Elusimicrobiota","Elusimicrobia","Lineage IV",NA,NA,NA
"ASV2675","Bacteria","Planctomycetota","Planctomycetes","Isosphaerales","Isosphaeraceae","Aquisphaera",NA
"ASV2676","Bacteria","Pseudomonadota","Gammaproteobacteria","Burkholderiales","Comamonadaceae","Piscinibacter",NA
"ASV2677","Bacteria","Pseudomonadota","Alphaproteobacteria","Caulobacterales","Caulobacteraceae","Caulobacter",NA
"ASV2678","Bacteria","Hydrogenedentes","Hydrogenedentia","Hydrogenedentiales","Hydrogenedensaceae",NA,NA
"ASV2679","Bacteria","Pseudomonadota","Gammaproteobacteria",NA,NA,NA,NA
"ASV2680","Bacteria","Bdellovibrionota","Bdellovibrionia","Bdellovibrionales","Pseudobdellovibrionaceae","OM27 clade",NA
"ASV2681","Bacteria","Pseudomonadota","Alphaproteobacteria","Sneathiellales","Sneathiellaceae","Taonella","mepensis"
"ASV2682","Bacteria","Pseudomonadota","Alphaproteobacteria","Paracaedibacterales","Paracaedibacteraceae",NA,NA
"ASV2683","Bacteria","Gemmatimonadota","BD2-11 terrestrial group",NA,NA,NA,NA
"ASV2684","Bacteria","Patescibacteria","Parcubacteria",NA,NA,NA,NA
"ASV2685","Bacteria","Pseudomonadota","Alphaproteobacteria","Paracaedibacterales","Paracaedibacteraceae","Candidatus Paracaedibacter",NA
"ASV2686","Bacteria","Pseudomonadota","Gammaproteobacteria","Lysobacterales","Rhodanobacteraceae","Dokdonella","ginsengisoli"
"ASV2687","Bacteria","Bacteroidota","Bacteroidia","Bacteroidetes VC2.1 Bac22",NA,NA,NA
"ASV2688","Bacteria","Bdellovibrionota","Oligoflexia","0319-6G20",NA,NA,NA
"ASV2689","Bacteria","Pseudomonadota","Alphaproteobacteria","Paracaedibacterales","Paracaedibacteraceae",NA,NA
"ASV2690","Bacteria","Bacteroidota","Bacteroidia","Sphingobacteriales","Sphingobacteriaceae","Pedobacter",NA
"ASV2691","Bacteria","Pseudomonadota","Alphaproteobacteria","Acetobacterales","Acetobacteraceae","Acidocella",NA
"ASV2692","Bacteria","Pseudomonadota","Gammaproteobacteria","Lysobacterales","Rhodanobacteraceae","Dokdonella",NA
"ASV2693","Bacteria","Pseudomonadota","Alphaproteobacteria","Parvibaculales","Parvibaculaceae","Parvibaculum",NA
"ASV2694","Bacteria","Pseudomonadota","Gammaproteobacteria","Pseudomonadales","Spongiibacteraceae","BD1-7 clade",NA
"ASV2695","Bacteria","Patescibacteria","Gracilibacteria","Candidatus Peribacteria",NA,NA,NA
"ASV2696","Bacteria","Pseudomonadota","Alphaproteobacteria","Hyphomicrobiales","Beijerinckiaceae",NA,NA
"ASV2697","Bacteria","Gemmatimonadota","Gemmatimonadia","Gemmatimonadales","Gemmatimonadaceae","Gemmatimonas",NA
"ASV2698","Bacteria","Actinomycetota","Actinobacteria","Kitasatosporales","Streptomycetaceae","Streptantibioticus",NA
"ASV2699","Bacteria","Verrucomicrobiota","Verrucomicrobiia","Chthoniobacterales","Chthoniobacteraceae","Chthoniobacter",NA
"ASV2700","Bacteria","Bacteroidota","Bacteroidia","Flavobacteriales","Flavobacteriaceae","Flavobacterium",NA
"ASV2701","Bacteria","Bacteroidota","Bacteroidia","Cytophagales","Spirosomataceae","Fibrella",NA
"ASV2702","Bacteria","Actinomycetota","Actinobacteria","Micrococcales","Microbacteriaceae",NA,NA
"ASV2703","Bacteria","Pseudomonadota","Alphaproteobacteria","Hyphomicrobiales","Pleomorphomonadaceae","Prosthecomicrobium","pneumaticum"
"ASV2704","Bacteria","Pseudomonadota","Gammaproteobacteria","Salinisphaerales","Nevskiaceae","Solimonas",NA
"ASV2705","Bacteria","Actinomycetota","Thermoleophilia","Gaiellales",NA,NA,NA
"ASV2706","Bacteria","Pseudomonadota","Alphaproteobacteria","Sphingomonadales","Sphingomonadaceae","Erythrobacter",NA
"ASV2707","Bacteria","Armatimonadota","Fimbriimonadia","Fimbriimonadales","Fimbriimonadaceae",NA,NA
"ASV2708","Bacteria","Pseudomonadota","Gammaproteobacteria","Pseudomonadales","Moraxellaceae","Acinetobacter",NA
"ASV2709","Bacteria","Pseudomonadota","Alphaproteobacteria","Hyphomicrobiales","Beijerinckiaceae","Methylovirgula",NA
"ASV2710","Bacteria","Bacteroidota","Bacteroidia","Sphingobacteriales","Sphingobacteriaceae","Pedobacter",NA
"ASV2711","Bacteria","Bacillota","Bacilli","Paenibacillales","Paenibacillaceae","Paenibacillus",NA
"ASV2712","Bacteria","Bdellovibrionota","Bdellovibrionia","Bdellovibrionales","Pseudobdellovibrionaceae",NA,NA
"ASV2713","Bacteria","Pseudomonadota","Alphaproteobacteria","Holosporales","Holosporaceae","Candidatus Bealeia",NA
"ASV2714","Bacteria","Pseudomonadota","Gammaproteobacteria","Rickettsiellales","Rickettsiellaceae",NA,NA
"ASV2715","Bacteria","Actinomycetota","Acidimicrobiia","Microtrichales",NA,NA,NA
"ASV2716","Bacteria","Pseudomonadota","Gammaproteobacteria","Rickettsiellales","Rickettsiellaceae","Aquicella",NA
"ASV2717","Bacteria","Pseudomonadota","Alphaproteobacteria","Sphingomonadales","Sphingomonadaceae",NA,NA
"ASV2718","Bacteria","Pseudomonadota","Alphaproteobacteria","Holosporales","Holosporaceae",NA,NA
"ASV2719","Bacteria","Chloroflexota","Chloroflexia","Thermomicrobiales","JG30-KF-CM45",NA,NA
"ASV2720","Bacteria","Bacteroidota","Bacteroidia","Cytophagales","Cytophagaceae","Cytophaga",NA
"ASV2721","Bacteria","Pseudomonadota","Gammaproteobacteria","Rickettsiellales","Rickettsiellaceae",NA,NA
"ASV2722","Bacteria","Pseudomonadota","Alphaproteobacteria","Rickettsiales","Mitochondria",NA,NA
"ASV2723","Bacteria","Pseudomonadota","Gammaproteobacteria","Coxiellales","Coxiellaceae","Coxiella",NA
"ASV2724","Bacteria","Bacteroidota","Bacteroidia","Bacteroidetes VC2.1 Bac22",NA,NA,NA
"ASV2725","Bacteria","Pseudomonadota","Alphaproteobacteria","Ferrovibrionales","Ferrovibrionaceae","Ferrovibrio",NA
"ASV2726","Bacteria","Actinomycetota","Thermoleophilia","Solirubrobacterales","Solirubrobacteraceae","Conexibacter",NA
"ASV2727","Bacteria",NA,NA,NA,NA,NA,NA
"ASV2728","Bacteria","Bacillota","Bacilli","Paenibacillales","Paenibacillaceae","Paenibacillus",NA
"ASV2729","Bacteria","Candidatus Kapabacteria","Kapabacteria","Kapabacteriales",NA,NA,NA
"ASV2730","Bacteria","Chloroflexota","TK10",NA,NA,NA,NA
"ASV2731","Bacteria","Pseudomonadota","Alphaproteobacteria","Sphingomonadales","Sphingomonadaceae","Ellin6055",NA
"ASV2732","Bacteria","Bacteroidota","Bacteroidia","Sphingobacteriales","Sphingobacteriaceae",NA,NA
"ASV2733","Bacteria","Pseudomonadota","Gammaproteobacteria","Burkholderiales","Alcaligenaceae","Pelistega",NA
"ASV2734","Bacteria","Pseudomonadota","Alphaproteobacteria","Hyphomicrobiales","Xanthobacteraceae","Rhodoplanes",NA
"ASV2735","Bacteria","Pseudomonadota","Alphaproteobacteria","Rhodospirillales","Rhodospirillaceae",NA,NA
"ASV2736","Bacteria","Acidobacteriota","Acidobacteriae","Bryobacterales","Bryobacteraceae","Bryobacter",NA
"ASV2737","Bacteria","Pseudomonadota","Gammaproteobacteria","Lysobacterales","Lysobacteraceae","Stenotrophomonas",NA
"ASV2738","Bacteria","Pseudomonadota","Alphaproteobacteria","Rickettsiales","Rickettsiaceae",NA,NA
"ASV2739","Bacteria","Pseudomonadota","Alphaproteobacteria",NA,NA,NA,NA
"ASV2740","Bacteria","Actinomycetota","Actinobacteria","Propionibacteriales","Nocardioidaceae","Nocardioides",NA
"ASV2741","Bacteria","Pseudomonadota","Gammaproteobacteria","Burkholderiales","Oxalobacteraceae","Massilia",NA
"ASV2742","Bacteria","Pseudomonadota","Alphaproteobacteria","Hyphomicrobiales","Hyphomicrobiaceae","Hyphomicrobium",NA
"ASV2743","Bacteria","Myxococcota","Polyangiia","Polyangiales","Polyangiaceae","Pajaroellobacter",NA
"ASV2744","Bacteria","Pseudomonadota","Alphaproteobacteria","Caulobacterales","Caulobacteraceae",NA,NA
"ASV2745","Bacteria","Pseudomonadota","Alphaproteobacteria","Elsterales",NA,NA,NA
"ASV2746","Bacteria","Pseudomonadota","Gammaproteobacteria","Legionellales","Legionellaceae","Legionella",NA
"ASV2747","Bacteria","Pseudomonadota","Alphaproteobacteria","Paracaedibacterales","Paracaedibacteraceae","Candidatus Finniella",NA
"ASV2748","Bacteria","Actinomycetota","Actinobacteria","Frankiales","Sporichthyaceae","Sporichthya",NA
"ASV2749","Bacteria","Pseudomonadota","Gammaproteobacteria","Burkholderiales","Comamonadaceae",NA,NA
"ASV2750","Bacteria","Pseudomonadota","Alphaproteobacteria",NA,NA,NA,NA
"ASV2751","Bacteria","Gemmatimonadota","S0134 terrestrial group",NA,NA,NA,NA
"ASV2752","Bacteria","Patescibacteria","Parcubacteria",NA,NA,NA,NA
"ASV2753","Bacteria","Bacteroidota","Bacteroidia","Cytophagales","Spirosomataceae","Dyadobacter",NA
"ASV2754","Bacteria","Pseudomonadota","Gammaproteobacteria","Rickettsiellales","Rickettsiellaceae",NA,NA
"ASV2755","Bacteria","Myxococcota","Polyangiia","mle1-27",NA,NA,NA
"ASV2756","Bacteria","Actinomycetota","Thermoleophilia","Solirubrobacterales","Solirubrobacteraceae","JCM 18997",NA
"ASV2757","Bacteria","Dependentiae","Babeliae","Babeliales",NA,NA,NA
"ASV2758","Bacteria","Actinomycetota","Thermoleophilia","Gaiellales",NA,NA,NA
"ASV2759","Bacteria","Pseudomonadota","Alphaproteobacteria","Caulobacterales","Caulobacteraceae","Brevundimonas","kwangchunensis"
"ASV2760","Bacteria","Bacteroidota","Bacteroidia","Chitinophagales","Chitinophagaceae","Edaphocola",NA
"ASV2761","Bacteria","Verrucomicrobiota","Verrucomicrobiia","Opitutales","Opitutaceae",NA,NA
"ASV2762","Bacteria","Pseudomonadota","Alphaproteobacteria","Rhodospirillales",NA,NA,NA
"ASV2763","Bacteria","Acidobacteriota","Acidobacteriae","Terriglobales","Acidobacteriaceae (Subgroup 1)","Occallatibacter",NA
"ASV2764","Bacteria","Candidatus Eremiobacterota","Eremiobacteria",NA,NA,NA,NA
"ASV2765","Bacteria","Pseudomonadota","Alphaproteobacteria","Acetobacterales","Acetobacteraceae",NA,NA
"ASV2766","Bacteria","Pseudomonadota","Gammaproteobacteria","Rickettsiellales","Rickettsiellaceae",NA,NA
"ASV2767","Bacteria","Planctomycetota","Planctomycetes","Planctomycetales","Schlesneriaceae","Schlesneria",NA
"ASV2768","Bacteria","Patescibacteria","Saccharimonadia","Saccharimonadales",NA,NA,NA
"ASV2769","Bacteria","Pseudomonadota","Alphaproteobacteria","Rickettsiales","Rickettsiaceae",NA,NA
"ASV2770","Bacteria","Pseudomonadota","Gammaproteobacteria","Gammaproteobacteria Incertae Sedis","Unknown Family","Candidatus Ovatusbacter",NA
"ASV2771","Bacteria","Bacteroidota","Bacteroidia","Flavobacteriales","Flavobacteriaceae","Flavobacterium","arsenitoxidans"
"ASV2772","Bacteria","Pseudomonadota","Alphaproteobacteria","Paracaedibacterales","Paracaedibacteraceae",NA,NA
"ASV2773","Bacteria","Actinomycetota","Actinobacteria","Propionibacteriales","Propionibacteriaceae","Cutibacterium",NA
"ASV2774","Bacteria","Pseudomonadota","Gammaproteobacteria","Burkholderiales","Rhodocyclaceae",NA,NA
"ASV2775","Bacteria","Bacteroidota","Bacteroidia","Flavobacteriales","Flavobacteriaceae","Flavobacterium",NA
"ASV2776","Bacteria","Pseudomonadota","Alphaproteobacteria","Hyphomicrobiales","Beijerinckiaceae",NA,NA
"ASV2777","Bacteria","Gemmatimonadota","Gemmatimonadia","Gemmatimonadales","Gemmatimonadaceae","Gemmatimonas",NA
"ASV2778","Bacteria","Pseudomonadota","Gammaproteobacteria","Burkholderiales","Comamonadaceae","Polaromonas",NA
"ASV2779","Bacteria","Dependentiae","Babeliae","Babeliales",NA,NA,NA
"ASV2780","Bacteria","Pseudomonadota","Alphaproteobacteria","Micavibrionales",NA,NA,NA
"ASV2781","Bacteria","Bdellovibrionota","Bdellovibrionia","Bdellovibrionales","Pseudobdellovibrionaceae",NA,NA
"ASV2782","Bacteria","Planctomycetota","Planctomycetes","Planctomycetales",NA,NA,NA
"ASV2783","Bacteria","Pseudomonadota","Alphaproteobacteria","Hyphomicrobiales","Rhizobiaceae",NA,NA
"ASV2784","Bacteria","Pseudomonadota","Alphaproteobacteria","Micavibrionales","Micavibrionaceae",NA,NA
"ASV2785","Bacteria","Pseudomonadota","Gammaproteobacteria","Burkholderiales","B1-7BS",NA,NA
"ASV2786","Bacteria","Planctomycetota","Planctomycetes","Isosphaerales","Isosphaeraceae",NA,NA
"ASV2787","Bacteria","Actinomycetota","Acidimicrobiia","Microtrichales","Iamiaceae","Iamia",NA
"ASV2788","Bacteria","Bacteroidota","Bacteroidia","Sphingobacteriales","Sphingobacteriaceae","Mucilaginibacter",NA
"ASV2789","Bacteria","Pseudomonadota","Alphaproteobacteria","Rickettsiales","SM2D12",NA,NA
"ASV2790","Bacteria","Bacteroidota","Bacteroidia","Chitinophagales","Chitinophagaceae","Nemorincola",NA
"ASV2791","Bacteria","Dependentiae","Babeliae","Babeliales","Incertae Sedis","UBA12409",NA
"ASV2792","Bacteria","Pseudomonadota","Gammaproteobacteria","Gammaproteobacteria Incertae Sedis","Unknown Family",NA,NA
"ASV2793","Bacteria","Pseudomonadota","Gammaproteobacteria",NA,NA,NA,NA
"ASV2794","Bacteria","Pseudomonadota","Gammaproteobacteria","Burkholderiales","Oxalobacteraceae","Massilia",NA
"ASV2795","Bacteria","Pseudomonadota","Gammaproteobacteria","Burkholderiales","Comamonadaceae",NA,NA
"ASV2796","Bacteria","Verrucomicrobiota","Verrucomicrobiia","Pedosphaerales","Pedosphaeraceae","Ellin517",NA
"ASV2797","Bacteria","Actinomycetota","Actinobacteria","Kitasatosporales","Streptomycetaceae","Streptomyces",NA
"ASV2798","Bacteria","Pseudomonadota","Alphaproteobacteria","Sphingomonadales","Sphingomonadaceae","Altericroceibacterium",NA
"ASV2799","Bacteria","Pseudomonadota","Alphaproteobacteria","Rickettsiales","SM2D12",NA,NA
"ASV2800","Bacteria","Dependentiae","Babeliae","Babeliales","Vermiphilaceae",NA,NA
"ASV2801","Bacteria","Pseudomonadota","Alphaproteobacteria","Rickettsiales","Mitochondria",NA,NA
"ASV2802","Bacteria","Dependentiae","Babeliae","Babeliales","Vermiphilaceae",NA,NA
"ASV2803","Bacteria","Actinomycetota","Actinobacteria","Micrococcales","Microbacteriaceae","Humibacter","albus"
"ASV2804","Bacteria","Patescibacteria","Saccharimonadia","Saccharimonadales",NA,NA,NA
"ASV2805","Bacteria","Actinomycetota","Actinobacteria","Frankiales",NA,NA,NA
"ASV2806","Bacteria","Chlamydiota","Chlamydiia","Chlamydiales","Parachlamydiaceae",NA,NA
"ASV2807","Bacteria","Pseudomonadota","Alphaproteobacteria",NA,NA,NA,NA
"ASV2808","Bacteria","Chlamydiota","Chlamydiia","Chlamydiales","Parachlamydiaceae",NA,NA
"ASV2809","Bacteria","Bacteroidota","Bacteroidia","Cytophagales","Spirosomataceae",NA,NA
"ASV2810","Bacteria","Planctomycetota","Phycisphaerae","Phycisphaerales","Phycisphaeraceae","SM1A02",NA
"ASV2811","Bacteria","Pseudomonadota","Gammaproteobacteria","Legionellales","Legionellaceae","Legionella",NA
"ASV2812","Bacteria","Chlamydiota","Chlamydiia","Chlamydiales","Parachlamydiaceae","Neochlamydia",NA
"ASV2813","Bacteria","Bacteroidota","Bacteroidia","Chitinophagales","Chitinophagaceae",NA,NA
"ASV2814","Bacteria","Pseudomonadota","Gammaproteobacteria","Lysobacterales","Rhodanobacteraceae","Dokdonella",NA
"ASV2815","Bacteria","Bacteroidota","Bacteroidia","Chitinophagales","Chitinophagaceae","Niastella",NA
"ASV2816","Bacteria","Verrucomicrobiota","Verrucomicrobiia","Pedosphaerales","Pedosphaeraceae","DEV008",NA
"ASV2817","Bacteria","Pseudomonadota","Alphaproteobacteria","Elsterales",NA,NA,NA
"ASV2818","Bacteria","Actinomycetota","Acidimicrobiia","Microtrichales","Microtrichaceae",NA,NA
"ASV2819","Bacteria","Patescibacteria","Parcubacteria",NA,NA,NA,NA
"ASV2820","Bacteria","Bacillota","Bacilli","Paenibacillales","Paenibacillaceae",NA,NA
"ASV2821","Bacteria","Acidobacteriota","Acidobacteriae","Terriglobales","Acidobacteriaceae (Subgroup 1)","Occallatibacter",NA
"ASV2822","Bacteria","Pseudomonadota","Alphaproteobacteria","Acetobacterales","Acetobacteraceae","Acidisphaera",NA
"ASV2823","Bacteria","Actinomycetota","Actinobacteria","Propionibacteriales","Propionibacteriaceae","Microlunatus",NA
"ASV2824","Bacteria","Pseudomonadota","Alphaproteobacteria","Rickettsiales","SM2D12",NA,NA
"ASV2825","Bacteria","Chloroflexota","TK10",NA,NA,NA,NA
"ASV2826","Bacteria","Bacillota","Bacilli","Paenibacillales","Paenibacillaceae","Paenibacillus",NA
"ASV2827","Bacteria","Pseudomonadota","Alphaproteobacteria",NA,NA,NA,NA
"ASV2828","Bacteria","Pseudomonadota","Gammaproteobacteria","Burkholderiales","Oxalobacteraceae",NA,NA
"ASV2829","Bacteria","Bacteroidota","Bacteroidia","Cytophagales","Spirosomataceae","Dyadobacter",NA
"ASV2830","Bacteria","Pseudomonadota","Gammaproteobacteria","Legionellales","Legionellaceae","Legionella",NA
"ASV2831","Bacteria","Pseudomonadota","Alphaproteobacteria","Sphingomonadales","Sphingomonadaceae","Novosphingobium",NA
"ASV2832","Bacteria","Cyanobacteriota","Vampirivibrionia","Obscuribacterales","Obscuribacteraceae",NA,NA
"ASV2833","Bacteria","Chloroflexota","Chloroflexia","Thermomicrobiales","JG30-KF-CM45",NA,NA
"ASV2834","Bacteria","Pseudomonadota","Gammaproteobacteria","Pseudomonadales","Pseudomonadaceae","Pseudomonas",NA
"ASV2835","Bacteria","Pseudomonadota","Gammaproteobacteria","Burkholderiales","Alcaligenaceae",NA,NA
"ASV2836","Bacteria","Bacillota","Clostridia","Oscillospirales","Ruminococcaceae","Caproiciproducens",NA
"ASV2837","Bacteria","Verrucomicrobiota","Verrucomicrobiia","Pedosphaerales","Pedosphaeraceae",NA,NA
"ASV2838","Bacteria","Gemmatimonadota","Gemmatimonadia","Gemmatimonadales","Gemmatimonadaceae","Gemmatimonas",NA
"ASV2839","Bacteria","Pseudomonadota","Alphaproteobacteria","Hyphomicrobiales","Beijerinckiaceae","Methylorubrum",NA
"ASV2840","Bacteria","Actinomycetota","Actinobacteria","Propionibacteriales","Nocardioidaceae","Actinopolymorpha",NA
"ASV2841","Bacteria","Pseudomonadota","Alphaproteobacteria","Reyranellales","Reyranellaceae","Reyranella",NA
"ASV2842","Bacteria","Bacteroidota","Bacteroidia","Sphingobacteriales","Sphingobacteriaceae",NA,NA
"ASV2843","Bacteria","Pseudomonadota","Gammaproteobacteria","Burkholderiales","Nitrosomonadaceae",NA,NA
"ASV2844","Bacteria","Bacteroidota","Bacteroidia","Chitinophagales","Chitinophagaceae","Edaphobaculum",NA
"ASV2845","Bacteria","Pseudomonadota","Alphaproteobacteria","Reyranellales","Reyranellaceae","Reyranella","terrae"
"ASV2846","Bacteria","Abditibacteriota","Abditibacteriia","Abditibacteriales","Abditibacteriaceae","Abditibacterium",NA
"ASV2847","Bacteria",NA,NA,NA,NA,NA,NA
"ASV2848","Bacteria","Bdellovibrionota","Bdellovibrionia","Bdellovibrionales","Pseudobdellovibrionaceae",NA,NA
"ASV2849","Bacteria","Bdellovibrionota","Oligoflexia","0319-6G20",NA,NA,NA
"ASV2850","Bacteria","Pseudomonadota","Gammaproteobacteria","Burkholderiales","Burkholderiaceae","Burkholderia-Caballeronia-Paraburkholderia",NA
"ASV2851","Bacteria","Bacteroidota","Bacteroidia","Cytophagales","Cytophagaceae","Cytophaga",NA
"ASV2852","Bacteria","Pseudomonadota","Alphaproteobacteria","Hyphomicrobiales","Xanthobacteraceae","Rhodopseudomonas",NA
"ASV2853","Bacteria","Pseudomonadota","Alphaproteobacteria","Acetobacterales","Acetobacteraceae","Roseomonas",NA
"ASV2854","Bacteria","Actinomycetota","Actinobacteria","Micrococcales","Intrasporangiaceae",NA,NA
"ASV2855","Bacteria","Actinomycetota","Actinobacteria","Propionibacteriales","Propionibacteriaceae","Propionicimonas",NA
"ASV2856","Bacteria","Pseudomonadota","Gammaproteobacteria","Burkholderiales","Oxalobacteraceae","Noviherbaspirillum",NA
"ASV2857","Bacteria","Bdellovibrionota","Bdellovibrionia","Bdellovibrionales","Pseudobdellovibrionaceae",NA,NA
"ASV2858","Bacteria","Actinomycetota","Acidimicrobiia","Acidimicrobiales","Acidimicrobiaceae","Acidiferrimicrobium",NA
"ASV2859","Bacteria","Patescibacteria","Saccharimonadia","Saccharimonadales",NA,NA,NA
"ASV2860","Bacteria","Pseudomonadota","Alphaproteobacteria","Rickettsiales","Mitochondria",NA,NA
"ASV2861","Bacteria","Pseudomonadota","Alphaproteobacteria","Rickettsiales","SM2D12",NA,NA
"ASV2862","Bacteria","Pseudomonadota","Gammaproteobacteria",NA,NA,NA,NA
"ASV2863","Bacteria","Acidobacteriota","Acidobacteriae","Terriglobales","Acidobacteriaceae (Subgroup 1)",NA,NA
"ASV2864","Bacteria","Actinomycetota","Thermoleophilia","Solirubrobacterales","Solirubrobacteraceae","Conexibacter",NA
"ASV2865","Bacteria","Abditibacteriota","Abditibacteriia","Abditibacteriales","Abditibacteriaceae","Abditibacterium",NA
"ASV2866","Bacteria","Pseudomonadota","Gammaproteobacteria","Pseudomonadales","Pseudohongiellaceae","BIyi10",NA
"ASV2867","Bacteria","Verrucomicrobiota","Verrucomicrobiia","Pedosphaerales","Pedosphaeraceae",NA,NA
"ASV2868","Bacteria","Pseudomonadota","Alphaproteobacteria","Micavibrionales",NA,NA,NA
"ASV2869","Bacteria","Bacteroidota","Bacteroidia","Sphingobacteriales","Sphingobacteriaceae",NA,NA
"ASV2870","Bacteria","Pseudomonadota","Gammaproteobacteria","Rickettsiellales","Rickettsiellaceae",NA,NA
"ASV2871","Bacteria","Bdellovibrionota","Bacteriovoracia","Bacteriovoracales","Bacteriovoracaceae","Peredibacter",NA
"ASV2872","Bacteria","Pseudomonadota","Alphaproteobacteria","Rickettsiales","Mitochondria",NA,NA
"ASV2873","Bacteria","Pseudomonadota","Alphaproteobacteria","Sphingomonadales","Sphingomonadaceae","Novosphingobium",NA
"ASV2874","Bacteria","Bacteroidota","Bacteroidia","Flavobacteriales","Crocinitomicaceae","Fluviicola",NA
"ASV2875","Bacteria","Bdellovibrionota","Bdellovibrionia","Bdellovibrionales","Pseudobdellovibrionaceae","Bdellovibrio",NA
"ASV2876","Bacteria","Pseudomonadota","Gammaproteobacteria","Burkholderiales","Oxalobacteraceae",NA,NA
"ASV2877","Bacteria","Verrucomicrobiota","Verrucomicrobiia","Pedosphaerales","Pedosphaeraceae",NA,NA
"ASV2878","Bacteria","Actinomycetota","Thermoleophilia","Solirubrobacterales","67-14",NA,NA
"ASV2879","Bacteria","Pseudomonadota","Alphaproteobacteria","Rickettsiales","Mitochondria",NA,NA
"ASV2880","Bacteria","Pseudomonadota","Gammaproteobacteria","Pseudomonadales","Pseudomonadaceae","Pseudomonas",NA
"ASV2881","Bacteria","Pseudomonadota","Alphaproteobacteria","Hyphomicrobiales","Beijerinckiaceae","Methylovirgula","ligni"
"ASV2882","Bacteria","Actinomycetota","Actinobacteria","Propionibacteriales","Propionibacteriaceae","Mariniluteicoccus",NA
"ASV2883","Bacteria","Actinomycetota","Actinobacteria","Frankiales","Acidothermaceae","Acidothermus",NA
"ASV2884","Bacteria","Verrucomicrobiota","Verrucomicrobiia","Verrucomicrobiales","Verrucomicrobiaceae",NA,NA
"ASV2885","Bacteria","Bacteroidota","Bacteroidia","Cytophagales","Microscillaceae",NA,NA
"ASV2886","Bacteria","Patescibacteria","Saccharimonadia","Saccharimonadales","LWQ8",NA,NA
"ASV2887","Bacteria","Pseudomonadota","Alphaproteobacteria","Hyphomicrobiales","Devosiaceae","Devosia",NA
"ASV2888","Bacteria","Pseudomonadota","Gammaproteobacteria","Burkholderiales","Oxalobacteraceae","Duganella",NA
"ASV2889","Bacteria","Pseudomonadota","Gammaproteobacteria","Rickettsiellales","Rickettsiellaceae","Aquicella",NA
"ASV2890","Bacteria","Planctomycetota","Planctomycetes","Gemmatales","Gemmataceae","Gemmata",NA
"ASV2891","Bacteria","Actinomycetota","Acidimicrobiia","Microtrichales","Iamiaceae","Iamia",NA
"ASV2892","Bacteria","Pseudomonadota","Alphaproteobacteria","Rickettsiales","Rickettsiaceae","Candidatus Megaira",NA
"ASV2893","Bacteria","Pseudomonadota","Alphaproteobacteria","Hyphomicrobiales","Hyphomicrobiales Incertae Sedis","Bauldia",NA
"ASV2894","Bacteria","Pseudomonadota","Gammaproteobacteria","Legionellales","Legionellaceae","Legionella",NA
"ASV2895","Bacteria","Pseudomonadota","Alphaproteobacteria","Hyphomicrobiales","Xanthobacteraceae",NA,NA
"ASV2896","Bacteria","Pseudomonadota","Gammaproteobacteria",NA,NA,NA,NA
"ASV2897","Bacteria","Patescibacteria","Parcubacteria",NA,NA,NA,NA
"ASV2898","Bacteria","Pseudomonadota","Alphaproteobacteria","Caedibacterales","Caedibacteraceae","Candidatus Nucleicultrix",NA
"ASV2899","Bacteria","Cyanobacteriota","Cyanobacteriia","Chloroplast",NA,NA,NA
"ASV2900","Bacteria","Pseudomonadota","Alphaproteobacteria","Hyphomicrobiales","Rhizobiaceae","Pararhizobium",NA
"ASV2901","Bacteria","Pseudomonadota","Alphaproteobacteria","Rickettsiales","Mitochondria",NA,NA
"ASV2902","Bacteria","Bdellovibrionota","Bdellovibrionia","Bdellovibrionales","Pseudobdellovibrionaceae",NA,NA
"ASV2903","Bacteria","Planctomycetota","Phycisphaerae","Tepidisphaerales","WD2101 soil group",NA,NA
"ASV2904","Bacteria","Pseudomonadota","Gammaproteobacteria","Burkholderiales","Comamonadaceae","Limnohabitans",NA
"ASV2905","Bacteria","Pseudomonadota","Gammaproteobacteria","Pseudomonadales","Pseudomonadaceae","Pseudomonas",NA
"ASV2906","Bacteria","Actinomycetota","Actinobacteria","Micrococcales","Micrococcaceae",NA,NA
"ASV2907","Bacteria","Actinomycetota","Actinobacteria","Micrococcales","Promicromonosporaceae","Promicromonospora",NA
"ASV2908","Bacteria","Actinomycetota","Actinobacteria","Propionibacteriales","Nocardioidaceae","Nocardioides",NA
"ASV2909","Bacteria","Pseudomonadota","Alphaproteobacteria","Rhodospirillales",NA,NA,NA
"ASV2910","Bacteria","Pseudomonadota","Gammaproteobacteria","Burkholderiales","Oxalobacteraceae","Massilia","albidiflava"
"ASV2911","Bacteria","Dependentiae","Babeliae","Babeliales","Incertae Sedis","UBA12409",NA
"ASV2912","Bacteria","Pseudomonadota","Gammaproteobacteria",NA,NA,NA,NA
"ASV2913","Bacteria","Planctomycetota","Planctomycetes","Gemmatales","Gemmataceae","Gemmata",NA
"ASV2914","Bacteria","Acidobacteriota","Acidobacteriae","Terriglobales","Acidobacteriaceae (Subgroup 1)","Granulicella",NA
"ASV2915","Bacteria","Pseudomonadota","Alphaproteobacteria","Acetobacterales","Acetobacteraceae","Acidocella",NA
"ASV2916","Bacteria","Candidatus Eremiobacterota","Eremiobacteria",NA,NA,NA,NA
"ASV2917","Bacteria","Pseudomonadota","Gammaproteobacteria","WD260",NA,NA,NA
"ASV2918","Bacteria","Planctomycetota","Planctomycetes","Gemmatales","Gemmataceae","Fimbriiglobus",NA
"ASV2919","Bacteria","Pseudomonadota","Alphaproteobacteria","Reyranellales","Reyranellaceae","Reyranella",NA
"ASV2920","Bacteria","Bacteroidota","Bacteroidia","Cytophagales","Microscillaceae","Chryseotalea",NA
"ASV2921","Bacteria","Patescibacteria","Parcubacteria","Candidatus Kaiserbacteria",NA,NA,NA
"ASV2922","Bacteria","Armatimonadota","Fimbriimonadia","Fimbriimonadales","Fimbriimonadaceae",NA,NA
"ASV2923","Bacteria","Patescibacteria","Parcubacteria",NA,NA,NA,NA
"ASV2924","Bacteria","Pseudomonadota","Alphaproteobacteria","Caulobacterales","Caulobacteraceae",NA,NA
"ASV2925","Bacteria","Pseudomonadota","Alphaproteobacteria","Sphingomonadales","Sphingomonadaceae","Sphingomonas","koreensis"
"ASV2926","Bacteria","Bdellovibrionota","Bdellovibrionia","Bdellovibrionales","Pseudobdellovibrionaceae",NA,NA
"ASV2927","Bacteria","Bdellovibrionota","Bdellovibrionia","Bdellovibrionales","Pseudobdellovibrionaceae",NA,NA
"ASV2928","Bacteria","Bacteroidota","Bacteroidia","Cytophagales","Spirosomataceae","Arsenicibacter",NA
"ASV2929","Bacteria","Bacteroidota","Bacteroidia","Sphingobacteriales","Sphingobacteriaceae","Mucilaginibacter",NA
"ASV2930","Bacteria","Actinomycetota","Actinobacteria","Frankiales","Acidothermaceae","Acidothermus",NA
"ASV2931","Bacteria","Pseudomonadota","Alphaproteobacteria","Hyphomicrobiales","Rhizobiaceae","Martelella","endophytica"
"ASV2932","Bacteria","Actinomycetota","Actinobacteria","Propionibacteriales","Nocardioidaceae","Nocardioides","terrae"
"ASV2933","Bacteria","Pseudomonadota","Alphaproteobacteria","Hyphomicrobiales",NA,NA,NA
"ASV2934","Bacteria","Patescibacteria","Saccharimonadia","Saccharimonadales","LWQ8",NA,NA
"ASV2935","Bacteria","Pseudomonadota","Alphaproteobacteria","Rhodospirillales",NA,NA,NA
"ASV2936","Bacteria","Bacteroidota","Bacteroidia","Chitinophagales","Chitinophagaceae",NA,NA
"ASV2937","Bacteria","Patescibacteria","Saccharimonadia","Saccharimonadales","Saccharimonadaceae","TM7a",NA
"ASV2938","Bacteria","Cyanobacteriota","Sericytochromatia",NA,NA,NA,NA
"ASV2939","Bacteria","Myxococcota","Polyangiia","Polyangiales","Sandaracinaceae",NA,NA
"ASV2940","Bacteria","Actinomycetota","Actinobacteria","Propionibacteriales","Nocardioidaceae","Nocardioides",NA
"ASV2941","Bacteria","Pseudomonadota","Gammaproteobacteria","Rickettsiellales","Rickettsiellaceae",NA,NA
"ASV2942","Bacteria","Pseudomonadota","Alphaproteobacteria","Rickettsiales","bac2nit3",NA,NA
"ASV2943","Bacteria","Pseudomonadota","Alphaproteobacteria","Rickettsiales","Rickettsiaceae",NA,NA
"ASV2944","Bacteria","Pseudomonadota","Gammaproteobacteria","Legionellales","Legionellaceae","Legionella",NA
"ASV2945","Bacteria","Bacteroidota","Bacteroidia","Flavobacteriales","Flavobacteriaceae","Flavobacterium",NA
"ASV2946","Bacteria","Armatimonadota","Fimbriimonadia","Fimbriimonadales","Fimbriimonadaceae","Fimbriimonas",NA
"ASV2947","Bacteria","Pseudomonadota","Alphaproteobacteria","Sphingomonadales","Sphingomonadaceae",NA,NA
"ASV2948","Bacteria","Bacteroidota","Bacteroidia","Flavobacteriales","Flavobacteriaceae","Flavobacterium",NA
"ASV2949","Bacteria","Pseudomonadota","Gammaproteobacteria","Burkholderiales","Comamonadaceae","Variovorax",NA
"ASV2950","Bacteria","Pseudomonadota","Alphaproteobacteria","Acetobacterales","Acetobacteraceae",NA,NA
"ASV2951","Bacteria","Pseudomonadota","Gammaproteobacteria","Burkholderiales","Methylophilaceae",NA,NA
"ASV2952","Bacteria","Patescibacteria","Saccharimonadia","Saccharimonadales",NA,NA,NA
"ASV2953","Bacteria","Bdellovibrionota","Oligoflexia","Oligoflexales","Oligoflexaceae","Oligoflexus",NA
"ASV2954","Bacteria","Pseudomonadota","Gammaproteobacteria","Burkholderiales","Comamonadaceae","Curvibacter",NA
"ASV2955","Bacteria","Pseudomonadota","Alphaproteobacteria","Hyphomicrobiales","Xanthobacteraceae",NA,NA
"ASV2956","Bacteria","Planctomycetota","Planctomycetes","Gemmatales","Gemmataceae","Gemmata",NA
"ASV2957","Archaea","Nanoarchaeota","Nanoarchaeia","Woesearchaeales",NA,NA,NA
"ASV2958","Bacteria","Pseudomonadota","Alphaproteobacteria","Rhodospirillales",NA,NA,NA
"ASV2959","Bacteria","Acidobacteriota","Acidobacteriae","Terriglobales","Acidobacteriaceae (Subgroup 1)","Granulicella",NA
"ASV2960","Bacteria","Actinomycetota","Actinobacteria","Micrococcales","Microbacteriaceae","Humibacter",NA
"ASV2961","Bacteria","Pseudomonadota","Alphaproteobacteria","Hyphomicrobiales","Xanthobacteraceae",NA,NA
"ASV2962","Bacteria","Pseudomonadota","Alphaproteobacteria","Hyphomicrobiales",NA,NA,NA
"ASV2963","Bacteria","Pseudomonadota","Gammaproteobacteria","Rickettsiellales","Rickettsiellaceae",NA,NA
"ASV2964","Bacteria","Pseudomonadota","Alphaproteobacteria","Caulobacterales","Hyphomonadaceae","Hirschia",NA
"ASV2965","Bacteria","Pseudomonadota","Gammaproteobacteria","Gammaproteobacteria Incertae Sedis","Unknown Family","Candidatus Ovatusbacter",NA
"ASV2966","Bacteria","Pseudomonadota","Alphaproteobacteria","Rickettsiales","Rickettsiaceae",NA,NA
"ASV2967","Bacteria","Pseudomonadota","Alphaproteobacteria","Holosporales","Holosporaceae",NA,NA
"ASV2968","Bacteria","Planctomycetota","Planctomycetes","Pirellulales","Pirellulaceae",NA,NA
"ASV2969","Bacteria","Patescibacteria","Saccharimonadia","Saccharimonadales",NA,NA,NA
"ASV2970","Bacteria","Patescibacteria","Berkelbacteria",NA,NA,NA,NA
"ASV2971","Bacteria","Patescibacteria","Berkelbacteria",NA,NA,NA,NA
"ASV2972","Bacteria","Bdellovibrionota","Oligoflexia","Oligoflexales","Oligoflexaceae","Oligoflexus",NA
"ASV2973","Bacteria","Bdellovibrionota","Bacteriovoracia","Bacteriovoracales","Bacteriovoracaceae","Peredibacter",NA
"ASV2974","Bacteria","Bacteroidota","Bacteroidia","Flavobacteriales","Flavobacteriaceae","Flavobacterium",NA
"ASV2975","Bacteria","Bacteroidota","Bacteroidia","Flavobacteriales","Flavobacteriaceae","Flavobacterium",NA
"ASV2976","Bacteria","Pseudomonadota","Gammaproteobacteria","Burkholderiales","Comamonadaceae","Aquabacterium",NA
"ASV2977","Bacteria","Actinomycetota","Actinobacteria","Micrococcales","Microbacteriaceae",NA,NA
"ASV2978","Bacteria","Pseudomonadota","Gammaproteobacteria","Salinisphaerales","Nevskiaceae","Stenotrophobium",NA
"ASV2979","Bacteria","Pseudomonadota","Alphaproteobacteria","Sphingomonadales","Sphingomonadaceae","Novosphingobium",NA
"ASV2980","Bacteria","Cyanobacteriota","Cyanobacteriia","Chloroplast",NA,NA,NA
"ASV2981","Bacteria","Pseudomonadota","Gammaproteobacteria","Legionellales","Legionellaceae","Legionella",NA
"ASV2982","Bacteria","Pseudomonadota","Alphaproteobacteria","Caulobacterales","Hyphomonadaceae","SWB02",NA
"ASV2983","Bacteria","Actinomycetota","Actinobacteria","Micrococcales","Cellulomonadaceae","Cellulomonas",NA
"ASV2984","Bacteria","Actinomycetota","Actinobacteria","Propionibacteriales","Propionibacteriaceae","Microlunatus",NA
"ASV2985","Bacteria","Bacteroidota","Bacteroidia","Sphingobacteriales","Sphingobacteriaceae","Daejeonella",NA
"ASV2986","Bacteria","Verrucomicrobiota","Verrucomicrobiia","Verrucomicrobiales","Verrucomicrobiaceae","Prosthecobacter",NA
"ASV2987","Bacteria","Patescibacteria","Saccharimonadia","Saccharimonadales","Saccharimonadaceae","TM7a",NA
"ASV2988","Bacteria","Bdellovibrionota","Bacteriovoracia","Bacteriovoracales","Bacteriovoracaceae","Peredibacter",NA
"ASV2989","Bacteria","Pseudomonadota","Alphaproteobacteria","Rickettsiales","SM2D12",NA,NA
"ASV2990","Bacteria","Actinomycetota","Actinobacteria","PeM15",NA,NA,NA
"ASV2991","Bacteria","Pseudomonadota","Alphaproteobacteria","Elsterales",NA,NA,NA
"ASV2992","Bacteria","Pseudomonadota","Alphaproteobacteria","Hyphomicrobiales","Xanthobacteraceae",NA,NA
"ASV2993","Bacteria","Planctomycetota","Planctomycetes","Gemmatales","Gemmataceae",NA,NA
"ASV2994","Bacteria","Pseudomonadota","Alphaproteobacteria","Caulobacterales","Caulobacteraceae",NA,NA
"ASV2995","Bacteria","Pseudomonadota","Gammaproteobacteria","Pseudomonadales","211ds20",NA,NA
"ASV2996","Bacteria","Abditibacteriota","Abditibacteriia","Abditibacteriales","Abditibacteriaceae","Abditibacterium",NA
"ASV2997","Bacteria","Pseudomonadota","Alphaproteobacteria","Rickettsiales","SM2D12",NA,NA
"ASV2998","Bacteria","Patescibacteria","Saccharimonadia","Saccharimonadales","Saccharimonadaceae","TM7a",NA
"ASV2999","Bacteria","Pseudomonadota","Alphaproteobacteria","Sphingomonadales","Sphingomonadaceae","Croceibacterium",NA
"ASV3000","Bacteria","Planctomycetota","Planctomycetes","Gemmatales","Gemmataceae","Gemmata",NA
"ASV3001","Bacteria","Pseudomonadota","Alphaproteobacteria","Micropepsales","Micropepsaceae",NA,NA
"ASV3002","Bacteria","Abditibacteriota","Abditibacteriia","Abditibacteriales","Abditibacteriaceae","Abditibacterium",NA
"ASV3003","Bacteria","Bacteroidota","Bacteroidia","Cytophagales","Microscillaceae","Chryseotalea",NA
"ASV3004","Bacteria","Pseudomonadota","Alphaproteobacteria","Reyranellales","Reyranellaceae","Reyranella",NA
"ASV3005","Bacteria","Pseudomonadota","Gammaproteobacteria","Legionellales","Legionellaceae","Legionella",NA
"ASV3006","Bacteria","Myxococcota","Polyangiia","Polyangiales","Phaselicystaceae","Phaselicystis",NA
"ASV3007","Bacteria","Pseudomonadota","Alphaproteobacteria",NA,NA,NA,NA
"ASV3008","Bacteria","Pseudomonadota","Gammaproteobacteria","Salinisphaerales","Nevskiaceae","Fontimonas",NA
"ASV3009","Bacteria","Pseudomonadota","Alphaproteobacteria","Rhodobacterales","Paracoccaceae","Cereibacter",NA
"ASV3010","Bacteria","Bacteroidota","Bacteroidia","Sphingobacteriales","env.OPS 17",NA,NA
"ASV3011","Bacteria","Pseudomonadota","Alphaproteobacteria","Sphingomonadales","Sphingomonadaceae","Novosphingobium",NA
"ASV3012","Bacteria","Pseudomonadota","Alphaproteobacteria","Acetobacterales","Acetobacteraceae","Roseococcus",NA
"ASV3013","Bacteria","Bacteroidota","Bacteroidia","Flavobacteriales","Weeksellaceae","Chryseobacterium",NA
"ASV3014","Bacteria",NA,NA,NA,NA,NA,NA
"ASV3015","Bacteria","Acidobacteriota","Acidobacteriae","Bryobacterales","Bryobacteraceae","Bryobacter",NA
"ASV3016","Bacteria","Bacteroidota","Bacteroidia","Sphingobacteriales","env.OPS 17",NA,NA
"ASV3017","Bacteria","Actinomycetota","Actinobacteria","Pseudonocardiales","Pseudonocardiaceae","Pseudonocardia",NA
"ASV3018","Bacteria","Cyanobacteriota","Cyanobacteriia","Chloroplast",NA,NA,NA
"ASV3019","Bacteria","Actinomycetota","Actinobacteria","Streptosporangiales","Thermomonosporaceae","Actinoallomurus",NA
"ASV3020","Bacteria","Pseudomonadota","Alphaproteobacteria","Hyphomicrobiales","Beijerinckiaceae","Methylocystis",NA
"ASV3021","Bacteria","Actinomycetota","Actinobacteria","Streptosporangiales","Streptosporangiaceae","Nonomuraea",NA
"ASV3022","Bacteria","Pseudomonadota","Alphaproteobacteria","Rickettsiales","SM2D12",NA,NA
"ASV3023","Bacteria","Bdellovibrionota","Bacteriovoracia","Bacteriovoracales","Bacteriovoracaceae","Peredibacter",NA
"ASV3024","Bacteria","Pseudomonadota","Gammaproteobacteria","Coxiellales","Coxiellaceae","Coxiella",NA
"ASV3025","Bacteria","Patescibacteria","Saccharimonadia","Saccharimonadales","Saccharimonadaceae","TM7a",NA
"ASV3026","Bacteria","Pseudomonadota","Alphaproteobacteria","Hyphomicrobiales","Kaistiaceae","Kaistia",NA
"ASV3027","Archaea","Nanoarchaeota","Nanoarchaeia","Woesearchaeales",NA,NA,NA
"ASV3028","Bacteria","Chlamydiota","Chlamydiia","Chlamydiales","Parachlamydiaceae",NA,NA
"ASV3029","Bacteria","Pseudomonadota","Gammaproteobacteria",NA,NA,NA,NA
"ASV3030","Bacteria","Bacteroidota","Bacteroidia","Chitinophagales","Chitinophagaceae","Terrimonas",NA
"ASV3031","Bacteria","Actinomycetota","Actinobacteria","Propionibacteriales","Nocardioidaceae","Nocardioides","marinquilinus"
"ASV3032","Bacteria","Verrucomicrobiota","Verrucomicrobiia","Opitutales","Opitutaceae","Oleiharenicola",NA
"ASV3033","Bacteria","Pseudomonadota","Alphaproteobacteria","Hyphomicrobiales","Rhizobiaceae","Aminobacter",NA
"ASV3034","Bacteria","Pseudomonadota","Alphaproteobacteria","Micropepsales","Micropepsaceae",NA,NA
"ASV3035","Bacteria","Actinomycetota","Actinobacteria","Mycobacteriales","Mycobacteriaceae","Mycobacterium","botniense"
"ASV3036","Bacteria","Pseudomonadota","Gammaproteobacteria",NA,NA,NA,NA
"ASV3037","Bacteria","Cyanobacteriota","Vampirivibrionia","Vampirovibrionales",NA,NA,NA
"ASV3038","Bacteria","Pseudomonadota","Gammaproteobacteria",NA,NA,NA,NA
"ASV3039","Bacteria","Bacillota","Bacilli","Thermoactinomycetales","Thermoactinomycetaceae","Shimazuella",NA
"ASV3040","Bacteria","Bacillota","Bacilli","Paenibacillales","Paenibacillaceae","Paenibacillus",NA
"ASV3041","Bacteria","Planctomycetota","Planctomycetes","Isosphaerales","Isosphaeraceae","Singulisphaera",NA
"ASV3042","Bacteria","Cyanobacteriota","Vampirivibrionia","Obscuribacterales","Obscuribacteraceae",NA,NA
"ASV3043","Bacteria","Pseudomonadota","Gammaproteobacteria","Burkholderiales","Methylophilaceae","UBA6140",NA
"ASV3044","Bacteria","Pseudomonadota","Alphaproteobacteria","Paracaedibacterales","Paracaedibacteraceae","Candidatus Paracaedibacter",NA
"ASV3045","Bacteria","Pseudomonadota","Alphaproteobacteria","Azospirillales","Azospirillaceae",NA,NA
"ASV3046","Bacteria","Bacteroidota","Bacteroidia","Sphingobacteriales","Sphingobacteriaceae","Arcticibacter",NA
"ASV3047","Bacteria","Pseudomonadota","Gammaproteobacteria","Burkholderiales","Nitrosomonadaceae",NA,NA
"ASV3048","Bacteria","Pseudomonadota","Alphaproteobacteria","Sphingomonadales","Sphingomonadaceae","Ellin6055",NA
"ASV3049","Bacteria","Pseudomonadota","Alphaproteobacteria","Caulobacterales","Caulobacteraceae",NA,NA
"ASV3050","Bacteria","Bdellovibrionota","Bacteriovoracia","Bacteriovoracales","Bacteriovoracaceae","Peredibacter",NA
"ASV3051","Bacteria","Fibrobacterota","Fibrobacteria","Fibrobacterales","Fibrobacteraceae","possible genus 04",NA
"ASV3052","Bacteria","Bacillota","Bacilli","Bacillales","Bacillaceae","Niallia",NA
"ASV3053","Bacteria","Bacillota","Bacilli","Lactobacillales","Streptococcaceae","Streptococcus",NA
"ASV3054","Bacteria","Pseudomonadota","Gammaproteobacteria","Burkholderiales","Oxalobacteraceae",NA,NA
"ASV3055","Bacteria","Pseudomonadota","Gammaproteobacteria","Pseudomonadales","Pseudomonadaceae","Pseudomonas",NA
"ASV3056","Bacteria","Pseudomonadota","Alphaproteobacteria","Rickettsiales","Midichloriaceae","Candidatus Jidaibacter",NA
"ASV3057","Bacteria","Pseudomonadota","Alphaproteobacteria","Hyphomicrobiales","Xanthobacteraceae","Rhodopseudomonas",NA
"ASV3058","Bacteria","Pseudomonadota","Gammaproteobacteria","Burkholderiales","Oxalobacteraceae","Massilia",NA
"ASV3059","Bacteria","Pseudomonadota","Gammaproteobacteria","Burkholderiales","Oxalobacteraceae",NA,NA
"ASV3060","Bacteria","Chlamydiota","Chlamydiia","Chlamydiales","Parachlamydiaceae","Candidatus Protochlamydia",NA
"ASV3061","Bacteria","Armatimonadota","Fimbriimonadia","Fimbriimonadales","Fimbriimonadaceae","Fimbriimonas",NA
"ASV3062","Bacteria","Pseudomonadota","Alphaproteobacteria","Hyphomicrobiales","Rhizobiaceae","Zhengella",NA
"ASV3063","Bacteria","Bacteroidota","Bacteroidia","Flavobacteriales","Weeksellaceae","Chryseobacterium","taihuense"
"ASV3064","Bacteria","Actinomycetota","Actinobacteria","Propionibacteriales","Nocardioidaceae","Aeromicrobium","alkaliterrae"
"ASV3065","Bacteria","Bacteroidota","Bacteroidia","Chitinophagales","Chitinophagaceae",NA,NA
"ASV3066","Bacteria","Pseudomonadota","Gammaproteobacteria","Lysobacterales","Rhodanobacteraceae","Mizugakiibacter",NA
"ASV3067","Bacteria","Pseudomonadota","Gammaproteobacteria","Burkholderiales","Alcaligenaceae",NA,NA
"ASV3068","Bacteria","Pseudomonadota","Gammaproteobacteria","Lysobacterales","Rhodanobacteraceae","Frateuria",NA
"ASV3069","Bacteria","Pseudomonadota","Gammaproteobacteria","Burkholderiales","Neisseriaceae",NA,NA
"ASV3070","Bacteria","Acidobacteriota","Vicinamibacteria","Vicinamibacterales","Vicinamibacteraceae",NA,NA
"ASV3071","Bacteria","Pseudomonadota","Alphaproteobacteria","Azospirillales","Azospirillaceae",NA,NA
"ASV3072","Bacteria","Pseudomonadota","Gammaproteobacteria","Salinisphaerales","Nevskiaceae","Sinimarinibacterium",NA
"ASV3073","Bacteria","Bacteroidota","Bacteroidia","Cytophagales","Spirosomataceae","Dyadobacter","soli"
"ASV3074","Bacteria","Bacteroidota","Bacteroidia","Cytophagales","Cytophagaceae","Cytophaga",NA
"ASV3075","Bacteria","Dependentiae","Babeliae","Babeliales","Vermiphilaceae",NA,NA
"ASV3076","Bacteria","Actinomycetota","Actinobacteria","Streptosporangiales","Thermomonosporaceae","Actinomadura",NA
"ASV3077","Bacteria","Pseudomonadota","Gammaproteobacteria","Burkholderiales",NA,NA,NA
"ASV3078","Bacteria","Actinomycetota","Thermoleophilia","Solirubrobacterales","67-14",NA,NA
"ASV3079","Bacteria","Actinomycetota","Actinobacteria","Pseudonocardiales","Pseudonocardiaceae","Pseudonocardia","alaniniphila"
"ASV3080","Bacteria","Pseudomonadota","Alphaproteobacteria","Sphingomonadales","Sphingomonadaceae","Novosphingobium",NA
"ASV3081","Bacteria","Hydrogenedentes","Hydrogenedentia","Hydrogenedentiales","Hydrogenedensaceae",NA,NA
"ASV3082","Bacteria","Pseudomonadota","Gammaproteobacteria","Legionellales","Legionellaceae","Legionella",NA
"ASV3083","Bacteria","Bacteroidota","Bacteroidia","Cytophagales","Cytophagaceae","Cytophaga",NA
"ASV3084","Bacteria","Pseudomonadota","Gammaproteobacteria","Legionellales","Legionellaceae","Legionella",NA
"ASV3085","Bacteria","Pseudomonadota","Alphaproteobacteria","Rhodospirillales",NA,NA,NA
"ASV3086","Bacteria","Candidatus Eremiobacterota","Eremiobacteria",NA,NA,NA,NA
"ASV3087","Bacteria","Bacteroidota","Bacteroidia","Chitinophagales","Chitinophagaceae",NA,NA
"ASV3088","Bacteria","Pseudomonadota","Alphaproteobacteria","Rickettsiales","Mitochondria",NA,NA
"ASV3089","Bacteria","Pseudomonadota","Alphaproteobacteria","Rickettsiales","Mitochondria",NA,NA
"ASV3090","Bacteria","Bacteroidota","Bacteroidia","Cytophagales","Cytophagaceae","Sporocytophaga",NA
"ASV3091","Bacteria","Actinomycetota","Actinobacteria","Micrococcales","Microbacteriaceae","Leifsonia",NA
"ASV3092","Bacteria","Pseudomonadota","Alphaproteobacteria","Hyphomicrobiales","Rhizobiaceae","Pseudaminobacter",NA
"ASV3093","Bacteria","Patescibacteria","Saccharimonadia","Saccharimonadales","Saccharimonadaceae","TM7a",NA
"ASV3094","Bacteria","Planctomycetota","Planctomycetes","Isosphaerales","Isosphaeraceae","Singulisphaera",NA
"ASV3095","Bacteria","Pseudomonadota","Gammaproteobacteria","Enterobacterales","Enterobacteriaceae",NA,NA
"ASV3096","Bacteria","Myxococcota","Myxococcia","Myxococcales","Myxococcaceae",NA,NA
"ASV3097","Bacteria","Actinomycetota","Actinobacteria","Micrococcales","Microbacteriaceae","Leucobacter",NA
"ASV3098","Bacteria","Pseudomonadota","Alphaproteobacteria","Paracaedibacterales","Paracaedibacteraceae",NA,NA
"ASV3099","Bacteria","Chlamydiota","Chlamydiia","Chlamydiales",NA,NA,NA
"ASV3100","Bacteria","Pseudomonadota","Gammaproteobacteria","Legionellales","Legionellaceae","Legionella",NA
"ASV3101","Bacteria","Pseudomonadota","Gammaproteobacteria","Legionellales","Legionellaceae","Legionella",NA
"ASV3102","Bacteria","Pseudomonadota","Alphaproteobacteria","Dongiales","Dongiaceae","Dongia",NA
"ASV3103","Bacteria","Bacteroidota","Bacteroidia","Sphingobacteriales","Sphingobacteriaceae","Arcticibacter",NA
"ASV3104","Bacteria","Pseudomonadota","Alphaproteobacteria","Rickettsiales","bac2nit3",NA,NA
"ASV3105","Bacteria","Pseudomonadota","Alphaproteobacteria","Rhodospirillales","Rhodospirillaceae",NA,NA
"ASV3106","Bacteria","Bacteroidota","Bacteroidia","Sphingobacteriales","Sphingobacteriaceae","Pelobium",NA
"ASV3107","Bacteria","Pseudomonadota",NA,NA,NA,NA,NA
"ASV3108","Bacteria","Planctomycetota","Planctomycetes",NA,NA,NA,NA
"ASV3109","Bacteria","Actinomycetota","Acidimicrobiia","Acidimicrobiales","Acidimicrobiaceae","Acidiferrimicrobium",NA
"ASV3110","Bacteria","Actinomycetota","Actinobacteria","Propionibacteriales","Propionibacteriaceae","Microlunatus",NA
"ASV3111","Bacteria","Actinomycetota","Actinobacteria","Propionibacteriales","Propionibacteriaceae","Microlunatus",NA
"ASV3112","Bacteria","Pseudomonadota","Gammaproteobacteria","Burkholderiales","Alcaligenaceae","Verticiella",NA
"ASV3113","Bacteria","Planctomycetota","Planctomycetes","Gemmatales","Gemmataceae",NA,NA
"ASV3114","Bacteria","Pseudomonadota","Alphaproteobacteria","Rhodospirillales",NA,NA,NA
"ASV3115","Bacteria","Pseudomonadota","Alphaproteobacteria","Acetobacterales","Acetobacteraceae","Rhodovastum",NA
"ASV3116","Bacteria","Pseudomonadota","Gammaproteobacteria","Burkholderiales","Oxalobacteraceae","CM1G08",NA
"ASV3117","Bacteria","Pseudomonadota","Gammaproteobacteria","Salinisphaerales","Nevskiaceae","Solimonas",NA
"ASV3118","Bacteria","Pseudomonadota","Alphaproteobacteria","Azospirillales","Azospirillales Incertae Sedis","Stella",NA
"ASV3119","Bacteria","Pseudomonadota","Alphaproteobacteria","Rickettsiales","SM2D12",NA,NA
"ASV3120","Bacteria","SAR324 clade(Marine group B)","Incertae Sedis","Incertae Sedis","Incertae Sedis","Candidatus Nitrosoarchaeum",NA
"ASV3121","Bacteria","Pseudomonadota","Gammaproteobacteria","Salinisphaerales","Nevskiaceae","Stenotrophobium",NA
"ASV3122","Bacteria","Pseudomonadota","Gammaproteobacteria","Pseudomonadales","Pseudomonadaceae","Pseudomonas",NA
"ASV3123","Bacteria","Pseudomonadota","Alphaproteobacteria","Reyranellales","Reyranellaceae","Reyranella",NA
"ASV3124","Bacteria","Pseudomonadota","Alphaproteobacteria","Hyphomicrobiales","Devosiaceae","Devosia",NA
"ASV3125","Bacteria","Pseudomonadota","Gammaproteobacteria","Rickettsiellales","Rickettsiellaceae","Aquicella",NA
"ASV3126","Bacteria","Pseudomonadota","Alphaproteobacteria","Rhodobacterales","Paracoccaceae","Fuscovulum",NA
"ASV3127","Bacteria","Bacteroidota","Bacteroidia","Flavobacteriales","Flavobacteriaceae","Flavobacterium",NA
"ASV3128","Bacteria","Pseudomonadota","Alphaproteobacteria","Hyphomicrobiales","Hyphomicrobiaceae","Hyphomicrobium",NA
"ASV3129","Bacteria","Bacteroidota","Bacteroidia","Flavobacteriales","NS9 marine group",NA,NA
"ASV3130","Bacteria","Ignavibacteriota","Ignavibacteria","Ignavibacteriales","SR-FBR-L83",NA,NA
"ASV3131","Bacteria","Pseudomonadota","Gammaproteobacteria","Burkholderiales","Burkholderiaceae",NA,NA
"ASV3132","Bacteria","Bacteroidota","Bacteroidia","Flavobacteriales","Flavobacteriaceae","Flavobacterium",NA
"ASV3133","Bacteria","Bdellovibrionota","Oligoflexia","0319-6G20",NA,NA,NA
"ASV3134","Bacteria","Bdellovibrionota","Bdellovibrionia","Bdellovibrionales","Pseudobdellovibrionaceae",NA,NA
"ASV3135","Bacteria","Planctomycetota","Planctomycetes","Isosphaerales","Isosphaeraceae","Tundrisphaera",NA
"ASV3136","Bacteria","Verrucomicrobiota","Verrucomicrobiia","Opitutales","Opitutaceae","Opitutus",NA
"ASV3137","Bacteria","Pseudomonadota","Alphaproteobacteria","Holosporales","Holosporaceae",NA,NA
"ASV3138","Bacteria","Pseudomonadota","Alphaproteobacteria","Paracaedibacterales","Paracaedibacteraceae",NA,NA
"ASV3139","Bacteria","Acidobacteriota","Holophagae","Subgroup 7",NA,NA,NA
"ASV3140","Bacteria","Bdellovibrionota","Oligoflexia","Silvanigrellales","Silvanigrellaceae",NA,NA
"ASV3141","Bacteria","Actinomycetota","Actinobacteria","Micrococcales","Dermabacteraceae","Brachybacterium",NA
"ASV3142","Bacteria","Actinomycetota","Thermoleophilia","Solirubrobacterales","Solirubrobacteraceae",NA,NA
"ASV3143","Bacteria","Pseudomonadota","Alphaproteobacteria","Caulobacterales","Caulobacteraceae",NA,NA
"ASV3144","Bacteria","Pseudomonadota","Alphaproteobacteria","Rickettsiales","SM2D12",NA,NA
"ASV3145","Bacteria","Margulisbacteria",NA,NA,NA,NA,NA
"ASV3146","Bacteria","Pseudomonadota","Alphaproteobacteria","Rickettsiales",NA,NA,NA
"ASV3147","Bacteria","Pseudomonadota","Gammaproteobacteria","Enterobacterales","Enterobacteriaceae","Raoultella",NA
"ASV3148","Bacteria","Pseudomonadota","Alphaproteobacteria","Hyphomicrobiales","Devosiaceae","Devosia",NA
"ASV3149","Bacteria","Pseudomonadota","Gammaproteobacteria","Legionellales","Legionellaceae","Legionella",NA
"ASV3150","Bacteria","Bacillota","Bacilli","Paenibacillales","Paenibacillaceae",NA,NA
"ASV3151","Bacteria","Pseudomonadota","Gammaproteobacteria","Pseudomonadales","Pseudomonadaceae","Pseudomonas",NA
"ASV3152","Bacteria","Pseudomonadota","Alphaproteobacteria","Caulobacterales","Caulobacteraceae","Brevundimonas","basaltis"
"ASV3153","Bacteria","Pseudomonadota","Gammaproteobacteria","Pseudomonadales","Cellvibrionaceae",NA,NA
"ASV3154","Bacteria","Bacteroidota","Bacteroidia","Flavobacteriales","Cryomorphaceae",NA,NA
"ASV3155","Bacteria","Actinomycetota","Actinobacteria","Mycobacteriales","Mycobacteriaceae","Mycobacterium",NA
"ASV3156","Bacteria","Pseudomonadota","Gammaproteobacteria","Burkholderiales","Comamonadaceae",NA,NA
"ASV3157","Bacteria","Bacteroidota","Bacteroidia","Chitinophagales","Chitinophagaceae","Flavisolibacter",NA
"ASV3158","Bacteria","Pseudomonadota","Gammaproteobacteria","Rickettsiellales","Rickettsiellaceae","Aquicella",NA
"ASV3159","Bacteria","Pseudomonadota","Gammaproteobacteria","Enterobacterales","Enterobacteriaceae","Lelliottia",NA
"ASV3160","Bacteria","Pseudomonadota","Alphaproteobacteria","Acetobacterales","Acetobacteraceae",NA,NA
"ASV3161","Bacteria","Acidobacteriota","Acidobacteriae","Bryobacterales","Bryobacteraceae","Paludibaculum",NA
"ASV3162","Bacteria","Pseudomonadota","Alphaproteobacteria","Rickettsiales",NA,NA,NA
"ASV3163","Bacteria","Armatimonadota","Fimbriimonadia","Fimbriimonadales","Fimbriimonadaceae",NA,NA
"ASV3164","Bacteria","Pseudomonadota","Alphaproteobacteria","Hyphomicrobiales","Devosiaceae","Arsenicitalea",NA
"ASV3165","Bacteria","Bacteroidota","Bacteroidia","Sphingobacteriales","NS11-12 marine group",NA,NA
"ASV3166","Bacteria","Bacillota","Negativicutes","Veillonellales-Selenomonadales","Sporomusaceae","Anaerospora",NA
"ASV3167","Bacteria","Bacillota","Clostridia","Peptostreptococcales-Tissierellales","Anaerovoracaceae","Anaerovorax",NA
"ASV3168","Bacteria","Pseudomonadota","Alphaproteobacteria","Rhodospirillales","Magnetospiraceae",NA,NA
"ASV3169","Bacteria","Bacteroidota","Bacteroidia","Sphingobacteriales","Sphingobacteriaceae",NA,NA
"ASV3170","Bacteria","Pseudomonadota","Gammaproteobacteria","Burkholderiales","Alcaligenaceae","Saccharedens",NA
"ASV3171","Bacteria","Bacillota","Bacilli","Alicyclobacillales","Alicyclobacillaceae","Alicyclobacillus",NA
"ASV3172","Bacteria","Pseudomonadota","Alphaproteobacteria","Caulobacterales","Caulobacteraceae","Caulobacter",NA
"ASV3173","Bacteria","Pseudomonadota","Gammaproteobacteria","Gammaproteobacteria Incertae Sedis","Unknown Family","Candidatus Ovatusbacter",NA
"ASV3174","Bacteria","Pseudomonadota","Alphaproteobacteria","Micavibrionales","Micavibrionaceae",NA,NA
"ASV3175","Bacteria","Myxococcota","Polyangiia","Haliangiales","Haliangiaceae",NA,NA
"ASV3176","Bacteria","Planctomycetota","Planctomycetes",NA,NA,NA,NA
"ASV3177","Bacteria",NA,NA,NA,NA,NA,NA
"ASV3178","Bacteria","Bacillota","Bacilli","Paenibacillales","Paenibacillaceae","Paenibacillus",NA
"ASV3179","Bacteria","Patescibacteria","Berkelbacteria",NA,NA,NA,NA
"ASV3180","Bacteria","Actinomycetota","Actinobacteria","Micrococcales","Microbacteriaceae",NA,NA
"ASV3181","Bacteria","Bacteroidota","Bacteroidia","Flavobacteriales","Flavobacteriaceae","Flavobacterium","compostarboris"
"ASV3182","Bacteria","Pseudomonadota","Alphaproteobacteria","Holosporales","Holosporaceae",NA,NA
"ASV3183","Bacteria","Bacteroidota","Bacteroidia","Flavobacteriales","Flavobacteriaceae","Flavobacterium",NA
"ASV3184","Bacteria","Pseudomonadota","Gammaproteobacteria","Rickettsiellales","Rickettsiellaceae",NA,NA
"ASV3185","Bacteria","Bdellovibrionota","Bdellovibrionia","Bdellovibrionales","Pseudobdellovibrionaceae",NA,NA
"ASV3186","Bacteria","Pseudomonadota","Alphaproteobacteria","Rhodobacterales","Paracoccaceae","Fuscovulum",NA
"ASV3187","Bacteria","Actinomycetota","Actinobacteria","Mycobacteriales","Corynebacteriaceae","Lawsonella","clevelandensis"
"ASV3188","Bacteria","Actinomycetota","Actinobacteria","Micrococcales","Microbacteriaceae","Leucobacter",NA
"ASV3189","Bacteria","Bacillota","Clostridia","Oscillospirales","Oscillospiraceae","Ruminiclostridium",NA
"ASV3190","Bacteria","Pseudomonadota","Alphaproteobacteria","Azospirillales","Azospirillaceae",NA,NA
"ASV3191","Bacteria","Bdellovibrionota","Oligoflexia","Oligoflexales","Oligoflexaceae",NA,NA
"ASV3192","Bacteria","Pseudomonadota","Alphaproteobacteria","Rickettsiales","Rickettsiaceae",NA,NA
"ASV3193","Bacteria","Bacteroidota","Bacteroidia","Chitinophagales","Chitinophagaceae","Flavitalea",NA
"ASV3194","Bacteria","Pseudomonadota","Gammaproteobacteria","JTB23",NA,NA,NA
"ASV3195","Bacteria","Pseudomonadota","Gammaproteobacteria","Gammaproteobacteria Incertae Sedis","Unknown Family","Candidatus Ovatusbacter",NA
"ASV3196","Bacteria","Candidatus Eremiobacterota","Eremiobacteria",NA,NA,NA,NA
"ASV3197","Bacteria","Planctomycetota","Planctomycetes","Isosphaerales","Isosphaeraceae","Tautonia",NA
"ASV3198","Bacteria","Pseudomonadota","Alphaproteobacteria","Rhodospirillales","Rhodospirillaceae",NA,NA
"ASV3199","Bacteria","Gemmatimonadota","Gemmatimonadia","Gemmatimonadales","Gemmatimonadaceae","Gemmatimonas",NA
"ASV3200","Bacteria","Pseudomonadota","Alphaproteobacteria","Rickettsiales","Midichloriaceae","Candidatus Anadelfobacter",NA
"ASV3201","Bacteria","Planctomycetota","Planctomycetes","Gemmatales","Gemmataceae","Gemmata",NA
"ASV3202","Bacteria","Pseudomonadota","Gammaproteobacteria","Acidithiobacillales","Acidithiobacillaceae","KCM-B-112",NA
"ASV3203","Bacteria","Pseudomonadota","Alphaproteobacteria","Caulobacterales","Caulobacteraceae","Asticcacaulis",NA
"ASV3204","Bacteria","Pseudomonadota","Gammaproteobacteria","Rickettsiellales","Rickettsiellaceae","Aquicella",NA
"ASV3205","Bacteria","Bacillota","Bacilli","Paenibacillales","Paenibacillaceae",NA,NA
"ASV3206","Bacteria","Pseudomonadota","Alphaproteobacteria","Micavibrionales",NA,NA,NA
"ASV3207","Bacteria","Pseudomonadota","Alphaproteobacteria","Rickettsiales","Rickettsiaceae",NA,NA
"ASV3208","Bacteria","Verrucomicrobiota","Verrucomicrobiia","Pedosphaerales","Pedosphaeraceae","Ellin517",NA
"ASV3209","Bacteria","Pseudomonadota","Gammaproteobacteria","Lysobacterales","Lysobacteraceae","Luteimonas",NA
"ASV3210","Bacteria","Cyanobacteriota","Cyanobacteriia","Chloroplast",NA,NA,NA
"ASV3211","Bacteria","Pseudomonadota","Gammaproteobacteria","Burkholderiales","Methylophilaceae","Methylophilus",NA
"ASV3212","Bacteria","Bacteroidota","Bacteroidia","Flavobacteriales","Flavobacteriaceae","Flavobacterium",NA
"ASV3213","Bacteria","Pseudomonadota","Gammaproteobacteria","Burkholderiales","Burkholderiaceae","Burkholderia-Caballeronia-Paraburkholderia",NA
"ASV3214","Bacteria","Bacteroidota","Bacteroidia","Chitinophagales","Chitinophagaceae","Chitinophaga",NA
"ASV3215","Bacteria","Bdellovibrionota","Oligoflexia","Oligoflexales","Oligoflexaceae",NA,NA
"ASV3216","Bacteria","Pseudomonadota","Alphaproteobacteria","Defluviicoccales",NA,NA,NA
"ASV3217","Bacteria","Verrucomicrobiota","Verrucomicrobiia","Chthoniobacterales","Chthoniobacteraceae","Chthoniobacter",NA
"ASV3218","Bacteria","Bacteroidota","Bacteroidia","Chitinophagales","Chitinophagaceae","Heliimonas",NA
"ASV3219","Bacteria","Planctomycetota","Planctomycetes","Isosphaerales","Isosphaeraceae","Aquisphaera",NA
"ASV3220","Bacteria","Pseudomonadota","Alphaproteobacteria","Hyphomicrobiales",NA,NA,NA
"ASV3221","Bacteria","Bacillota","Bacilli","Paenibacillales","Paenibacillaceae","Paenibacillus","sepulcri"
"ASV3222","Bacteria","Pseudomonadota","Gammaproteobacteria","Burkholderiales","Alcaligenaceae",NA,NA
"ASV3223","Bacteria","Acidobacteriota","Acidobacteriae","Terriglobales","Acidobacteriaceae (Subgroup 1)","Edaphobacter",NA
"ASV3224","Bacteria","Planctomycetota","Planctomycetes","Isosphaerales","Isosphaeraceae","Singulisphaera",NA
"ASV3225","Bacteria","Bacillota","Bacilli","Lactobacillales","Lactobacillaceae","Leuconostoc",NA
"ASV3226","Bacteria","Pseudomonadota","Alphaproteobacteria","Rhodospirillales","Rhodospirillaceae",NA,NA
"ASV3227","Bacteria","Planctomycetota","Planctomycetes","Gemmatales","Gemmataceae","Gemmata",NA
"ASV3228","Bacteria","Planctomycetota","Planctomycetes","Gemmatales","Gemmataceae","Gemmata",NA
"ASV3229","Bacteria","Bdellovibrionota","Oligoflexia","Oligoflexales","Oligoflexaceae",NA,NA
"ASV3230","Bacteria","Bdellovibrionota","Bacteriovoracia","Bacteriovoracales","Bacteriovoracaceae","Peredibacter",NA
"ASV3231","Bacteria","Planctomycetota","Planctomycetes","Planctomycetales",NA,NA,NA
"ASV3232","Bacteria","Pseudomonadota","Alphaproteobacteria","Elsterales","Elsteraceae","Aliidongia",NA
"ASV3233","Bacteria","Pseudomonadota","Alphaproteobacteria","Caulobacterales","Caulobacteraceae","Brevundimonas",NA
"ASV3234","Bacteria","Pseudomonadota","Gammaproteobacteria","Legionellales","Legionellaceae","Legionella",NA
"ASV3235","Bacteria","Patescibacteria","Parcubacteria","Candidatus Nomurabacteria",NA,NA,NA
"ASV3236","Bacteria","Pseudomonadota","Gammaproteobacteria","Burkholderiales","Rhodocyclaceae","Methyloversatilis",NA
"ASV3237","Bacteria","Bacteroidota","Bacteroidia","Chitinophagales","Chitinophagaceae",NA,NA
"ASV3238","Bacteria","Actinomycetota","Actinobacteria","Propionibacteriales","Propionibacteriaceae","Propionicicella",NA
"ASV3239","Bacteria","Bacteroidota","Bacteroidia","Flavobacteriales","Flavobacteriaceae","Flavobacterium",NA
"ASV3240","Bacteria","Actinomycetota","Actinobacteria","Mycobacteriales","Mycobacteriaceae","Mycobacterium",NA
"ASV3241","Bacteria","Bacillota","Negativicutes","Veillonellales-Selenomonadales","Sporomusaceae","Anaerospora",NA
"ASV3242","Bacteria","Bdellovibrionota","Oligoflexia","0319-6G20",NA,NA,NA
"ASV3243","Bacteria","Pseudomonadota","Alphaproteobacteria","Sphingomonadales","Sphingomonadaceae","Sphingomonas","soli"
"ASV3244","Bacteria","Actinomycetota","Actinobacteria","Frankiales","Acidothermaceae","Acidothermus",NA
"ASV3245","Bacteria","Bacillota","Negativicutes","Veillonellales-Selenomonadales","Sporomusaceae","Anaerospora",NA
"ASV3246","Bacteria","Bacteroidota","Bacteroidia","Flavobacteriales","Crocinitomicaceae","Fluviicola",NA
"ASV3247","Bacteria","Pseudomonadota","Alphaproteobacteria","Dongiales","Dongiaceae","Dongia","rigui"
"ASV3248","Bacteria","Pseudomonadota","Gammaproteobacteria",NA,NA,NA,NA
"ASV3249","Bacteria","Abditibacteriota","Abditibacteriia","Abditibacteriales","Abditibacteriaceae","Abditibacterium",NA
"ASV3250","Bacteria","Dependentiae","Babeliae","Babeliales",NA,NA,NA
"ASV3251","Bacteria","Bacteroidota","Bacteroidia","Chitinophagales","Chitinophagaceae","Niabella",NA
"ASV3252","Bacteria","Pseudomonadota","Alphaproteobacteria","Caulobacterales","Caulobacteraceae","Asticcacaulis",NA
"ASV3253","Bacteria","Actinomycetota","Actinobacteria","Propionibacteriales","Nocardioidaceae","Nocardioides",NA
"ASV3254","Bacteria","Bacillota","Bacilli","Paenibacillales","Paenibacillaceae","Cohnella",NA
"ASV3255","Bacteria","Verrucomicrobiota","Verrucomicrobiia","Verrucomicrobiales","Rubritaleaceae","Luteolibacter",NA
"ASV3256","Bacteria","Cyanobacteriota","Cyanobacteriia","Chloroplast",NA,NA,NA
"ASV3257","Bacteria","Bacillota","Bacilli","Lactobacillales","Streptococcaceae",NA,NA
"ASV3258","Bacteria","Bacteroidota","Bacteroidia","Flavobacteriales","Crocinitomicaceae","Wandonia",NA
"ASV3259","Bacteria","Pseudomonadota","Alphaproteobacteria","Sphingomonadales","Sphingomonadaceae","Croceibacterium",NA
"ASV3260","Bacteria","Gemmatimonadota","S0134 terrestrial group",NA,NA,NA,NA
"ASV3261","Bacteria","Planctomycetota","Planctomycetes","Planctomycetales","Rubinisphaeraceae","SH-PL14",NA
"ASV3262","Bacteria","Bacillota","Bacilli","Paenibacillales","Paenibacillaceae","Paenibacillus",NA
"ASV3263","Bacteria","Pseudomonadota","Gammaproteobacteria","Lysobacterales",NA,NA,NA
"ASV3264","Bacteria","Pseudomonadota","Alphaproteobacteria","Sphingomonadales","Sphingomonadaceae","Sphingomonas",NA
"ASV3265","Bacteria","Pseudomonadota","Alphaproteobacteria","Sphingomonadales","Sphingomonadaceae","Novosphingobium",NA
"ASV3266","Bacteria","Pseudomonadota","Alphaproteobacteria","Rickettsiales","SM2D12",NA,NA
"ASV3267","Bacteria","Bacteroidota","Bacteroidia","Sphingobacteriales","KD3-93",NA,NA
"ASV3268","Bacteria","Bdellovibrionota","Oligoflexia","0319-6G20",NA,NA,NA
"ASV3269","Bacteria","Bacteroidota","Bacteroidia","Flavobacteriales","Flavobacteriaceae","Flavobacterium",NA
"ASV3270","Bacteria","Bacillota","Bacilli","Bacillales","Bacillaceae",NA,NA
"ASV3271","Bacteria","Verrucomicrobiota","Verrucomicrobiia","Pedosphaerales","Pedosphaeraceae",NA,NA
"ASV3272","Bacteria","Pseudomonadota","Alphaproteobacteria","Hyphomicrobiales","Xanthobacteraceae","Nitrobacter",NA
"ASV3273","Bacteria","Pseudomonadota","Alphaproteobacteria","Caulobacterales","Caulobacteraceae","Phenylobacterium",NA
"ASV3274","Bacteria","Actinomycetota","Actinobacteria","Pseudonocardiales","Pseudonocardiaceae",NA,NA
"ASV3275","Bacteria","Planctomycetota","Phycisphaerae","Tepidisphaerales","CPla-3 termite group",NA,NA
"ASV3276","Bacteria","Bdellovibrionota","Oligoflexia","Oligoflexales","Oligoflexaceae",NA,NA
"ASV3277","Bacteria","Bdellovibrionota","Bdellovibrionia","Bdellovibrionales","Pseudobdellovibrionaceae",NA,NA
"ASV3278","Bacteria","Pseudomonadota","Alphaproteobacteria","Rickettsiales","Midichloriaceae",NA,NA
"ASV3279","Bacteria","Dependentiae","Babeliae","Babeliales","Vermiphilaceae",NA,NA
"ASV3280","Bacteria","Dependentiae","Babeliae","Babeliales","Vermiphilaceae",NA,NA
"ASV3281","Bacteria","Chloroflexota","OLB14",NA,NA,NA,NA
"ASV3282","Bacteria","Acidobacteriota","Acidobacteriae","Terriglobales","Acidobacteriaceae (Subgroup 1)","Occallatibacter",NA
"ASV3283","Bacteria","Candidatus Eremiobacterota","Eremiobacteria",NA,NA,NA,NA
"ASV3284","Bacteria","Pseudomonadota","Gammaproteobacteria","Rickettsiellales","Rickettsiellaceae",NA,NA
"ASV3285","Bacteria","Bacteroidota","Bacteroidia","Sphingobacteriales","Sphingobacteriaceae","Albibacterium",NA
"ASV3286","Bacteria","Pseudomonadota","Alphaproteobacteria","Dongiales","Dongiaceae","Dongia",NA
"ASV3287","Bacteria","Pseudomonadota","Alphaproteobacteria",NA,NA,NA,NA
"ASV3288","Bacteria","Pseudomonadota","Alphaproteobacteria","Azospirillales","Azospirillaceae",NA,NA
"ASV3289","Bacteria","Chloroflexota","Chloroflexia","Thermomicrobiales","JG30-KF-CM45",NA,NA
"ASV3290","Bacteria","Verrucomicrobiota","Verrucomicrobiia","Pedosphaerales","Pedosphaeraceae",NA,NA
"ASV3291","Bacteria","Patescibacteria","Parcubacteria","Candidatus Kaiserbacteria",NA,NA,NA
"ASV3292","Bacteria","Armatimonadota","Fimbriimonadia","Fimbriimonadales","Fimbriimonadaceae",NA,NA
"ASV3293","Bacteria","Pseudomonadota","Alphaproteobacteria","Hyphomicrobiales","Devosiaceae","Arsenicitalea",NA
"ASV3294","Bacteria","Bdellovibrionota","Bdellovibrionia","Bdellovibrionales","Pseudobdellovibrionaceae","Pseudobdellovibrio",NA
"ASV3295","Bacteria","Bdellovibrionota","Oligoflexia","0319-6G20",NA,NA,NA
"ASV3296","Bacteria","Planctomycetota","Planctomycetes","Gemmatales","Gemmataceae","Gemmata",NA
"ASV3297","Bacteria","Verrucomicrobiota","Verrucomicrobiia","Verrucomicrobiales","Verrucomicrobiaceae",NA,NA
"ASV3298","Bacteria","Pseudomonadota","Gammaproteobacteria","Burkholderiales","Comamonadaceae",NA,NA
"ASV3299","Bacteria","Chloroflexota","Chloroflexia","Chloroflexales","Herpetosiphonaceae","Herpetosiphon",NA
"ASV3300","Bacteria","Bacteroidota","Bacteroidia","Cytophagales","Cytophagaceae","Cytophaga",NA
"ASV3301","Bacteria","Acidobacteriota","Acidobacteriae","Terriglobales","Acidobacteriaceae (Subgroup 1)","Granulicella",NA
"ASV3302","Bacteria","Bacteroidota","Bacteroidia","Chitinophagales","Chitinophagaceae","Nemorincola",NA
"ASV3303","Bacteria","Pseudomonadota","Gammaproteobacteria","Pseudomonadales","Pseudomonadaceae","Pseudomonas",NA
"ASV3304","Bacteria","Actinomycetota","Actinobacteria","Propionibacteriales","Nocardioidaceae","Nocardioides",NA
"ASV3305","Bacteria","Pseudomonadota","Alphaproteobacteria","Sphingomonadales","Sphingomonadaceae","Croceibacterium",NA
"ASV3306","Bacteria","Chloroflexota","Chloroflexia","Thermomicrobiales","JG30-KF-CM45",NA,NA
"ASV3307","Bacteria","Pseudomonadota","Gammaproteobacteria",NA,NA,NA,NA
"ASV3308","Bacteria","Pseudomonadota","Alphaproteobacteria","Elsterales",NA,NA,NA
"ASV3309","Bacteria","Bacteroidota","Bacteroidia","Chitinophagales","Chitinophagaceae","Nemorincola",NA
"ASV3310","Bacteria","Bacteroidota","Bacteroidia","Chitinophagales","Chitinophagaceae","Chitinophaga",NA
"ASV3311","Bacteria","Armatimonadota",NA,NA,NA,NA,NA
"ASV3312","Bacteria","Pseudomonadota","Alphaproteobacteria","Rickettsiales","SM2D12",NA,NA
"ASV3313","Bacteria","Pseudomonadota","Alphaproteobacteria","Hyphomicrobiales","Xanthobacteraceae","Pseudolabrys",NA
"ASV3314","Bacteria","Armatimonadota",NA,NA,NA,NA,NA
"ASV3315","Bacteria","Patescibacteria","Saccharimonadia","Saccharimonadales","Saccharimonadaceae","TM7a",NA
"ASV3316","Bacteria","Actinomycetota","Thermoleophilia","Solirubrobacterales","Solirubrobacteraceae",NA,NA
"ASV3317","Bacteria","Chlamydiota","Chlamydiia","Chlamydiales","Parachlamydiaceae",NA,NA
"ASV3318","Bacteria","Planctomycetota","Planctomycetes","Planctomycetales","Schlesneriaceae","Planctopirus",NA
"ASV3319","Bacteria","Verrucomicrobiota","Verrucomicrobiia","Chthoniobacterales","Chthoniobacteraceae","LD29",NA
"ASV3320","Bacteria","Pseudomonadota","Gammaproteobacteria","Burkholderiales","Nitrosomonadaceae","MND1",NA
"ASV3321","Bacteria","Actinomycetota","Thermoleophilia","Solirubrobacterales","67-14",NA,NA
"ASV3322","Bacteria","Pseudomonadota","Alphaproteobacteria","Parvibaculales","Parvibaculaceae","Parvibaculum",NA
"ASV3323","Bacteria","Pseudomonadota","Alphaproteobacteria","Rickettsiales","SM2D12",NA,NA
"ASV3324","Bacteria","Bacteroidota","Bacteroidia","Sphingobacteriales","Sphingobacteriaceae","Pedobacter",NA
"ASV3325","Bacteria","Patescibacteria","Parcubacteria","Candidatus Yonathbacteria",NA,NA,NA
"ASV3326","Bacteria","Patescibacteria","Parcubacteria","Candidatus Azambacteria",NA,NA,NA
"ASV3327","Bacteria","Pseudomonadota","Alphaproteobacteria","Parvibaculales","Parvibaculaceae","Parvibaculum",NA
"ASV3328","Bacteria","Pseudomonadota","Alphaproteobacteria","Hyphomicrobiales","Devosiaceae","Devosia","submarina"
"ASV3329","Bacteria","Pseudomonadota","Alphaproteobacteria","Reyranellales","Reyranellaceae","Reyranella",NA
"ASV3330","Bacteria","Cyanobacteriota","Cyanobacteriia","Chloroplast",NA,NA,NA
"ASV3331","Bacteria","Pseudomonadota","Gammaproteobacteria","Enterobacterales","Aeromonadaceae","Aeromonas",NA
"ASV3332","Bacteria","Pseudomonadota","Alphaproteobacteria","Sphingomonadales","Sphingomonadaceae","Sphingomonas","yunnanensis"
"ASV3333","Bacteria","Armatimonadota",NA,NA,NA,NA,NA
"ASV3334","Bacteria","Bacteroidota","Bacteroidia","Flavobacteriales","Flavobacteriaceae","Flavobacterium",NA
"ASV3335","Bacteria","Cyanobacteriota","Cyanobacteriia","Chloroplast",NA,NA,NA
"ASV3336","Bacteria","Pseudomonadota","Alphaproteobacteria","Hyphomicrobiales","Xanthobacteraceae","Rhodopseudomonas",NA
"ASV3337","Bacteria","Pseudomonadota","Gammaproteobacteria","Lysobacterales","Rhodanobacteraceae","Chujaibacter",NA
"ASV3338","Bacteria","Bacteroidota","Bacteroidia","Chitinophagales","Chitinophagaceae","Nemorincola",NA
"ASV3339","Bacteria","Bdellovibrionota","Oligoflexia","Silvanigrellales","Silvanigrellaceae",NA,NA
"ASV3340","Bacteria","Pseudomonadota","Alphaproteobacteria","Acetobacterales","Acetobacteraceae","Rhodopila",NA
"ASV3341","Bacteria","Patescibacteria","Parcubacteria","Candidatus Zambryskibacteria",NA,NA,NA
"ASV3342","Bacteria","Bacteroidota","Bacteroidia","Chitinophagales","Chitinophagaceae","Nemorincola",NA
"ASV3343","Bacteria","Pseudomonadota","Gammaproteobacteria",NA,NA,NA,NA
"ASV3344","Bacteria","Bacillota","Clostridia","Lachnospirales","Lachnospiraceae",NA,NA
"ASV3345","Bacteria","Bacteroidota","Bacteroidia","Sphingobacteriales","NS11-12 marine group",NA,NA
"ASV3346","Bacteria","Pseudomonadota","Gammaproteobacteria",NA,NA,NA,NA
"ASV3347","Bacteria","Bdellovibrionota","Bdellovibrionia","Bdellovibrionales","Pseudobdellovibrionaceae",NA,NA
"ASV3348","Bacteria","Bacteroidota","Bacteroidia","Sphingobacteriales","NS11-12 marine group",NA,NA
"ASV3349","Bacteria","Pseudomonadota","Alphaproteobacteria","Hyphomicrobiales","Beijerinckiaceae","Psychroglaciecola",NA
"ASV3350","Bacteria","Pseudomonadota","Gammaproteobacteria","Pseudomonadales","211ds20",NA,NA
"ASV3351","Bacteria","Pseudomonadota","Alphaproteobacteria","Micavibrionales",NA,NA,NA
"ASV3352","Bacteria","Armatimonadota",NA,NA,NA,NA,NA
"ASV3353","Bacteria","Pseudomonadota","Alphaproteobacteria","Hyphomicrobiales","Beijerinckiaceae","Methylobacterium",NA
"ASV3354","Bacteria","Bacteroidota","Bacteroidia","Cytophagales","Spirosomataceae","Dyadobacter",NA
"ASV3355","Bacteria","Planctomycetota","Planctomycetes","Isosphaerales","Isosphaeraceae","Aquisphaera",NA
"ASV3356","Bacteria","Planctomycetota","Planctomycetes","Gemmatales","Gemmataceae","Gemmata",NA
"ASV3357","Bacteria","Candidatus Eremiobacterota","Eremiobacteria",NA,NA,NA,NA
"ASV3358","Bacteria","Actinomycetota","Thermoleophilia","Solirubrobacterales",NA,NA,NA
"ASV3359","Bacteria","Pseudomonadota","Alphaproteobacteria",NA,NA,NA,NA
"ASV3360","Bacteria","Pseudomonadota","Alphaproteobacteria","Hyphomicrobiales","Xanthobacteraceae","Pseudolabrys","taiwanensis"
"ASV3361","Bacteria","Pseudomonadota","Gammaproteobacteria","Legionellales","Legionellaceae","Legionella",NA
"ASV3362","Bacteria","Bacteroidota","Bacteroidia","Chitinophagales","Chitinophagaceae",NA,NA
"ASV3363","Bacteria","Gemmatimonadota","Gemmatimonadia","Gemmatimonadales","Gemmatimonadaceae","Gemmatimonas",NA
"ASV3364","Bacteria","Patescibacteria","Saccharimonadia","Saccharimonadales","Saccharimonadaceae","TM7a",NA
"ASV3365","Bacteria","Acidobacteriota","Vicinamibacteria","Vicinamibacterales","Vicinamibacteraceae",NA,NA
"ASV3366","Bacteria","Actinomycetota","Thermoleophilia","Gaiellales",NA,NA,NA
"ASV3367","Bacteria","Bacteroidota","Bacteroidia","Chitinophagales",NA,NA,NA
"ASV3368","Bacteria","Patescibacteria","Saccharimonadia","Saccharimonadales",NA,NA,NA
"ASV3369","Bacteria","Pseudomonadota","Gammaproteobacteria","Legionellales","Legionellaceae","Legionella",NA
"ASV3370","Bacteria","Bacillota","Bacilli","Paenibacillales","Paenibacillaceae","Paenibacillus",NA
"ASV3371","Bacteria","Pseudomonadota","Alphaproteobacteria","Micavibrionales",NA,NA,NA
"ASV3372","Bacteria","Pseudomonadota","Alphaproteobacteria","Rickettsiales","SM2D12",NA,NA
"ASV3373","Bacteria","Deinococcota","Deinococci","Deinococcales","Deinococcaceae","Deinococcus",NA
"ASV3374","Bacteria","Cyanobacteriota","Cyanobacteriia","Chloroplast",NA,NA,NA
"ASV3375","Bacteria","Patescibacteria","Saccharimonadia","Saccharimonadales","Saccharimonadaceae","TM7a",NA
"ASV3376","Bacteria","Pseudomonadota","Alphaproteobacteria","Micavibrionales",NA,NA,NA
"ASV3377","Bacteria","Pseudomonadota","Gammaproteobacteria","Pseudomonadales","Pseudomonadaceae","Pseudomonas",NA
"ASV3378","Bacteria","Bacteroidota","Bacteroidia","Sphingobacteriales","Sphingobacteriaceae","Nubsella","zeaxanthinifaciens"
"ASV3379","Bacteria","Actinomycetota","Actinobacteria","Frankiales",NA,NA,NA
"ASV3380","Bacteria","Bdellovibrionota","Bdellovibrionia","Bdellovibrionales","Pseudobdellovibrionaceae","Bdellovibrio",NA
"ASV3381","Bacteria","Pseudomonadota","Alphaproteobacteria","Sphingomonadales","Sphingomonadaceae","Rhizorhabdus",NA
"ASV3382","Bacteria","Bacteroidota","Bacteroidia","Chitinophagales","Chitinophagaceae","Nemorincola",NA
"ASV3383","Bacteria","Bdellovibrionota","Bdellovibrionia","Bdellovibrionales","Pseudobdellovibrionaceae",NA,NA
"ASV3384","Bacteria","Pseudomonadota","Alphaproteobacteria",NA,NA,NA,NA
"ASV3385","Bacteria","Pseudomonadota","Gammaproteobacteria","Lysobacterales","Lysobacteraceae",NA,NA
"ASV3386","Bacteria","Pseudomonadota","Alphaproteobacteria","Caulobacterales","Caulobacteraceae",NA,NA
"ASV3387","Bacteria","Acidobacteriota","Acidobacteriae","Terriglobales","Acidobacteriaceae (Subgroup 1)","Edaphobacter",NA
"ASV3388","Bacteria","Bacteroidota","Bacteroidia","Flavobacteriales","Flavobacteriaceae","Flavobacterium",NA
"ASV3389","Bacteria","Chloroflexota","Ktedonobacteria","Ktedonobacterales","Ktedonobacteraceae",NA,NA
"ASV3390","Bacteria","Actinomycetota","Actinobacteria","Frankiales",NA,NA,NA
"ASV3391","Bacteria","Pseudomonadota","Alphaproteobacteria","Acetobacterales","Acetobacteraceae","Rhodovastum",NA
"ASV3392","Bacteria","Abditibacteriota","Abditibacteriia","Abditibacteriales","Abditibacteriaceae","Abditibacterium",NA
"ASV3393","Bacteria","Bacteroidota","Bacteroidia","Sphingobacteriales","Sphingobacteriaceae","Pedobacter",NA
"ASV3394","Bacteria","Bdellovibrionota","Oligoflexia","0319-6G20",NA,NA,NA
"ASV3395","Bacteria","Planctomycetota","Planctomycetes","Pirellulales","Pirellulaceae",NA,NA
"ASV3396","Bacteria","Myxococcota","Polyangiia","Haliangiales","Haliangiaceae",NA,NA
"ASV3397","Bacteria","Patescibacteria","Parcubacteria","Candidatus Yonathbacteria",NA,NA,NA
"ASV3398","Bacteria","Chlamydiota","Chlamydiia","Chlamydiales","Parachlamydiaceae",NA,NA
"ASV3399","Bacteria","Bacillota","Bacilli","Alicyclobacillales","Alicyclobacillaceae","Alicyclobacillus",NA
"ASV3400","Bacteria","Myxococcota","Polyangiia","Polyangiales","Sandaracinaceae",NA,NA
"ASV3401","Bacteria","Planctomycetota","Planctomycetes","Pirellulales","Pirellulaceae",NA,NA
"ASV3402","Bacteria","Verrucomicrobiota","Verrucomicrobiia","Chthoniobacterales","Chthoniobacteraceae","LD29",NA
"ASV3403","Bacteria","Pseudomonadota","Gammaproteobacteria","Coxiellales","Coxiellaceae","Coxiella",NA
"ASV3404","Bacteria","Pseudomonadota","Alphaproteobacteria","Rickettsiales","SM2D12",NA,NA
"ASV3405","Bacteria","Armatimonadota","Fimbriimonadia","Fimbriimonadales","Fimbriimonadaceae",NA,NA
"ASV3406","Bacteria","Pseudomonadota","Gammaproteobacteria","Burkholderiales","Nitrosomonadaceae","Nitrosospira","multiformis"
"ASV3407","Bacteria","Pseudomonadota","Alphaproteobacteria","Rickettsiales","Mitochondria",NA,NA
"ASV3408","Bacteria","Pseudomonadota","Alphaproteobacteria","Sphingomonadales","Sphingomonadaceae","Croceibacterium",NA
"ASV3409","Bacteria","Bacteroidota","Bacteroidia","Chitinophagales","Chitinophagaceae","Flavihumibacter","cheonanensis"
"ASV3410","Bacteria","Pseudomonadota","Gammaproteobacteria","Pseudomonadales","Pseudomonadaceae","Pseudomonas",NA
"ASV3411","Bacteria","Pseudomonadota","Alphaproteobacteria","Caulobacterales","Caulobacteraceae","Brevundimonas","alba"
"ASV3412","Bacteria","Bacteroidota","Bacteroidia","Flavobacteriales","Flavobacteriaceae","Flavobacterium",NA
"ASV3413","Bacteria","Pseudomonadota","Gammaproteobacteria","Legionellales","Legionellaceae","Legionella",NA
"ASV3414","Bacteria","Sumerlaeota","Sumerlaeia","Sumerlaeales","Sumerlaeaceae","Sumerlaea",NA
"ASV3415","Bacteria","Bacteroidota","Bacteroidia","Chitinophagales","Chitinophagaceae","Edaphobaculum",NA
"ASV3416","Bacteria","Myxococcota","Polyangiia","Polyangiales","BIrii41",NA,NA
"ASV3417","Bacteria","Pseudomonadota","Gammaproteobacteria","Legionellales","Legionellaceae","Legionella",NA
"ASV3418","Bacteria","Verrucomicrobiota","Verrucomicrobiia","Methylacidiphilales","Methylacidiphilaceae",NA,NA
"ASV3419","Bacteria","Pseudomonadota","Alphaproteobacteria","Rickettsiales","Mitochondria",NA,NA
"ASV3420","Bacteria","Actinomycetota","Acidimicrobiia","Acidimicrobiales","Acidimicrobiaceae",NA,NA
"ASV3421","Bacteria","Bacteroidota","Bacteroidia","Chitinophagales","Chitinophagaceae",NA,NA
"ASV3422","Bacteria","Pseudomonadota","Alphaproteobacteria","Acetobacterales","Acetobacteraceae","Endobacter",NA
"ASV3423","Bacteria","Patescibacteria","Saccharimonadia","Saccharimonadales","Saccharimonadaceae","TM7a",NA
"ASV3424","Bacteria","Bacteroidota","Bacteroidia","Sphingobacteriales","Sphingobacteriaceae","Mucilaginibacter","boryungensis"
"ASV3425","Bacteria","Bdellovibrionota","Bdellovibrionia","Bdellovibrionales","Pseudobdellovibrionaceae",NA,NA
"ASV3426","Bacteria","Pseudomonadota","Gammaproteobacteria","Salinisphaerales","Nevskiaceae",NA,NA
"ASV3427","Bacteria","Pseudomonadota","Alphaproteobacteria","Sphingomonadales","Sphingomonadaceae",NA,NA
"ASV3428","Bacteria","Bdellovibrionota","Bdellovibrionia","Bdellovibrionales","Pseudobdellovibrionaceae",NA,NA
"ASV3429","Bacteria","Bdellovibrionota","Bdellovibrionia","Bdellovibrionales","Pseudobdellovibrionaceae",NA,NA
"ASV3430","Bacteria","Myxococcota","Myxococcia","Myxococcales","Anaeromyxobacteraceae","Anaeromyxobacter",NA
"ASV3431","Bacteria","Pseudomonadota","Gammaproteobacteria","Rickettsiellales","Rickettsiellaceae",NA,NA
"ASV3432","Bacteria","Pseudomonadota","Alphaproteobacteria","Rickettsiales","Midichloriaceae","Candidatus Jidaibacter",NA
"ASV3433","Bacteria","Verrucomicrobiota","Omnitrophia","Omnitrophales",NA,NA,NA
"ASV3434","Bacteria","Pseudomonadota","Gammaproteobacteria","Legionellales","Legionellaceae","Legionella",NA
"ASV3435","Bacteria","Bacteroidota","Bacteroidia","Chitinophagales","Saprospiraceae","Phaeodactylibacter",NA
"ASV3436","Bacteria","Pseudomonadota","Alphaproteobacteria","Sphingomonadales","Sphingomonadaceae","Novosphingobium",NA
"ASV3437","Bacteria","Patescibacteria","Saccharimonadia","Saccharimonadales","Saccharimonadaceae","TM7a",NA
"ASV3438","Bacteria","Bacteroidota","Bacteroidia","Chitinophagales","Chitinophagaceae","Panacibacter",NA
"ASV3439","Bacteria","Bacteroidota","Bacteroidia","Cytophagales","Spirosomataceae","Spirosoma","gilvum"
"ASV3440","Bacteria","Chlamydiota","Chlamydiia","Chlamydiales",NA,NA,NA
"ASV3441","Bacteria","Myxococcota","Polyangiia","Blfdi19",NA,NA,NA
"ASV3442","Bacteria","Pseudomonadota","Gammaproteobacteria","Burkholderiales","Oxalobacteraceae","Lacisediminimonas",NA
"ASV3443","Bacteria","Pseudomonadota","Alphaproteobacteria","Hyphomicrobiales","Xanthobacteraceae","Pseudorhodoplanes",NA
"ASV3444","Bacteria","Pseudomonadota","Alphaproteobacteria","Sphingomonadales","Sphingomonadaceae","Novosphingobium",NA
"ASV3445","Bacteria","Pseudomonadota","Alphaproteobacteria","Sphingomonadales","Sphingomonadaceae","Sphingobium",NA
"ASV3446","Bacteria","Pseudomonadota","Gammaproteobacteria","Pseudomonadales","Moraxellaceae",NA,NA
"ASV3447","Bacteria","Bacteroidota","Bacteroidia","Cytophagales","Cytophagaceae","Sporocytophaga","myxococcoides"
"ASV3448","Bacteria","Actinomycetota","Actinobacteria","Propionibacteriales","Nocardioidaceae","Nocardioides",NA
"ASV3449","Bacteria","Planctomycetota","Planctomycetes","Isosphaerales","Isosphaeraceae","Singulisphaera",NA
"ASV3450","Bacteria","Bacteroidota","Bacteroidia","Flavobacteriales","Flavobacteriaceae","Flavobacterium",NA
"ASV3451","Bacteria","Pseudomonadota","Alphaproteobacteria","Rickettsiales","Mitochondria",NA,NA
"ASV3452","Bacteria","Planctomycetota","Planctomycetes","Gemmatales","Gemmataceae","Gemmata",NA
"ASV3453","Bacteria","Actinomycetota","Actinobacteria","Propionibacteriales","Nocardioidaceae","Nocardioides",NA
"ASV3454","Bacteria","Bacteroidota","Bacteroidia","Cytophagales","Cytophagaceae","Sporocytophaga",NA
"ASV3455","Bacteria","Bdellovibrionota","Bdellovibrionia","Bdellovibrionales","Pseudobdellovibrionaceae",NA,NA
"ASV3456","Bacteria","Pseudomonadota","Gammaproteobacteria","Rickettsiellales","Rickettsiellaceae",NA,NA
"ASV3457","Bacteria","Pseudomonadota","Alphaproteobacteria","Acetobacterales","Acetobacteraceae","Acidicaldus",NA
"ASV3458","Bacteria","Pseudomonadota","Alphaproteobacteria","Hyphomicrobiales","Xanthobacteraceae","Rhodoplanes",NA
"ASV3459","Bacteria","Pseudomonadota","Gammaproteobacteria","Rickettsiellales","Rickettsiellaceae","Aquicella",NA
"ASV3460","Bacteria","Bacteroidota","Bacteroidia","Chitinophagales","Chitinophagaceae",NA,NA
"ASV3461","Bacteria","Bacillota","Bacilli","Paenibacillales","Paenibacillaceae","Paenibacillus",NA
"ASV3462","Bacteria","Acidobacteriota","Acidobacteriae","Terriglobales","Acidobacteriaceae (Subgroup 1)","Granulicella",NA
"ASV3463","Bacteria","Myxococcota","Polyangiia","Haliangiales","Haliangiaceae",NA,NA
"ASV3464","Bacteria","Planctomycetota","Planctomycetes","Pirellulales","Pirellulaceae","Pirellula",NA
"ASV3465","Bacteria","Planctomycetota","Planctomycetes","Pirellulales","Pirellulaceae",NA,NA
"ASV3466","Bacteria","Actinomycetota","Actinobacteria","Propionibacteriales","Nocardioidaceae","Nocardioides",NA
"ASV3467","Bacteria","Verrucomicrobiota","Verrucomicrobiia","Opitutales","Opitutaceae","Opitutus",NA
"ASV3468","Bacteria","Pseudomonadota","Alphaproteobacteria","Reyranellales","Reyranellaceae","Reyranella",NA
"ASV3469","Bacteria","Chloroflexota","Anaerolineae","Caldilineales","Caldilineaceae",NA,NA
"ASV3470","Bacteria","Chlamydiota","Chlamydiia","Chlamydiales","Simkaniaceae",NA,NA
"ASV3471","Bacteria","Pseudomonadota","Alphaproteobacteria","Rickettsiales","Mitochondria",NA,NA
"ASV3472","Bacteria","Patescibacteria","Saccharimonadia","Saccharimonadales","LWQ8",NA,NA
"ASV3473","Bacteria","Pseudomonadota","Gammaproteobacteria","Legionellales","Legionellaceae","Legionella",NA
"ASV3474","Bacteria","Pseudomonadota","Gammaproteobacteria",NA,NA,NA,NA
"ASV3475","Bacteria","Bacteroidota","Bacteroidia","Cytophagales","Microscillaceae","Hassallia",NA
"ASV3476","Bacteria","Bacteroidota","Bacteroidia","Sphingobacteriales","Sphingobacteriaceae","Sphingobacterium",NA
"ASV3477","Bacteria","Bdellovibrionota","Bdellovibrionia","Bdellovibrionales","Pseudobdellovibrionaceae",NA,NA
"ASV3478","Bacteria","Cyanobacteriota","Cyanobacteriia","Chloroplast",NA,NA,NA
"ASV3479","Bacteria","Pseudomonadota","Gammaproteobacteria","Pseudomonadales","Pseudomonadaceae","Pseudomonas",NA
"ASV3480","Bacteria","Pseudomonadota","Alphaproteobacteria","Micavibrionales",NA,NA,NA
"ASV3481","Bacteria","Bdellovibrionota","Oligoflexia","0319-6G20",NA,NA,NA
"ASV3482","Bacteria","Pseudomonadota","Alphaproteobacteria","Sphingomonadales","Sphingomonadaceae","Sphingomonas",NA
"ASV3483","Bacteria","Pseudomonadota","Gammaproteobacteria","Burkholderiales","Comamonadaceae",NA,NA
"ASV3484","Bacteria","Bacteroidota","Bacteroidia","Chitinophagales","Chitinophagaceae","Edaphobaculum",NA
"ASV3485","Bacteria","Pseudomonadota","Alphaproteobacteria","Reyranellales","Reyranellaceae","Reyranella",NA
"ASV3486","Bacteria","Pseudomonadota","Alphaproteobacteria","Hyphomicrobiales","Xanthobacteraceae","Bradyrhizobium",NA
"ASV3487","Bacteria","Pseudomonadota","Gammaproteobacteria","Rickettsiellales","Rickettsiellaceae",NA,NA
"ASV3488","Bacteria","Pseudomonadota","Alphaproteobacteria","Hyphomicrobiales","Rhizobiaceae",NA,NA
"ASV3489","Bacteria","Pseudomonadota","Gammaproteobacteria","Burkholderiales","Comamonadaceae","Aquabacterium",NA
"ASV3490","Bacteria","Pseudomonadota","Gammaproteobacteria","Pseudomonadales","Pseudomonadaceae","Pseudomonas",NA
"ASV3491","Bacteria","Bacteroidota","Bacteroidia","Chitinophagales","Chitinophagaceae","Rurimicrobium",NA
"ASV3492","Bacteria","Pseudomonadota","Alphaproteobacteria","Acetobacterales","Acetobacteraceae","Rhodopila",NA
"ASV3493","Bacteria","Bacillota","Desulfitobacteriia","Desulfitobacteriales","Desulfitobacteriaceae","Desulfitobacterium",NA
"ASV3494","Bacteria","Pseudomonadota","Alphaproteobacteria","Micavibrionales",NA,NA,NA
"ASV3495","Bacteria","Pseudomonadota","Gammaproteobacteria","Burkholderiales","Comamonadaceae","Hydrogenophaga",NA
"ASV3496","Bacteria",NA,NA,NA,NA,NA,NA
"ASV3497","Bacteria","Pseudomonadota","Alphaproteobacteria","Rickettsiales","Rickettsiaceae",NA,NA
"ASV3498","Bacteria","Pseudomonadota","Gammaproteobacteria","Burkholderiales","Oxalobacteraceae","Noviherbaspirillum",NA
"ASV3499","Bacteria","Pseudomonadota","Alphaproteobacteria","Sneathiellales","Sneathiellaceae","Taonella",NA
"ASV3500","Bacteria","Pseudomonadota","Gammaproteobacteria","Lysobacterales","Rhodanobacteraceae","Dokdonella",NA
"ASV3501","Bacteria","Chloroflexota","JG30-KF-CM66",NA,NA,NA,NA
"ASV3502","Bacteria","Patescibacteria","Parcubacteria","Candidatus Azambacteria",NA,NA,NA
"ASV3503","Bacteria","Pseudomonadota","Alphaproteobacteria","Sphingomonadales","Sphingomonadaceae","Novosphingobium",NA
"ASV3504","Bacteria","Bacteroidota","Bacteroidia","Chitinophagales","Chitinophagaceae","Heliimonas",NA
"ASV3505","Bacteria","Pseudomonadota","Alphaproteobacteria","Rhodospirillales","Magnetospiraceae",NA,NA
"ASV3506","Bacteria","Bdellovibrionota","Oligoflexia","0319-6G20",NA,NA,NA
"ASV3507","Bacteria","Pseudomonadota","Alphaproteobacteria","Hyphomicrobiales","Xanthobacteraceae","Ancylobacter","dichloromethanicus"
"ASV3508","Bacteria","Actinomycetota","Acidimicrobiia","Acidimicrobiales","Acidimicrobiaceae",NA,NA
"ASV3509","Bacteria","Pseudomonadota","Gammaproteobacteria","Legionellales","Legionellaceae","Legionella",NA
"ASV3510","Bacteria","Bacteroidota","Bacteroidia","Chitinophagales","Chitinophagaceae","Taibaiella",NA
"ASV3511","Bacteria","Chloroflexota","OLB14",NA,NA,NA,NA
"ASV3512","Bacteria","Cyanobacteriota","Vampirivibrionia","Vampirovibrionales","Vampirovibrionaceae","Vampirovibrio",NA
"ASV3513","Bacteria","Planctomycetota","Planctomycetes","Pirellulales","Pirellulaceae","Pirellula",NA
"ASV3514","Bacteria","Pseudomonadota","Alphaproteobacteria","Rickettsiales","SM2D12",NA,NA
"ASV3515","Bacteria","Gemmatimonadota","Gemmatimonadia","Gemmatimonadales","Gemmatimonadaceae",NA,NA
"ASV3516","Bacteria","Actinomycetota","Actinobacteria","Pseudonocardiales","Pseudonocardiaceae","Pseudonocardia",NA
"ASV3517","Bacteria","Pseudomonadota","Gammaproteobacteria",NA,NA,NA,NA
"ASV3518","Bacteria","Patescibacteria","Saccharimonadia","Saccharimonadales","Saccharimonadaceae","TM7a",NA
"ASV3519","Bacteria","Pseudomonadota","Gammaproteobacteria","Legionellales","Legionellaceae","Legionella",NA
"ASV3520","Bacteria","Myxococcota","Polyangiia","Polyangiales","BIrii41",NA,NA
"ASV3521","Bacteria","Pseudomonadota","Gammaproteobacteria","Legionellales","Legionellaceae","Legionella",NA
"ASV3522","Bacteria","Patescibacteria","Saccharimonadia","Saccharimonadales",NA,NA,NA
"ASV3523","Bacteria","Bacillota","Bacilli","Paenibacillales","Paenibacillaceae","Marinicrinis",NA
"ASV3524","Bacteria","Bacteroidota","Bacteroidia","Cytophagales","Spirosomataceae","Arcicella","aquatica"
"ASV3525","Bacteria","Verrucomicrobiota","Verrucomicrobiia","Pedosphaerales","Pedosphaeraceae",NA,NA
"ASV3526","Bacteria","Patescibacteria","Saccharimonadia","Saccharimonadales","LWQ8",NA,NA
"ASV3527","Bacteria","Pseudomonadota","Alphaproteobacteria","Sphingomonadales","Sphingomonadaceae","Sphingomonas",NA
"ASV3528","Bacteria","Pseudomonadota","Gammaproteobacteria","Salinisphaerales","Nevskiaceae","Stagnimonas",NA
"ASV3529","Bacteria","Pseudomonadota","Gammaproteobacteria","Pseudomonadales","Pseudomonadaceae","Pseudomonas",NA
"ASV3530","Bacteria","Actinomycetota","Actinobacteria","Propionibacteriales","Nocardioidaceae","Nocardioides",NA
"ASV3531","Bacteria","Pseudomonadota","Gammaproteobacteria","Burkholderiales","Oxalobacteraceae","Actimicrobium",NA
"ASV3532","Bacteria","Pseudomonadota","Gammaproteobacteria","Steroidobacterales","Steroidobacteraceae","Steroidobacter",NA
"ASV3533","Bacteria","Pseudomonadota","Alphaproteobacteria","Hyphomicrobiales","Hyphomicrobiales Incertae Sedis",NA,NA
"ASV3534","Bacteria","Actinomycetota","Thermoleophilia","Gaiellales",NA,NA,NA
"ASV3535","Bacteria","Chloroflexota","Chloroflexia","Thermomicrobiales","JG30-KF-CM45",NA,NA
"ASV3536","Bacteria","Pseudomonadota","Alphaproteobacteria","Sphingomonadales","Sphingomonadaceae","Sphingopyxis",NA
"ASV3537","Bacteria","Pseudomonadota","Gammaproteobacteria","Burkholderiales","Comamonadaceae",NA,NA
"ASV3538","Bacteria","Pseudomonadota","Alphaproteobacteria","Rickettsiales","Mitochondria",NA,NA
"ASV3539","Bacteria","Pseudomonadota","Alphaproteobacteria","Hyphomicrobiales","Xanthobacteraceae","Afipia",NA
"ASV3540","Bacteria","Actinomycetota","Actinobacteria","Mycobacteriales","Nocardiaceae","Rhodococcus",NA
"ASV3541","Bacteria","Pseudomonadota","Gammaproteobacteria","Salinisphaerales","Nevskiaceae","Panacagrimonas",NA
"ASV3542","Bacteria","Pseudomonadota","Gammaproteobacteria","Pseudomonadales","Pseudomonadaceae","Pseudomonas",NA
"ASV3543","Bacteria","Pseudomonadota","Alphaproteobacteria","Elsterales",NA,NA,NA
"ASV3544","Bacteria","Pseudomonadota","Alphaproteobacteria","Hyphomicrobiales","Rhizobiaceae",NA,NA
"ASV3545","Bacteria","Bacteroidota","Bacteroidia","Chitinophagales","Chitinophagaceae",NA,NA
"ASV3546","Bacteria","Chlamydiota","Chlamydiia","Chlamydiales","Simkaniaceae",NA,NA
"ASV3547","Bacteria","Pseudomonadota","Gammaproteobacteria","Legionellales","Legionellaceae","Legionella",NA
"ASV3548","Bacteria","Bdellovibrionota","Oligoflexia","0319-6G20",NA,NA,NA
"ASV3549","Bacteria","Verrucomicrobiota","Verrucomicrobiia","Chthoniobacterales","Terrimicrobiaceae","Terrimicrobium",NA
"ASV3550","Bacteria","Pseudomonadota","Alphaproteobacteria","Caulobacterales","Hyphomonadaceae","SWB02",NA
"ASV3551","Bacteria","Actinomycetota","Thermoleophilia","Gaiellales",NA,NA,NA
"ASV3552","Bacteria","Pseudomonadota","Alphaproteobacteria","Caulobacterales","Caulobacteraceae",NA,NA
"ASV3553","Bacteria","Actinomycetota","Thermoleophilia","Gaiellales",NA,NA,NA
"ASV3554","Bacteria","Pseudomonadota","Alphaproteobacteria","Sphingomonadales","Sphingomonadaceae",NA,NA
"ASV3555","Bacteria","Actinomycetota","Acidimicrobiia","Acidimicrobiales","Acidimicrobiaceae",NA,NA
"ASV3556","Bacteria","Pseudomonadota","Alphaproteobacteria","Micropepsales","Micropepsaceae",NA,NA
"ASV3557","Bacteria","Actinomycetota","Thermoleophilia","Solirubrobacterales","Solirubrobacteraceae",NA,NA
"ASV3558","Bacteria","Bacteroidota","Bacteroidia","Chitinophagales","Chitinophagaceae",NA,NA
"ASV3559","Bacteria","Pseudomonadota","Alphaproteobacteria","Reyranellales","Reyranellaceae","Reyranella",NA
"ASV3560","Bacteria","Pseudomonadota","Alphaproteobacteria","Hyphomicrobiales","Xanthobacteraceae","Pseudorhodoplanes",NA
"ASV3561","Bacteria","Pseudomonadota","Alphaproteobacteria",NA,NA,NA,NA
"ASV3562","Bacteria","Planctomycetota","Planctomycetes","Planctomycetales",NA,NA,NA
"ASV3563","Bacteria",NA,NA,NA,NA,NA,NA
"ASV3564","Bacteria","Patescibacteria","Saccharimonadia","Saccharimonadales",NA,NA,NA
"ASV3565","Bacteria","Pseudomonadota","Gammaproteobacteria","PLTA13",NA,NA,NA
"ASV3566","Bacteria","Bacillota","Bacilli","Paenibacillales","Paenibacillaceae","Paenibacillus",NA
"ASV3567","Bacteria","Pseudomonadota","Gammaproteobacteria","Rickettsiellales","Rickettsiellaceae",NA,NA
"ASV3568","Bacteria","Actinomycetota","Actinobacteria","Kitasatosporales","Streptomycetaceae",NA,NA
"ASV3569","Bacteria","Pseudomonadota","Gammaproteobacteria","Rickettsiellales","Rickettsiellaceae","Aquicella",NA
"ASV3570","Bacteria","Patescibacteria","Berkelbacteria",NA,NA,NA,NA
"ASV3571","Bacteria","Patescibacteria","Saccharimonadia","Saccharimonadales","Saccharimonadaceae","TM7a",NA
"ASV3572","Bacteria","Pseudomonadota","Alphaproteobacteria","Hyphomicrobiales","Rhizobiaceae","Endobacterium",NA
"ASV3573","Bacteria","Bacteroidota","Bacteroidia","Flavobacteriales","Flavobacteriaceae","Flavobacterium","resistens"
"ASV3574","Bacteria","Pseudomonadota","Alphaproteobacteria",NA,NA,NA,NA
"ASV3575","Bacteria","Pseudomonadota","Alphaproteobacteria","Caulobacterales","Caulobacteraceae","Caulobacter",NA
"ASV3576","Bacteria","Pseudomonadota","Alphaproteobacteria","Micropepsales","Micropepsaceae",NA,NA
"ASV3577","Bacteria","Actinomycetota","Actinobacteria","Frankiales","Geodermatophilaceae","Klenkia",NA
"ASV3578","Bacteria","Bacteroidota","Bacteroidia","Flavobacteriales","Flavobacteriaceae","Flavobacterium",NA
"ASV3579","Bacteria","Pseudomonadota","Gammaproteobacteria","Burkholderiales","Comamonadaceae","Azohydromonas",NA
"ASV3580","Bacteria","Pseudomonadota","Gammaproteobacteria","Burkholderiales","Alcaligenaceae","Candidimonas",NA
"ASV3581","Bacteria","Pseudomonadota","Gammaproteobacteria","Salinisphaerales","Nevskiaceae","Fontimonas",NA
"ASV3582","Bacteria","Verrucomicrobiota","Verrucomicrobiia","Pedosphaerales","Pedosphaeraceae","SH3-11",NA
"ASV3583","Bacteria","Pseudomonadota","Gammaproteobacteria","Legionellales","Legionellaceae","Legionella",NA
"ASV3584","Bacteria","Pseudomonadota","Alphaproteobacteria","Rickettsiales","Mitochondria",NA,NA
"ASV3585","Bacteria","Pseudomonadota","Alphaproteobacteria","Hyphomicrobiales","Rhizobiaceae",NA,NA
"ASV3586","Bacteria","Pseudomonadota","Alphaproteobacteria","Hyphomicrobiales","Beijerinckiaceae","Methyloferula","stellata"
"ASV3587","Bacteria","Pseudomonadota","Alphaproteobacteria","Acetobacterales","Acetobacteraceae","Acidisoma","tundrae"
"ASV3588","Bacteria","Bacteroidota","Bacteroidia","Sphingobacteriales","Sphingobacteriaceae","Mucilaginibacter",NA
"ASV3589","Bacteria","Bacillota","Clostridia","Lachnospirales","Lachnospiraceae","Anaerocolumna",NA
"ASV3590","Bacteria","Chlamydiota","Chlamydiia","Chlamydiales","Parachlamydiaceae","Candidatus Protochlamydia",NA
"ASV3591","Bacteria","Candidatus Kapabacteria","Kapabacteria","Kapabacteriales",NA,NA,NA
"ASV3592","Bacteria","Pseudomonadota","Gammaproteobacteria",NA,NA,NA,NA
"ASV3593","Bacteria","Bacteroidota","Bacteroidia","Bacteroidetes VC2.1 Bac22",NA,NA,NA
"ASV3594","Bacteria","Pseudomonadota","Alphaproteobacteria","Thalassobaculales",NA,NA,NA
"ASV3595","Bacteria","Actinomycetota","Actinobacteria","Micrococcales","Cellulomonadaceae",NA,NA
"ASV3596","Bacteria","Planctomycetota","Planctomycetes","Pirellulales","Pirellulaceae","Pirellula",NA
"ASV3597","Bacteria","Actinomycetota","Actinobacteria","Propionibacteriales","Nocardioidaceae","Marmoricola","terrae"
"ASV3598","Bacteria","Actinomycetota","Actinobacteria","Propionibacteriales","Propionibacteriaceae","Aestuariimicrobium",NA
"ASV3599","Bacteria","Actinomycetota","Acidimicrobiia","Acidimicrobiales","Acidimicrobiaceae",NA,NA
"ASV3600","Bacteria","Pseudomonadota","Gammaproteobacteria","Legionellales","Legionellaceae","Legionella",NA
"ASV3601","Bacteria","Pseudomonadota","Gammaproteobacteria","Legionellales","Legionellaceae","Legionella",NA
"ASV3602","Bacteria","Pseudomonadota","Alphaproteobacteria","Hyphomicrobiales","Beijerinckiaceae",NA,NA
"ASV3603","Bacteria","Gemmatimonadota","Gemmatimonadia","Gemmatimonadales","Gemmatimonadaceae",NA,NA
"ASV3604","Bacteria","Gemmatimonadota","Gemmatimonadia","Gemmatimonadales","Gemmatimonadaceae","Gemmatimonas",NA
"ASV3605","Bacteria","Pseudomonadota","Gammaproteobacteria","Rickettsiellales","Rickettsiellaceae",NA,NA
"ASV3606","Bacteria","Pseudomonadota","Alphaproteobacteria","Caulobacterales","Caulobacteraceae",NA,NA
"ASV3607","Bacteria","Pseudomonadota","Alphaproteobacteria","Rickettsiales","SM2D12",NA,NA
"ASV3608","Bacteria","Bacteroidota","Bacteroidia","Chitinophagales","Chitinophagaceae","Edaphobaculum",NA
"ASV3609","Bacteria","Bacteroidota","Bacteroidia","Chitinophagales","Chitinophagaceae","Taibaiella",NA
"ASV3610","Bacteria","Pseudomonadota","Gammaproteobacteria","Legionellales","Legionellaceae","Legionella",NA
"ASV3611","Bacteria","Bacteroidota","Bacteroidia","Flavobacteriales","Flavobacteriaceae","Flavobacterium",NA
"ASV3612","Bacteria","Bacteroidota","Bacteroidia","Flavobacteriales","Flavobacteriaceae","Flavobacterium",NA
"ASV3613","Bacteria","Bacillota","Bacilli","Alicyclobacillales","Alicyclobacillaceae","Alicyclobacillus",NA
"ASV3614","Bacteria","Armatimonadota","Fimbriimonadia","Fimbriimonadales","Fimbriimonadaceae","Fimbriimonas",NA
"ASV3615","Bacteria","Pseudomonadota","Gammaproteobacteria","Legionellales","Legionellaceae","Legionella",NA
"ASV3616","Bacteria","Pseudomonadota","Alphaproteobacteria","Caulobacterales","Caulobacteraceae",NA,NA
"ASV3617","Bacteria","Pseudomonadota","Alphaproteobacteria","Micavibrionales",NA,NA,NA
"ASV3618","Bacteria","Pseudomonadota","Gammaproteobacteria","Burkholderiales","Oxalobacteraceae","Herbaspirillum",NA
"ASV3619","Bacteria","Bacteroidota","Bacteroidia","Sphingobacteriales","Sphingobacteriaceae","Pedobacter","namyangjuensis"
"ASV3620","Bacteria","Actinomycetota","Actinobacteria","Micrococcales","Micrococcaceae","Renibacterium",NA
"ASV3621","Bacteria","Pseudomonadota","Alphaproteobacteria","Rickettsiales","Mitochondria",NA,NA
"ASV3622","Bacteria","Chlamydiota","Chlamydiia","Chlamydiales","Parachlamydiaceae",NA,NA
"ASV3623","Bacteria","Pseudomonadota","Gammaproteobacteria","Burkholderiales","Comamonadaceae","Piscinibacter",NA
"ASV3624","Bacteria","Actinomycetota","Actinobacteria","Propionibacteriales","Propionibacteriaceae","Mariniluteicoccus",NA
"ASV3625","Bacteria","Bacteroidota","Bacteroidia","Cytophagales","Spirosomataceae","Dyadobacter",NA
"ASV3626","Bacteria","Pseudomonadota","Gammaproteobacteria","Legionellales","Legionellaceae","Legionella",NA
"ASV3627","Bacteria","Pseudomonadota","Gammaproteobacteria","Lysobacterales","Rhodanobacteraceae","Rhodanobacter",NA
"ASV3628","Bacteria","Pseudomonadota","Alphaproteobacteria","Sphingomonadales","Sphingomonadaceae","Erythrobacter",NA
"ASV3629","Bacteria","Pseudomonadota","Gammaproteobacteria","Burkholderiales","Oxalobacteraceae","Massilia",NA
"ASV3630","Bacteria","Pseudomonadota","Alphaproteobacteria","Hyphomicrobiales","Xanthobacteraceae","Rhodopseudomonas",NA
"ASV3631","Bacteria","Bacteroidota","Bacteroidia","Flavobacteriales","Flavobacteriaceae","Flavobacterium","suzhouense"
"ASV3632","Bacteria","Bacteroidota","Bacteroidia","Cytophagales","Spirosomataceae","Dyadobacter",NA
"ASV3633","Bacteria","Pseudomonadota","Alphaproteobacteria","Hyphomicrobiales","Xanthobacteraceae","Pseudorhodoplanes",NA
"ASV3634","Bacteria","Bacillota","Bacilli","Paenibacillales","Paenibacillaceae","Paenibacillus",NA
"ASV3635","Bacteria","Bdellovibrionota","Oligoflexia","0319-6G20",NA,NA,NA
"ASV3636","Bacteria","Bacteroidota","Bacteroidia","Chitinophagales","Chitinophagaceae","Ferruginibacter",NA
"ASV3637","Bacteria","Dependentiae","Babeliae","Babeliales","Vermiphilaceae",NA,NA
"ASV3638","Bacteria","Pseudomonadota","Alphaproteobacteria","Azospirillales","Azospirillaceae",NA,NA
"ASV3639","Bacteria","Bacteroidota","Bacteroidia","Chitinophagales","Chitinophagaceae","Niabella",NA
"ASV3640","Bacteria","Pseudomonadota","Alphaproteobacteria","Acetobacterales","Acetobacteraceae","Rhodopila",NA
"ASV3641","Bacteria","Actinomycetota","Thermoleophilia","Gaiellales",NA,NA,NA
"ASV3642","Bacteria","Actinomycetota","Thermoleophilia","Gaiellales",NA,NA,NA
"ASV3643","Bacteria","Abditibacteriota","Abditibacteriia","Abditibacteriales","Abditibacteriaceae","Abditibacterium",NA
"ASV3644","Bacteria","Pseudomonadota","Alphaproteobacteria","Sphingomonadales","Sphingomonadaceae","Sphingoaurantiacus",NA
"ASV3645","Bacteria","Chlamydiota","Chlamydiia","Chlamydiales","Parachlamydiaceae",NA,NA
"ASV3646","Bacteria","Actinomycetota","Thermoleophilia","Gaiellales",NA,NA,NA
"ASV3647","Bacteria","Pseudomonadota","Alphaproteobacteria","Caulobacterales","Caulobacteraceae",NA,NA
"ASV3648","Bacteria","Pseudomonadota","Alphaproteobacteria","Caulobacterales","Caulobacteraceae","Brevundimonas",NA
"ASV3649","Bacteria","Acidobacteriota","Acidobacteriae","Terriglobales","Acidobacteriaceae (Subgroup 1)","Granulicella",NA
"ASV3650","Bacteria","Acidobacteriota","Acidobacteriae","Terriglobales","Acidobacteriaceae (Subgroup 1)","Granulicella",NA
"ASV3651","Bacteria","Verrucomicrobiota","Verrucomicrobiia","Chthoniobacterales","Terrimicrobiaceae","Terrimicrobium",NA
"ASV3652","Bacteria","Planctomycetota","Planctomycetes","Gemmatales","Gemmataceae",NA,NA
"ASV3653","Bacteria","Pseudomonadota","Gammaproteobacteria","Rickettsiellales","Rickettsiellaceae",NA,NA
"ASV3654","Bacteria","Pseudomonadota","Gammaproteobacteria",NA,NA,NA,NA
"ASV3655","Bacteria","Pseudomonadota","Alphaproteobacteria","Micropepsales","Micropepsaceae",NA,NA
"ASV3656","Bacteria","Pseudomonadota","Alphaproteobacteria","Caulobacterales","Caulobacteraceae","Phenylobacterium","immobile"
"ASV3657","Bacteria","Bacillota","Bacilli","Paenibacillales","Paenibacillaceae",NA,NA
"ASV3658","Bacteria","Pseudomonadota","Alphaproteobacteria","Zavarziniales",NA,NA,NA
"ASV3659","Bacteria","Actinomycetota","Actinobacteria","Propionibacteriales","Nocardioidaceae","Nocardioides",NA
"ASV3660","Bacteria","Actinomycetota","Acidimicrobiia","Microtrichales","Ilumatobacteraceae","Ilumatobacter",NA
"ASV3661","Bacteria","Pseudomonadota","Alphaproteobacteria","Sphingomonadales","Sphingomonadaceae","Novosphingobium",NA
"ASV3662","Bacteria","Planctomycetota","Planctomycetes",NA,NA,NA,NA
"ASV3663","Bacteria","Pseudomonadota","Gammaproteobacteria","PLTA13",NA,NA,NA
"ASV3664","Bacteria","Pseudomonadota","Alphaproteobacteria","Paracaedibacterales","Paracaedibacteraceae","Candidatus Finniella",NA
"ASV3665","Bacteria","Pseudomonadota","Alphaproteobacteria","Caulobacterales","Caulobacteraceae",NA,NA
"ASV3666","Bacteria","Pseudomonadota","Gammaproteobacteria","Burkholderiales","TRA3-20",NA,NA
"ASV3667","Bacteria","Hydrogenedentes","Hydrogenedentia","Hydrogenedentiales","Hydrogenedensaceae",NA,NA
"ASV3668","Bacteria","Pseudomonadota","Alphaproteobacteria","Rickettsiales","SM2D12",NA,NA
"ASV3669","Bacteria","Bacteroidota","Bacteroidia","Chitinophagales","Chitinophagaceae","Edaphobaculum",NA
"ASV3670","Bacteria","Pseudomonadota","Alphaproteobacteria",NA,NA,NA,NA
"ASV3671","Bacteria","Bdellovibrionota","Oligoflexia","Oligoflexales","Oligoflexaceae",NA,NA
"ASV3672","Bacteria","Pseudomonadota","Alphaproteobacteria","Azospirillales","Inquilinaceae","Inquilinus",NA
"ASV3673","Bacteria","Bacteroidota","Bacteroidia","Chitinophagales","Chitinophagaceae","Edaphobaculum",NA
"ASV3674","Bacteria","Pseudomonadota","Gammaproteobacteria","Burkholderiales","Alcaligenaceae","Achromobacter",NA
"ASV3675","Bacteria","Actinomycetota","Thermoleophilia","Solirubrobacterales","67-14",NA,NA
"ASV3676","Bacteria","Bdellovibrionota","Bdellovibrionia","Bdellovibrionales","Pseudobdellovibrionaceae",NA,NA
"ASV3677","Bacteria","Bdellovibrionota","Oligoflexia","0319-6G20",NA,NA,NA
"ASV3678","Bacteria","Bdellovibrionota","Oligoflexia","0319-6G20",NA,NA,NA
"ASV3679","Bacteria","Bdellovibrionota","Bdellovibrionia","Bdellovibrionales","Pseudobdellovibrionaceae",NA,NA
"ASV3680","Bacteria","Pseudomonadota","Alphaproteobacteria","Caulobacterales","Caulobacteraceae","Brevundimonas",NA
"ASV3681","Bacteria","Pseudomonadota","Alphaproteobacteria","Hyphomicrobiales","Xanthobacteraceae","Nitrobacter","vulgaris"
"ASV3682","Bacteria","Actinomycetota","Actinobacteria","Propionibacteriales","Nocardioidaceae","Aeromicrobium",NA
"ASV3683","Bacteria","Pseudomonadota","Alphaproteobacteria","Rhodobacterales","Paracoccaceae","Fuscovulum",NA
"ASV3684","Bacteria","Pseudomonadota","Gammaproteobacteria","Burkholderiales","Methylophilaceae","Methylovorus",NA
"ASV3685","Bacteria","Pseudomonadota","Gammaproteobacteria","Burkholderiales","Alcaligenaceae","Eoetvoesia",NA
"ASV3686","Bacteria","Actinomycetota","Thermoleophilia","Solirubrobacterales","Solirubrobacteraceae","JCM 18997",NA
"ASV3687","Bacteria","Pseudomonadota","Gammaproteobacteria","Burkholderiales","Comamonadaceae","Piscinibacter",NA
"ASV3688","Bacteria","Pseudomonadota","Alphaproteobacteria","Rhodospirillales","Magnetospirillaceae","Telmatospirillum",NA
"ASV3689","Bacteria","Pseudomonadota","Alphaproteobacteria","Micropepsales","Micropepsaceae",NA,NA
"ASV3690","Bacteria","Pseudomonadota","Gammaproteobacteria","Burkholderiales",NA,NA,NA
"ASV3691","Bacteria","Bacteroidota","Bacteroidia","Chitinophagales","Chitinophagaceae","Chitinophaga","parva"
"ASV3692","Bacteria","Pseudomonadota","Gammaproteobacteria","Burkholderiales","Oxalobacteraceae",NA,NA
"ASV3693","Bacteria","Actinomycetota","Thermoleophilia","Gaiellales",NA,NA,NA
"ASV3694","Bacteria","Bacteroidota","Bacteroidia","Chitinophagales","Chitinophagaceae","Nemorincola",NA
"ASV3695","Bacteria","Cyanobacteriota","Vampirivibrionia","Vampirovibrionales",NA,NA,NA
"ASV3696","Bacteria","Pseudomonadota","Alphaproteobacteria","Rhodospirillales",NA,NA,NA
"ASV3697","Bacteria","Verrucomicrobiota","Verrucomicrobiia","Opitutales","Opitutaceae","Opitutus",NA
"ASV3698","Bacteria","Verrucomicrobiota","Verrucomicrobiia","Pedosphaerales","Pedosphaeraceae","Ellin517",NA
"ASV3699","Bacteria","Pseudomonadota","Alphaproteobacteria","Caulobacterales","Caulobacteraceae","Brevundimonas","basaltis"
"ASV3700","Bacteria","Bacteroidota","Bacteroidia","Flavobacteriales","Flavobacteriaceae","Flavobacterium",NA
"ASV3701","Bacteria","Bacteroidota","Bacteroidia","Chitinophagales","Chitinophagaceae","Flavisolibacter",NA
"ASV3702","Bacteria","Pseudomonadota","Alphaproteobacteria","Caulobacterales","Caulobacteraceae",NA,NA
"ASV3703","Bacteria","Candidatus Eremiobacterota","Eremiobacteria",NA,NA,NA,NA
"ASV3704","Bacteria","Pseudomonadota","Alphaproteobacteria","Hyphomicrobiales","Xanthobacteraceae",NA,NA
"ASV3705","Bacteria","Pseudomonadota","Gammaproteobacteria","Lysobacterales","Rhodanobacteraceae","Rhodanobacter",NA
"ASV3706","Bacteria","Pseudomonadota","Gammaproteobacteria","Legionellales","Legionellaceae","Legionella",NA
"ASV3707","Bacteria","Bacteroidota","Bacteroidia","Chitinophagales","Chitinophagaceae","Taibaiella",NA
"ASV3708","Bacteria","Pseudomonadota","Alphaproteobacteria","Hyphomicrobiales","Xanthobacteraceae",NA,NA
"ASV3709","Bacteria","Pseudomonadota","Alphaproteobacteria","Hyphomicrobiales","Devosiaceae","Devosia",NA
"ASV3710","Bacteria","Gemmatimonadota","Gemmatimonadia","Gemmatimonadales","Gemmatimonadaceae","Gemmatimonas",NA
"ASV3711","Bacteria","Planctomycetota","Planctomycetes","Gemmatales","Gemmataceae",NA,NA
"ASV3712","Bacteria","Candidatus Kapabacteria","Kapabacteria","Kapabacteriales",NA,NA,NA
"ASV3713","Bacteria","Pseudomonadota","Alphaproteobacteria","Micropepsales","Micropepsaceae","Micropepsis",NA
"ASV3714","Bacteria","Pseudomonadota","Alphaproteobacteria","Hyphomicrobiales",NA,NA,NA
"ASV3715","Bacteria","Pseudomonadota","Alphaproteobacteria","Rickettsiales","SM2D12",NA,NA
"ASV3716","Bacteria","Pseudomonadota","Alphaproteobacteria","Puniceispirillales","EF100-94H03",NA,NA
"ASV3717","Bacteria",NA,NA,NA,NA,NA,NA
"ASV3718","Bacteria","Fibrobacterota","Fibrobacteria","Fibrobacterales","Fibrobacteraceae","possible genus 04",NA
"ASV3719","Bacteria","Patescibacteria","Saccharimonadia","Saccharimonadales",NA,NA,NA
"ASV3720","Bacteria","Verrucomicrobiota","Omnitrophia","Omnitrophales","Omnitrophaceae","Candidatus Omnitrophus",NA
"ASV3721","Bacteria","Pseudomonadota","Alphaproteobacteria","Rhodospirillales",NA,NA,NA
"ASV3722","Bacteria","Pseudomonadota","Gammaproteobacteria","Rickettsiellales","Rickettsiellaceae",NA,NA
"ASV3723","Bacteria","Bacillota","Bacilli","Alicyclobacillales","Alicyclobacillaceae","Alicyclobacillus",NA
"ASV3724","Bacteria","Chloroflexota","Chloroflexia","Thermomicrobiales","JG30-KF-CM45",NA,NA
"ASV3725","Bacteria","Pseudomonadota","Gammaproteobacteria","Burkholderiales","Oxalobacteraceae","Massilia",NA
"ASV3726","Bacteria","Pseudomonadota","Alphaproteobacteria","Rickettsiales","SM2D12",NA,NA
"ASV3727","Bacteria","Pseudomonadota","Alphaproteobacteria","Rhodospirillales",NA,NA,NA
"ASV3728","Bacteria","Bacteroidota","Bacteroidia","Chitinophagales","Chitinophagaceae","Sediminibacterium",NA
"ASV3729","Bacteria","Actinomycetota","Actinobacteria","Streptosporangiales","Thermomonosporaceae","Actinoallomurus",NA
"ASV3730","Bacteria","Bacillota","Clostridia","Clostridiales","Clostridiaceae","Clostridium",NA
"ASV3731","Bacteria","Pseudomonadota","Alphaproteobacteria","Sphingomonadales","Sphingomonadaceae","Sphingomonas",NA
"ASV3732","Bacteria","Pseudomonadota","Alphaproteobacteria","Sphingomonadales","Sphingomonadaceae","Croceibacterium",NA
"ASV3733","Bacteria","Patescibacteria","Saccharimonadia","Saccharimonadales","Saccharimonadaceae","TM7a",NA
"ASV3734","Bacteria","Pseudomonadota","Gammaproteobacteria","Pseudomonadales","Pseudomonadaceae","Pseudomonas",NA
"ASV3735","Bacteria","Bdellovibrionota","Bacteriovoracia","Bacteriovoracales","Bacteriovoracaceae","Peredibacter",NA
"ASV3736","Bacteria","Actinomycetota","Acidimicrobiia","Acidimicrobiales","Acidimicrobiaceae",NA,NA
"ASV3737","Bacteria","Pseudomonadota","Alphaproteobacteria","Hyphomicrobiales","Xanthobacteraceae","Afipia",NA
"ASV3738","Bacteria","Bacteroidota","Bacteroidia","Flavobacteriales","Flavobacteriaceae","Flavobacterium",NA
"ASV3739","Bacteria","Bacteroidota","Bacteroidia","Flavobacteriales","Flavobacteriaceae","Flavobacterium",NA
"ASV3740","Bacteria","Cyanobacteriota","Cyanobacteriia","Chloroplast",NA,NA,NA
"ASV3741","Bacteria","Bacteroidota","Bacteroidia","Chitinophagales","Chitinophagaceae","Sediminibacterium",NA
"ASV3742","Bacteria","Bacteroidota","Bacteroidia","Sphingobacteriales","Sphingobacteriaceae","Albibacterium",NA
"ASV3743","Bacteria","Pseudomonadota","Gammaproteobacteria","Enterobacterales","Enterobacteriaceae","Kosakonia",NA
"ASV3744","Bacteria","Pseudomonadota","Alphaproteobacteria","Hyphomicrobiales","Rhizobiaceae","Pseudaminobacter",NA
"ASV3745","Bacteria","Actinomycetota","Actinobacteria","Streptosporangiales","Thermomonosporaceae","Actinomadura",NA
"ASV3746","Bacteria","Patescibacteria","Parcubacteria","Candidatus Zambryskibacteria",NA,NA,NA
"ASV3747","Bacteria","Bacteroidota","Bacteroidia","Sphingobacteriales","Sphingobacteriaceae","Olivibacter",NA
"ASV3748","Bacteria","Pseudomonadota","Gammaproteobacteria",NA,NA,NA,NA
"ASV3749","Bacteria","Pseudomonadota","Alphaproteobacteria","Rickettsiales","AB1",NA,NA
"ASV3750","Bacteria","Actinomycetota","Thermoleophilia","Solirubrobacterales","Solirubrobacteraceae","Baekduia",NA
"ASV3751","Bacteria","Bacteroidota","Bacteroidia","Chitinophagales","Saprospiraceae",NA,NA
"ASV3752","Bacteria","Pseudomonadota","Alphaproteobacteria","Reyranellales","Reyranellaceae","Reyranella",NA
"ASV3753","Bacteria","Pseudomonadota","Alphaproteobacteria",NA,NA,NA,NA
"ASV3754","Bacteria","Actinomycetota","Thermoleophilia","Solirubrobacterales","Solirubrobacteraceae","Conexibacter",NA
"ASV3755","Bacteria","Bacteroidota","Bacteroidia","Chitinophagales","Chitinophagaceae",NA,NA
"ASV3756","Bacteria","Acidobacteriota","Acidobacteriae","Terriglobales","Acidobacteriaceae (Subgroup 1)","Occallatibacter",NA
"ASV3757","Bacteria","Pseudomonadota","Alphaproteobacteria","Acetobacterales","Acetobacteraceae",NA,NA
"ASV3758","Bacteria","Acidobacteriota","Acidobacteriae","Terriglobales","Acidobacteriaceae (Subgroup 1)","Granulicella",NA
"ASV3759","Bacteria","Actinomycetota","Acidimicrobiia","Acidimicrobiales","Acidimicrobiaceae",NA,NA
"ASV3760","Bacteria","Pseudomonadota","Gammaproteobacteria","Rickettsiellales","Rickettsiellaceae","Aquicella",NA
"ASV3761","Bacteria","Planctomycetota","Planctomycetes","Planctomycetales","Schlesneriaceae","Planctopirus",NA
"ASV3762","Bacteria","Actinomycetota","Actinobacteria","Propionibacteriales","Nocardioidaceae","Nocardioides",NA
"ASV3763","Bacteria","Pseudomonadota","Alphaproteobacteria","Dongiales","Dongiaceae","Dongia",NA
"ASV3764","Bacteria","Acidobacteriota","Acidobacteriae","Terriglobales","Acidobacteriaceae (Subgroup 1)","Granulicella",NA
"ASV3765","Bacteria","Actinomycetota","Actinobacteria","PeM15",NA,NA,NA
"ASV3766","Bacteria","Planctomycetota","Planctomycetes","Isosphaerales","Isosphaeraceae","Aquisphaera",NA
"ASV3767","Bacteria","Bdellovibrionota","Bacteriovoracia","Bacteriovoracales","Bacteriovoracaceae","Peredibacter",NA
"ASV3768","Bacteria","Patescibacteria","ABY1","Candidatus Magasanikbacteria",NA,NA,NA
"ASV3769","Bacteria","Bacteroidota","Bacteroidia","Chitinophagales",NA,NA,NA
"ASV3770","Bacteria","Pseudomonadota","Gammaproteobacteria","Gammaproteobacteria Incertae Sedis","Unknown Family","Candidatus Ovatusbacter",NA
"ASV3771","Bacteria","Gemmatimonadota","Gemmatimonadia","Gemmatimonadales","Gemmatimonadaceae",NA,NA
"ASV3772","Bacteria","Pseudomonadota","Alphaproteobacteria","Rickettsiales","SM2D12",NA,NA
"ASV3773","Bacteria","Pseudomonadota","Gammaproteobacteria","Coxiellales","Coxiellaceae","Coxiella",NA
"ASV3774","Bacteria","Pseudomonadota","Alphaproteobacteria","Hyphomicrobiales","Hyphomicrobiales Incertae Sedis","Bauldia",NA
"ASV3775","Bacteria","Patescibacteria","Gracilibacteria","Candidatus Peribacteria",NA,NA,NA
"ASV3776","Bacteria","Armatimonadota","Armatimonadia","Armatimonadales","Armatimonadaceae",NA,NA
"ASV3777","Bacteria","Pseudomonadota","Alphaproteobacteria","Rickettsiales","SM2D12",NA,NA
"ASV3778","Bacteria","Pseudomonadota","Alphaproteobacteria","Micavibrionales",NA,NA,NA
"ASV3779","Bacteria","Deinococcota","Deinococci","Deinococcales","Deinococcaceae","Deinococcus","ficus"
"ASV3780","Bacteria","Pseudomonadota","Gammaproteobacteria","Burkholderiales","Comamonadaceae","Aquabacterium",NA
"ASV3781","Bacteria","Verrucomicrobiota","Verrucomicrobiia","Verrucomicrobiales","Rubritaleaceae","Luteolibacter",NA
"ASV3782","Bacteria","Pseudomonadota","Alphaproteobacteria","Micavibrionales",NA,NA,NA
"ASV3783","Bacteria","Pseudomonadota","Alphaproteobacteria","Hyphomicrobiales","Rhizobiaceae","Aminobacter",NA
"ASV3784","Bacteria","Pseudomonadota","Alphaproteobacteria","Hyphomicrobiales","Xanthobacteraceae","Rhodopseudomonas",NA
"ASV3785","Bacteria","Pseudomonadota","Alphaproteobacteria","Sphingomonadales","Sphingomonadaceae","Rhizorhabdus",NA
"ASV3786","Bacteria","Pseudomonadota","Gammaproteobacteria","Burkholderiales","Neisseriaceae",NA,NA
"ASV3787","Bacteria","Patescibacteria","Berkelbacteria",NA,NA,NA,NA
"ASV3788","Bacteria","Bacillota","Bacilli","Paenibacillales","Paenibacillaceae","Paenibacillus",NA
"ASV3789","Bacteria","Cyanobacteriota","Cyanobacteriia","Chloroplast",NA,NA,NA
"ASV3790","Bacteria","Pseudomonadota","Gammaproteobacteria","Legionellales","Legionellaceae","Legionella",NA
"ASV3791","Bacteria","Pseudomonadota","Gammaproteobacteria","Burkholderiales","Oxalobacteraceae",NA,NA
"ASV3792","Bacteria","Pseudomonadota","Alphaproteobacteria","Reyranellales","Reyranellaceae","Reyranella",NA
"ASV3793","Eukaryota",NA,NA,NA,NA,NA,NA
"ASV3794","Bacteria","Bacteroidota","Bacteroidia","Flavobacteriales","Flavobacteriaceae","Flavobacterium",NA
"ASV3795","Bacteria","Pseudomonadota","Alphaproteobacteria","Rhodospirillales","Magnetospirillaceae","Magnetospirillum",NA
"ASV3796","Bacteria","Pseudomonadota","Alphaproteobacteria","Hyphomicrobiales","Rhizobiaceae","Aureimonas","glaciei"
"ASV3797","Bacteria","Bacillota","Clostridia","Lachnospirales","Lachnospiraceae","Lachnoclostridium",NA
"ASV3798","Bacteria","Bacillota","Thermacetogenia","Thermacetogeniales","Thermacetogeniaceae",NA,NA
"ASV3799","Bacteria","Bacteroidota","Bacteroidia","Flavobacteriales","Flavobacteriaceae","Flavobacterium",NA
"ASV3800","Bacteria","Pseudomonadota","Gammaproteobacteria","Burkholderiales","Oxalobacteraceae","Duganella",NA
"ASV3801","Bacteria","Pseudomonadota","Gammaproteobacteria","Burkholderiales","Comamonadaceae","Ramlibacter",NA
"ASV3802","Bacteria","Pseudomonadota","Alphaproteobacteria","Reyranellales","Reyranellaceae","Reyranella",NA
"ASV3803","Bacteria","Pseudomonadota","Alphaproteobacteria","Hyphomicrobiales","Xanthobacteraceae","Rhodoplanes",NA
"ASV3804","Bacteria","Myxococcota","Polyangiia","Polyangiales","BIrii41",NA,NA
"ASV3805","Bacteria","Pseudomonadota","Alphaproteobacteria","Hyphomicrobiales","Rhizobiaceae",NA,NA
"ASV3806","Bacteria","Pseudomonadota","Alphaproteobacteria","Hyphomicrobiales","Hyphomicrobiales Incertae Sedis","Bauldia",NA
"ASV3807","Bacteria","Bdellovibrionota","Oligoflexia","0319-6G20",NA,NA,NA
"ASV3808","Bacteria","Gemmatimonadota","Gemmatimonadia","Gemmatimonadales","Gemmatimonadaceae",NA,NA
"ASV3809","Bacteria","Planctomycetota","Planctomycetes","Planctomycetales","Schlesneriaceae","Planctopirus",NA
"ASV3810","Bacteria","Pseudomonadota","Alphaproteobacteria",NA,NA,NA,NA
"ASV3811","Bacteria","Pseudomonadota","Gammaproteobacteria","Burkholderiales","Comamonadaceae",NA,NA
"ASV3812","Bacteria","Candidatus Eremiobacterota","Eremiobacteria",NA,NA,NA,NA
"ASV3813","Bacteria","Verrucomicrobiota","Verrucomicrobiia","Opitutales","Opitutaceae","Opitutus",NA
"ASV3814","Bacteria","Actinomycetota","Thermoleophilia","Solirubrobacterales","67-14",NA,NA
"ASV3815","Bacteria","Acidobacteriota","Acidobacteriae","Terriglobales","Acidobacteriaceae (Subgroup 1)",NA,NA
"ASV3816","Bacteria","Chlamydiota","Chlamydiia","Chlamydiales","Parachlamydiaceae","Candidatus Protochlamydia",NA
"ASV3817","Bacteria","Pseudomonadota","Alphaproteobacteria","Hyphomicrobiales","Beijerinckiaceae","Roseiarcus",NA
"ASV3818","Bacteria","Pseudomonadota","Alphaproteobacteria","Caulobacterales","Caulobacteraceae","Asticcacaulis",NA
"ASV3819","Bacteria","Pseudomonadota","Alphaproteobacteria","Sneathiellales","Sneathiellaceae","Taonella",NA
"ASV3820","Bacteria","Patescibacteria","Parcubacteria","Candidatus Nomurabacteria",NA,NA,NA
"ASV3821","Bacteria","Planctomycetota","Planctomycetes","Gemmatales","Gemmataceae",NA,NA
"ASV3822","Bacteria","Bacteroidota","Bacteroidia","Chitinophagales","Chitinophagaceae","Edaphobaculum",NA
"ASV3823","Bacteria","Pseudomonadota","Alphaproteobacteria","Rickettsiales","Mitochondria",NA,NA
"ASV3824","Bacteria","Chlamydiota","Chlamydiia","Chlamydiales","Chlamydiaceae",NA,NA
"ASV3825","Bacteria","Planctomycetota","Planctomycetes","Gemmatales","Gemmataceae","Gemmata",NA
"ASV3826","Bacteria","Bacteroidota","Bacteroidia","Flavobacteriales","Flavobacteriaceae","Flavobacterium",NA
"ASV3827","Bacteria","Planctomycetota","Planctomycetes","Planctomycetales",NA,NA,NA
"ASV3828","Bacteria","Patescibacteria","Saccharimonadia","Saccharimonadales","LWQ8",NA,NA
"ASV3829","Bacteria","Pseudomonadota","Alphaproteobacteria","Rickettsiales","SM2D12",NA,NA
"ASV3830","Bacteria","Actinomycetota","Actinobacteria","Propionibacteriales","Nocardioidaceae","Nocardioides",NA
"ASV3831","Bacteria","Patescibacteria","Saccharimonadia","Saccharimonadales","WWH38",NA,NA
"ASV3832","Bacteria","Pseudomonadota","Gammaproteobacteria","Burkholderiales","Nitrosomonadaceae","Nitrosomonas",NA
"ASV3833","Bacteria","Bacteroidota","Bacteroidia","Flavobacteriales","Flavobacteriaceae","Flavobacterium",NA
"ASV3834","Bacteria","Bdellovibrionota","Oligoflexia","Oligoflexales","Oligoflexaceae",NA,NA
"ASV3835","Bacteria","Bacteroidota","Bacteroidia","Sphingobacteriales","FFCH9454",NA,NA
"ASV3836","Bacteria","Pseudomonadota","Alphaproteobacteria","Caulobacterales","Caulobacteraceae",NA,NA
"ASV3837","Bacteria","Bacteroidota","Bacteroidia","Chitinophagales","Chitinophagaceae",NA,NA
"ASV3838","Bacteria","Armatimonadota","Fimbriimonadia","Fimbriimonadales","Fimbriimonadaceae",NA,NA
"ASV3839","Bacteria","Pseudomonadota","Gammaproteobacteria","Burkholderiales","Rhodocyclaceae","Sulfuritalea",NA
"ASV3840","Bacteria","Pseudomonadota","Gammaproteobacteria","Legionellales","Legionellaceae","Legionella",NA
"ASV3841","Bacteria","Pseudomonadota","Gammaproteobacteria",NA,NA,NA,NA
"ASV3842","Bacteria","Bacillota","Bacilli","Bacillales","Planococcaceae","Domibacillus",NA
"ASV3843","Bacteria","Pseudomonadota","Alphaproteobacteria",NA,NA,NA,NA
"ASV3844","Bacteria","Cyanobacteriota","Vampirivibrionia","Obscuribacterales","Obscuribacteraceae","Candidatus Obscuribacter",NA
"ASV3845","Bacteria","Bacteroidota","Bacteroidia","Flavobacteriales","Weeksellaceae","Chryseobacterium",NA
"ASV3846","Bacteria","Actinomycetota","Actinobacteria","Micrococcales","Brevibacteriaceae","Brevibacterium",NA
"ASV3847","Bacteria","Bacillota","Clostridia","Lachnospirales","Lachnospiraceae","Anaerocolumna",NA
"ASV3848","Bacteria","Planctomycetota","Planctomycetes","Gemmatales","Gemmataceae","Fimbriiglobus",NA
"ASV3849","Bacteria","Bacteroidota","Bacteroidia","Chitinophagales","Chitinophagaceae","Flavitalea",NA
"ASV3850","Bacteria","Bdellovibrionota","Bdellovibrionia","Bdellovibrionales","Pseudobdellovibrionaceae","Pseudobdellovibrio",NA
"ASV3851","Bacteria","Pseudomonadota","Gammaproteobacteria","Rickettsiellales","Rickettsiellaceae","Aquicella",NA
"ASV3852","Bacteria","Actinomycetota","Thermoleophilia","Gaiellales",NA,NA,NA
"ASV3853","Bacteria","Chlamydiota","Chlamydiia","Chlamydiales","Simkaniaceae","Candidatus Rhabdochlamydia",NA
"ASV3854","Bacteria","Candidatus Kapabacteria","Kapabacteria","Kapabacteriales",NA,NA,NA
"ASV3855","Bacteria","Bacillota","Clostridia","Lachnospirales","Lachnospiraceae","Lachnoclostridium",NA
"ASV3856","Bacteria","Chloroflexota","Chloroflexia","Thermomicrobiales","JG30-KF-CM45",NA,NA
"ASV3857","Bacteria","Myxococcota","Polyangiia","Polyangiales","Sandaracinaceae",NA,NA
"ASV3858","Bacteria","Pseudomonadota","Alphaproteobacteria","Acetobacterales","Acetobacteraceae",NA,NA
"ASV3859","Bacteria","Bacteroidota","Bacteroidia","Chitinophagales","Chitinophagaceae",NA,NA
"ASV3860","Bacteria","Acidobacteriota","Acidobacteriae","Terriglobales","Acidobacteriaceae (Subgroup 1)","Occallatibacter",NA
"ASV3861","Bacteria","Pseudomonadota","Gammaproteobacteria","Lysobacterales","Rhodanobacteraceae","Rhodanobacter","aciditrophus"
"ASV3862","Bacteria","Bacteroidota","Bacteroidia","Flavobacteriales","Flavobacteriaceae","Flavobacterium",NA
"ASV3863","Bacteria","Actinomycetota","Acidimicrobiia","Acidimicrobiales","Acidimicrobiaceae",NA,NA
"ASV3864","Bacteria","Planctomycetota","Planctomycetes","Planctomycetales","Schlesneriaceae","Schlesneria",NA
"ASV3865","Bacteria","Acidobacteriota","Acidobacteriae","Terriglobales","Acidobacteriaceae (Subgroup 1)","Granulicella",NA
"ASV3866","Bacteria","Pseudomonadota","Alphaproteobacteria","Hyphomicrobiales",NA,NA,NA
"ASV3867","Bacteria","Planctomycetota","Planctomycetes","Pirellulales","Pirellulaceae",NA,NA
"ASV3868","Bacteria","Sumerlaeota","Sumerlaeia","Sumerlaeales","Sumerlaeaceae","Sumerlaea",NA
"ASV3869","Bacteria","Bacillota","Bacilli","Paenibacillales","Paenibacillaceae","Paenibacillus",NA
"ASV3870","Bacteria","Pseudomonadota","Alphaproteobacteria","Micropepsales","Micropepsaceae",NA,NA
"ASV3871","Bacteria","Pseudomonadota","Alphaproteobacteria","Rickettsiales","SM2D12",NA,NA
"ASV3872","Bacteria","Pseudomonadota","Gammaproteobacteria","PLTA13",NA,NA,NA
"ASV3873","Bacteria","Pseudomonadota","Alphaproteobacteria","Rhodospirillales","Rhodospirillaceae",NA,NA
"ASV3874","Bacteria","Pseudomonadota","Alphaproteobacteria","Rickettsiales","SM2D12",NA,NA
"ASV3875","Bacteria","Pseudomonadota","Gammaproteobacteria","Coxiellales","Coxiellaceae","Coxiella",NA
"ASV3876","Bacteria","Pseudomonadota","Alphaproteobacteria","Rhodospirillales",NA,NA,NA
"ASV3877","Bacteria","Patescibacteria","Parcubacteria","Candidatus Azambacteria",NA,NA,NA
"ASV3878","Bacteria","Pseudomonadota","Alphaproteobacteria","Paracaedibacterales","Paracaedibacteraceae","Candidatus Captivus",NA
"ASV3879","Bacteria","Patescibacteria","Saccharimonadia","Saccharimonadales","Saccharimonadaceae","TM7a",NA
"ASV3880","Bacteria","Abditibacteriota","Abditibacteriia","Abditibacteriales","Abditibacteriaceae","Abditibacterium",NA
"ASV3881","Bacteria","Pseudomonadota","Gammaproteobacteria","Burkholderiales","Chitinimonadaceae","Chitinimonas",NA
"ASV3882","Bacteria","Myxococcota","Polyangiia","Polyangiales","BIrii41",NA,NA
"ASV3883","Bacteria","Bdellovibrionota","Oligoflexia","Oligoflexales","Oligoflexaceae","Oligoflexus",NA
"ASV3884","Bacteria","Bacillota","Bacilli","Paenibacillales","Paenibacillaceae",NA,NA
"ASV3885","Bacteria","Pseudomonadota","Alphaproteobacteria","Rickettsiales","Mitochondria",NA,NA
"ASV3886","Bacteria","Pseudomonadota","Gammaproteobacteria","Lysobacterales","Rhodanobacteraceae","Rhodanobacter",NA
"ASV3887","Bacteria","Bdellovibrionota","Oligoflexia","0319-6G20",NA,NA,NA
"ASV3888","Bacteria","Bacteroidota","Bacteroidia","Flavobacteriales","Flavobacteriaceae","Flavobacterium",NA
"ASV3889","Bacteria","Actinomycetota","Acidimicrobiia","Microtrichales","Ilumatobacteraceae",NA,NA
"ASV3890","Bacteria","Pseudomonadota","Gammaproteobacteria","Burkholderiales","Oxalobacteraceae","Massilia",NA
"ASV3891","Bacteria","Pseudomonadota","Gammaproteobacteria","Burkholderiales","Alcaligenaceae",NA,NA
"ASV3892","Bacteria","Pseudomonadota","Gammaproteobacteria","Burkholderiales","Burkholderiaceae","Burkholderia-Caballeronia-Paraburkholderia",NA
"ASV3893","Bacteria","Pseudomonadota","Gammaproteobacteria","Rickettsiellales","Rickettsiellaceae","Aquicella",NA
"ASV3894","Bacteria","Pseudomonadota","Alphaproteobacteria","Hyphomicrobiales","Beijerinckiaceae","Methylobacterium","organophilum"
"ASV3895","Bacteria","Bacteroidota","Bacteroidia","Cytophagales","Spirosomataceae","Spirosoma",NA
"ASV3896","Bacteria","Actinomycetota","Acidimicrobiia","Microtrichales",NA,NA,NA
"ASV3897","Bacteria","Actinomycetota","Thermoleophilia","Solirubrobacterales","Solirubrobacteraceae","JCM 18997",NA
"ASV3898","Bacteria","Bacteroidota","Bacteroidia","Cytophagales","Microscillaceae","Hassallia",NA
"ASV3899","Bacteria","Bacillota","Bacilli","Exiguobacterales","Exiguobacteraceae","Exiguobacterium",NA
"ASV3900","Bacteria","Pseudomonadota","Alphaproteobacteria","Sphingomonadales","Sphingomonadaceae","Novosphingobium",NA
"ASV3901","Bacteria","Pseudomonadota","Alphaproteobacteria","Acetobacterales","Acetobacteraceae",NA,NA
"ASV3902","Bacteria","Chloroflexota","Ktedonobacteria","Ktedonobacterales","Ktedonobacteraceae",NA,NA
"ASV3903","Bacteria","Actinomycetota","Actinobacteria","Propionibacteriales","Propionibacteriaceae","Mariniluteicoccus",NA
"ASV3904","Bacteria","Pseudomonadota","Gammaproteobacteria","Burkholderiales",NA,NA,NA
"ASV3905","Bacteria","Pseudomonadota","Alphaproteobacteria","Hyphomicrobiales","Beijerinckiaceae","alphaI cluster",NA
"ASV3906","Bacteria","Dependentiae","Babeliae","Babeliales",NA,NA,NA
"ASV3907","Bacteria","Pseudomonadota","Alphaproteobacteria","Rhodobacterales","Paracoccaceae","Paracoccus",NA
"ASV3908","Bacteria","Pseudomonadota","Alphaproteobacteria","Rickettsiales","Rickettsiaceae",NA,NA
"ASV3909","Bacteria","Verrucomicrobiota","Verrucomicrobiia","Pedosphaerales","Pedosphaeraceae","Ellin517",NA
"ASV3910","Bacteria","Bacteroidota","Bacteroidia","Chitinophagales","Saprospiraceae",NA,NA
"ASV3911","Bacteria","Pseudomonadota","Alphaproteobacteria","Rhodospirillales",NA,NA,NA
"ASV3912","Bacteria","Bacteroidota","Bacteroidia","Sphingobacteriales","Sphingobacteriaceae","Arcticibacter",NA
"ASV3913","Bacteria","Bacteroidota","Bacteroidia","Sphingobacteriales","Sphingobacteriaceae","Mucilaginibacter",NA
"ASV3914","Bacteria","Bdellovibrionota","Bdellovibrionia","Bdellovibrionales","Pseudobdellovibrionaceae","Bdellovibrio",NA
"ASV3915","Bacteria","Pseudomonadota","Alphaproteobacteria","Acetobacterales","Acetobacteraceae",NA,NA
"ASV3916","Bacteria","Pseudomonadota","Gammaproteobacteria",NA,NA,NA,NA
"ASV3917","Bacteria","Chloroflexota","Chloroflexia","Thermomicrobiales","JG30-KF-CM45",NA,NA
"ASV3918","Bacteria","Planctomycetota","Planctomycetes","Isosphaerales","Isosphaeraceae","Paludisphaera",NA
"ASV3919","Bacteria","Pseudomonadota","Alphaproteobacteria","Micavibrionales",NA,NA,NA
"ASV3920","Bacteria","Pseudomonadota","Alphaproteobacteria","Hyphomicrobiales","Xanthobacteraceae",NA,NA
"ASV3921","Bacteria","Verrucomicrobiota","Verrucomicrobiia","Pedosphaerales","Pedosphaeraceae","Ellin517",NA
"ASV3922","Bacteria","Myxococcota","Polyangiia","MSB-4B10",NA,NA,NA
"ASV3923","Bacteria","Acidobacteriota","Vicinamibacteria","Vicinamibacterales",NA,NA,NA
"ASV3924","Bacteria","Pseudomonadota","Alphaproteobacteria","Rhodospirillales",NA,NA,NA
"ASV3925","Bacteria","Pseudomonadota","Gammaproteobacteria","EV818SWSAP88",NA,NA,NA
"ASV3926","Bacteria","Patescibacteria","Saccharimonadia","Saccharimonadales","LWQ8",NA,NA
"ASV3927","Bacteria","Bdellovibrionota","Bdellovibrionia","Bdellovibrionales","Pseudobdellovibrionaceae","OM27 clade",NA
"ASV3928","Bacteria","Actinomycetota","Actinobacteria","Micromonosporales","Micromonosporaceae","Rugosimonospora",NA
"ASV3929","Bacteria","Bacteroidota","Bacteroidia","Chitinophagales",NA,NA,NA
"ASV3930","Bacteria","Bacteroidota","Bacteroidia","Chitinophagales","Saprospiraceae","Phaeodactylibacter",NA
"ASV3931","Bacteria","Bacillota","Thermacetogenia","Thermacetogeniales","Thermacetogeniaceae","Syntrophaceticus",NA
"ASV3932","Bacteria","Patescibacteria","Parcubacteria","Candidatus Kaiserbacteria",NA,NA,NA
"ASV3933","Bacteria","Pseudomonadota","Alphaproteobacteria","Micavibrionales",NA,NA,NA
"ASV3934","Bacteria","Bdellovibrionota","Oligoflexia","0319-6G20",NA,NA,NA
"ASV3935","Bacteria","Pseudomonadota","Alphaproteobacteria","Rickettsiales","Mitochondria",NA,NA
"ASV3936","Bacteria","Sumerlaeota","Sumerlaeia","Sumerlaeales","Sumerlaeaceae","Sumerlaea",NA
"ASV3937","Bacteria","Pseudomonadota","Gammaproteobacteria","Coxiellales","Coxiellaceae","Coxiella",NA
"ASV3938","Bacteria","Bacteroidota","Bacteroidia","Sphingobacteriales","Sphingobacteriaceae",NA,NA
"ASV3939","Bacteria","Bacteroidota","Bacteroidia","Cytophagales","Cytophagaceae","Cytophaga",NA
"ASV3940","Bacteria","Patescibacteria","Saccharimonadia","Saccharimonadales","Saccharimonadaceae","TM7a",NA
"ASV3941","Bacteria","Bdellovibrionota","Oligoflexia","Oligoflexales","Oligoflexaceae","Oligoflexus",NA
"ASV3942","Bacteria","Pseudomonadota","Gammaproteobacteria","Burkholderiales","Oxalobacteraceae","Massilia",NA
"ASV3943","Bacteria","Chlamydiota","Chlamydiia","Chlamydiales","Chlamydiaceae",NA,NA
"ASV3944","Bacteria","Bacteroidota","Bacteroidia","Chitinophagales","Chitinophagaceae","Taibaiella",NA
"ASV3945","Bacteria","Pseudomonadota","Alphaproteobacteria","Acetobacterales","Acetobacteraceae","Roseomonas","suffusca"
"ASV3946","Bacteria","Pseudomonadota","Gammaproteobacteria","Lysobacterales","Rhodanobacteraceae","Fulvimonas","soli"
"ASV3947","Bacteria","Pseudomonadota","Gammaproteobacteria","Burkholderiales","Comamonadaceae",NA,NA
"ASV3948","Bacteria","Pseudomonadota","Gammaproteobacteria","Burkholderiales","Oxalobacteraceae",NA,NA
"ASV3949","Bacteria","Pseudomonadota","Alphaproteobacteria","Rickettsiales","AB1",NA,NA
"ASV3950","Bacteria","Pseudomonadota","Alphaproteobacteria","Hyphomicrobiales","Beijerinckiaceae","Bosea",NA
"ASV3951","Bacteria","Chloroflexota","Chloroflexia","Thermomicrobiales","JG30-KF-CM45",NA,NA
"ASV3952","Bacteria","Bacteroidota","Bacteroidia","Flavobacteriales","Flavobacteriaceae","Flavobacterium","arsenatis"
"ASV3953","Bacteria","Bacteroidota","Bacteroidia","Flavobacteriales","Flavobacteriaceae","Flavobacterium",NA
"ASV3954","Bacteria","Verrucomicrobiota","Verrucomicrobiia","Pedosphaerales","Pedosphaeraceae",NA,NA
"ASV3955","Bacteria","Actinomycetota","Actinobacteria","Micrococcales","Microbacteriaceae","Pseudolysinimonas",NA
"ASV3956","Bacteria","Pseudomonadota","Gammaproteobacteria","Burkholderiales","Alcaligenaceae","Achromobacter",NA
"ASV3957","Bacteria","Pseudomonadota","Gammaproteobacteria","Burkholderiales","Oxalobacteraceae","Massilia",NA
"ASV3958","Bacteria","Actinomycetota","Actinobacteria","Mycobacteriales","Nocardiaceae","Nocardia",NA
"ASV3959","Bacteria","Cyanobacteriota","Cyanobacteriia","Leptolyngbyales","Leptolyngbyaceae","Leptolyngbya PCC-6306",NA
"ASV3960","Bacteria","Pseudomonadota","Alphaproteobacteria","Hyphomicrobiales","Xanthobacteraceae","Rhodopseudomonas",NA
"ASV3961","Bacteria","Pseudomonadota","Gammaproteobacteria","Burkholderiales","Comamonadaceae","Acidovorax",NA
"ASV3962","Bacteria","Pseudomonadota","Gammaproteobacteria","Burkholderiales","Comamonadaceae",NA,NA
"ASV3963","Bacteria","Pseudomonadota","Alphaproteobacteria","Sphingomonadales","Sphingomonadaceae",NA,NA
"ASV3964","Bacteria","Verrucomicrobiota","Verrucomicrobiia","Chthoniobacterales","Chthoniobacteraceae","Chthoniobacter",NA
"ASV3965","Bacteria","Bacillota","Desulfitobacteriia","Desulfitobacteriales","Desulfitobacteriaceae","Desulfosporosinus","orientis"
"ASV3966","Bacteria","Pseudomonadota","Gammaproteobacteria","Burkholderiales","Comamonadaceae","Kinneretia",NA
"ASV3967","Bacteria","Pseudomonadota","Alphaproteobacteria","Hyphomicrobiales","Hyphomicrobiales Incertae Sedis","Bauldia",NA
"ASV3968","Bacteria","Planctomycetota","Phycisphaerae","Tepidisphaerales","CPla-3 termite group",NA,NA
"ASV3969","Bacteria","Pseudomonadota","Alphaproteobacteria","Reyranellales","Reyranellaceae",NA,NA
"ASV3970","Bacteria","Pseudomonadota","Alphaproteobacteria","Hyphomicrobiales","Methylopilaceae","Hansschlegelia",NA
"ASV3971","Bacteria","Pseudomonadota","Gammaproteobacteria",NA,NA,NA,NA
"ASV3972","Bacteria","Bacteroidota","Bacteroidia","Chitinophagales","Chitinophagaceae",NA,NA
"ASV3973","Bacteria","Pseudomonadota","Alphaproteobacteria","Rickettsiales","SM2D12",NA,NA
"ASV3974","Bacteria","Actinomycetota","Acidimicrobiia","Acidimicrobiales","Acidimicrobiaceae",NA,NA
"ASV3975","Bacteria","Acidobacteriota","Acidobacteriae","Terriglobales","Acidobacteriaceae (Subgroup 1)","Granulicella",NA
"ASV3976","Bacteria","Actinomycetota","Actinobacteria","Frankiales","Acidothermaceae","Acidothermus",NA
"ASV3977","Bacteria","Pseudomonadota","Gammaproteobacteria","Burkholderiales","Burkholderiaceae","Burkholderia-Caballeronia-Paraburkholderia",NA
"ASV3978","Bacteria","Pseudomonadota","Alphaproteobacteria","Elsterales",NA,NA,NA
"ASV3979","Bacteria","Actinomycetota","Acidimicrobiia","Acidimicrobiales","Acidimicrobiaceae","Acidiferrimicrobium",NA
"ASV3980","Bacteria","Planctomycetota","Planctomycetes","Isosphaerales","Isosphaeraceae","Singulisphaera",NA
"ASV3981","Bacteria","Pseudomonadota","Alphaproteobacteria","Hyphomicrobiales","KF-JG30-B3",NA,NA
"ASV3982","Bacteria","Pseudomonadota","Alphaproteobacteria","Elsterales","Elsteraceae",NA,NA
"ASV3983","Bacteria","Bacillota","Thermacetogenia","Thermacetogeniales","Thermacetogeniaceae","Syntrophaceticus",NA
"ASV3984","Bacteria","Chlamydiota","Chlamydiia","Chlamydiales","Simkaniaceae",NA,NA
"ASV3985","Bacteria","Actinomycetota","Thermoleophilia","Solirubrobacterales","Solirubrobacteraceae","Baekduia",NA
"ASV3986","Bacteria","Bacillota","Bacilli","Paenibacillales","Paenibacillaceae","Paenibacillus",NA
"ASV3987","Bacteria","Verrucomicrobiota","Verrucomicrobiia","Chthoniobacterales","Terrimicrobiaceae","Terrimicrobium",NA
"ASV3988","Bacteria","Pseudomonadota","Alphaproteobacteria","Sphingomonadales","Sphingomonadaceae","Ellin6055",NA
"ASV3989","Bacteria","Actinomycetota","Actinobacteria","Kitasatosporales","Streptomycetaceae",NA,NA
"ASV3990","Bacteria","Bacillota","Bacilli","Paenibacillales","Paenibacillaceae","Paenibacillus",NA
"ASV3991","Bacteria","Chlamydiota","Chlamydiia","Chlamydiales","cvE6",NA,NA
"ASV3992","Bacteria","Bdellovibrionota","Bdellovibrionia","Bdellovibrionales","Pseudobdellovibrionaceae","Pseudobdellovibrio",NA
"ASV3993","Bacteria","Bdellovibrionota","Bdellovibrionia","Bdellovibrionales","Pseudobdellovibrionaceae",NA,NA
"ASV3994","Bacteria","Pseudomonadota","Alphaproteobacteria","Rickettsiales","Mitochondria",NA,NA
"ASV3995","Bacteria","Pseudomonadota","Gammaproteobacteria","Burkholderiales","Burkholderiaceae","Cupriavidus","metallidurans"
"ASV3996","Bacteria","Bacteroidota","Bacteroidia","Cytophagales","Hymenobacteraceae","Hymenobacter",NA
"ASV3997","Bacteria","Pseudomonadota","Alphaproteobacteria","Hyphomicrobiales","Xanthobacteraceae","Afipia",NA
"ASV3998","Bacteria","Dependentiae","Babeliae","Babeliales","Vermiphilaceae",NA,NA
"ASV3999","Bacteria","Bacillota","Bacilli","Alicyclobacillales","Alicyclobacillaceae","Alicyclobacillus",NA
"ASV4000","Bacteria","Pseudomonadota","Alphaproteobacteria","Paracaedibacterales","Paracaedibacteraceae",NA,NA
"ASV4001","Bacteria","Cyanobacteriota","Sericytochromatia",NA,NA,NA,NA
"ASV4002","Bacteria","Actinomycetota","Actinobacteria","Propionibacteriales","Nocardioidaceae","Nocardioides",NA
"ASV4003","Bacteria","Pseudomonadota","Alphaproteobacteria","Hyphomicrobiales","Rhizobiaceae","Mesorhizobium",NA
"ASV4004","Bacteria","Bdellovibrionota","Bdellovibrionia","Bdellovibrionales","Pseudobdellovibrionaceae","Bdellovibrio",NA
"ASV4005","Bacteria","Patescibacteria","Saccharimonadia","Saccharimonadales",NA,NA,NA
"ASV4006","Bacteria","Pseudomonadota","Gammaproteobacteria","Salinisphaerales","Nevskiaceae","Nevskia",NA
"ASV4007","Bacteria","Pseudomonadota","Alphaproteobacteria","Sphingomonadales","Sphingomonadaceae","Sphingobium",NA
"ASV4008","Bacteria","Pseudomonadota","Gammaproteobacteria","Burkholderiales","Oxalobacteraceae","Noviherbaspirillum",NA
"ASV4009","Bacteria","Bacteroidota","Bacteroidia","Sphingobacteriales","Sphingobacteriaceae","Mucilaginibacter",NA
"ASV4010","Bacteria","Chlamydiota","Chlamydiia","Chlamydiales","Parachlamydiaceae","Candidatus Protochlamydia",NA
"ASV4011","Bacteria","Pseudomonadota","Gammaproteobacteria","Burkholderiales","Oxalobacteraceae","Massilia",NA
"ASV4012","Bacteria","Pseudomonadota","Alphaproteobacteria","Sphingomonadales","Sphingomonadaceae","Sphingopyxis",NA
"ASV4013","Bacteria","Pseudomonadota","Alphaproteobacteria","Caulobacterales","Hyphomonadaceae","Hirschia",NA
"ASV4014","Bacteria","Pseudomonadota","Gammaproteobacteria","Burkholderiales","Comamonadaceae",NA,NA
"ASV4015","Bacteria","Actinomycetota","Actinobacteria","Micrococcales","Microbacteriaceae","Microbacterium",NA
"ASV4016","Bacteria","Pseudomonadota","Alphaproteobacteria","Hyphomicrobiales","Beijerinckiaceae","Methylovirgula",NA
"ASV4017","Bacteria","Pseudomonadota","Alphaproteobacteria","Acetobacterales","Acetobacteraceae","Acidiphilium",NA
"ASV4018","Bacteria","Gemmatimonadota","Longimicrobiia","Longimicrobiales","Longimicrobiaceae",NA,NA
"ASV4019","Bacteria","Pseudomonadota","Gammaproteobacteria","Pseudomonadales","Moraxellaceae","Cavicella",NA
"ASV4020","Bacteria","Bacillota","Bacilli","Paenibacillales","Paenibacillaceae","Paenibacillus",NA
"ASV4021","Bacteria","Pseudomonadota","Gammaproteobacteria","Burkholderiales","Neisseriaceae",NA,NA
"ASV4022","Bacteria","Chlamydiota","Chlamydiia","Chlamydiales","Parachlamydiaceae",NA,NA
"ASV4023","Bacteria","Pseudomonadota","Alphaproteobacteria","Hyphomicrobiales","Amb-16S-1323",NA,NA
"ASV4024","Bacteria","Pseudomonadota","Gammaproteobacteria",NA,NA,NA,NA
"ASV4025","Bacteria","Planctomycetota","Planctomycetes","Isosphaerales","Isosphaeraceae",NA,NA
"ASV4026","Bacteria","Pseudomonadota","Alphaproteobacteria","Acetobacterales","Acetobacteraceae",NA,NA
"ASV4027","Bacteria","Actinomycetota","Actinobacteria","Propionibacteriales","Propionibacteriaceae","Luteococcus",NA
"ASV4028","Bacteria","Actinomycetota","Actinobacteria","Propionibacteriales","Nocardioidaceae","Nocardioides",NA
"ASV4029","Bacteria","Planctomycetota","Planctomycetes","Gemmatales","Gemmataceae",NA,NA
"ASV4030","Bacteria","Myxococcota","Myxococcia","Myxococcales","Anaeromyxobacteraceae","Anaeromyxobacter",NA
"ASV4031","Bacteria","Pseudomonadota","Alphaproteobacteria","Hyphomicrobiales","Rhizobiaceae","Pseudaminobacter",NA
"ASV4032","Bacteria","Pseudomonadota","Alphaproteobacteria","Paracaedibacterales","Paracaedibacteraceae","Candidatus Finniella",NA
"ASV4033","Bacteria","Bacteroidota","Bacteroidia","Flavobacteriales","Crocinitomicaceae","Fluviicola",NA
"ASV4034","Bacteria","Hydrogenedentes","Hydrogenedentia","Hydrogenedentiales","Hydrogenedensaceae",NA,NA
"ASV4035","Bacteria","Actinomycetota","Acidimicrobiia","Microtrichales","Ilumatobacteraceae",NA,NA
"ASV4036","Bacteria","Acidobacteriota","Acidobacteriae","Solibacterales","Solibacteraceae","Candidatus Solibacter",NA
"ASV4037","Bacteria","Planctomycetota","Planctomycetes","Isosphaerales","Isosphaeraceae","Tautonia",NA
"ASV4038","Bacteria","Verrucomicrobiota","Verrucomicrobiia","Pedosphaerales","Pedosphaeraceae",NA,NA
"ASV4039","Bacteria","Pseudomonadota","Alphaproteobacteria","Rhodospirillales",NA,NA,NA
"ASV4040","Bacteria","Bdellovibrionota","Oligoflexia","0319-6G20",NA,NA,NA
"ASV4041","Bacteria","Pseudomonadota","Alphaproteobacteria","Caulobacterales","Caulobacteraceae",NA,NA
"ASV4042","Bacteria","Planctomycetota","Planctomycetes","Pirellulales","Pirellulaceae","Pirellula",NA
"ASV4043","Bacteria","Pseudomonadota","Alphaproteobacteria","Reyranellales","Reyranellaceae","Reyranella",NA
"ASV4044","Bacteria","Pseudomonadota","Alphaproteobacteria","Micavibrionales",NA,NA,NA
"ASV4045","Bacteria","Pseudomonadota","Gammaproteobacteria","Burkholderiales","Neisseriaceae",NA,NA
"ASV4046","Bacteria",NA,NA,NA,NA,NA,NA
"ASV4047","Bacteria","Cyanobacteriota","Cyanobacteriia","Chloroplast",NA,NA,NA
"ASV4048","Bacteria","Planctomycetota","Phycisphaerae","Tepidisphaerales","WD2101 soil group",NA,NA
"ASV4049","Bacteria","Pseudomonadota","Alphaproteobacteria","Micavibrionales",NA,NA,NA
"ASV4050","Bacteria","Bacteroidota","Bacteroidia","Chitinophagales","Chitinophagaceae",NA,NA
"ASV4051","Bacteria","Bacteroidota","Bacteroidia","Chitinophagales","Saprospiraceae","Phaeodactylibacter",NA
"ASV4052","Bacteria","Pseudomonadota","Alphaproteobacteria","Rickettsiales","SM2D12",NA,NA
"ASV4053","Bacteria","Gemmatimonadota","Gemmatimonadia","Gemmatimonadales","Gemmatimonadaceae",NA,NA
"ASV4054","Bacteria","Pseudomonadota","Alphaproteobacteria","Hyphomicrobiales","Devosiaceae",NA,NA
"ASV4055","Bacteria","Bacteroidota","Bacteroidia","Flavobacteriales","Flavobacteriaceae","Flavobacterium",NA
"ASV4056","Bacteria","Pseudomonadota","Gammaproteobacteria",NA,NA,NA,NA
"ASV4057","Bacteria","Planctomycetota","Planctomycetes","Isosphaerales","Isosphaeraceae",NA,NA
"ASV4058","Bacteria","Bacteroidota","Bacteroidia","Flavobacteriales","Flavobacteriaceae","Flavobacterium",NA
"ASV4059","Bacteria",NA,NA,NA,NA,NA,NA
"ASV4060","Bacteria","Pseudomonadota","Alphaproteobacteria","Caulobacterales","Caulobacteraceae","Asticcacaulis",NA
"ASV4061","Bacteria","Bacteroidota","Bacteroidia","Flavobacteriales","Flavobacteriaceae","Flavobacterium",NA
"ASV4062","Bacteria","Pseudomonadota","Alphaproteobacteria","Dongiales","Dongiaceae","Dongia",NA
"ASV4063","Bacteria","Pseudomonadota","Alphaproteobacteria","Rickettsiales","Rickettsiaceae",NA,NA
"ASV4064","Bacteria","Pseudomonadota","Alphaproteobacteria",NA,NA,NA,NA
"ASV4065","Bacteria","Bacteroidota","Bacteroidia","Chitinophagales","Chitinophagaceae","Sediminibacterium",NA
"ASV4066","Bacteria","Patescibacteria","Saccharimonadia","Saccharimonadales","LWQ8",NA,NA
"ASV4067","Bacteria","Planctomycetota","Phycisphaerae","Tepidisphaerales","WD2101 soil group",NA,NA
"ASV4068","Bacteria","Actinomycetota","Actinobacteria","Mycobacteriales","Nocardiaceae","Rhodococcus",NA
"ASV4069","Bacteria","Dependentiae","Babeliae","Babeliales","Vermiphilaceae",NA,NA
"ASV4070","Bacteria","Pseudomonadota","Gammaproteobacteria","Burkholderiales","Comamonadaceae","Hydrogenophaga",NA
"ASV4071","Bacteria","Pseudomonadota","Alphaproteobacteria","Sphingomonadales","Sphingomonadaceae","Qinpengyuania",NA
"ASV4072","Bacteria","Pseudomonadota","Alphaproteobacteria","Rickettsiales","Mitochondria",NA,NA
"ASV4073","Bacteria","Bacteroidota","Bacteroidia","Sphingobacteriales","KD3-93",NA,NA
"ASV4074","Bacteria","Actinomycetota","Actinobacteria","Micromonosporales","Micromonosporaceae",NA,NA
"ASV4075","Bacteria","Pseudomonadota","Gammaproteobacteria","Pseudomonadales","Moraxellaceae","Alkanindiges",NA
"ASV4076","Bacteria","Pseudomonadota","Gammaproteobacteria","Burkholderiales","Rhodocyclaceae","Azovibrio",NA
"ASV4077","Bacteria","Pseudomonadota","Gammaproteobacteria","Burkholderiales","Comamonadaceae","Curvibacter",NA
"ASV4078","Bacteria","Verrucomicrobiota","Verrucomicrobiia","Opitutales","Opitutaceae","Oleiharenicola",NA
"ASV4079","Bacteria","Pseudomonadota","Alphaproteobacteria","Rickettsiales",NA,NA,NA
"ASV4080","Bacteria","Pseudomonadota","Gammaproteobacteria","Legionellales","Legionellaceae","Legionella",NA
"ASV4081","Bacteria","Pseudomonadota","Alphaproteobacteria",NA,NA,NA,NA
"ASV4082","Bacteria","Planctomycetota","Phycisphaerae","Tepidisphaerales","WD2101 soil group",NA,NA
"ASV4083","Bacteria","Myxococcota","Polyangiia","Polyangiales","Sandaracinaceae",NA,NA
"ASV4084","Bacteria","Chlamydiota","Chlamydiia","Chlamydiales","Simkaniaceae","Candidatus Fritschea",NA
"ASV4085","Bacteria",NA,NA,NA,NA,NA,NA
"ASV4086","Bacteria","Patescibacteria","Saccharimonadia","Saccharimonadales","Saccharimonadaceae","TM7a",NA
"ASV4087","Bacteria","Bacillota","Bacilli","Alicyclobacillales","Alicyclobacillaceae","Alicyclobacillus","acidoterrestris"
"ASV4088","Bacteria","Pseudomonadota","Gammaproteobacteria","Burkholderiales","Comamonadaceae",NA,NA
"ASV4089","Bacteria","Pseudomonadota","Alphaproteobacteria","Rhodospirillales",NA,NA,NA
"ASV4090","Bacteria","Pseudomonadota","Alphaproteobacteria","Hyphomicrobiales","Rhizobiaceae","Pseudaminobacter",NA
"ASV4091","Bacteria","Pseudomonadota","Alphaproteobacteria","Hyphomicrobiales","Devosiaceae","Arsenicitalea",NA
"ASV4092","Bacteria","Pseudomonadota","Alphaproteobacteria","Hyphomicrobiales","Xanthobacteraceae","Starkeya",NA
"ASV4093","Bacteria","Actinomycetota","Actinobacteria","Micrococcales","Microbacteriaceae",NA,NA
"ASV4094","Bacteria","Pseudomonadota","Alphaproteobacteria","Hyphomicrobiales","Rhizobiaceae","Paramesorhizobium",NA
"ASV4095","Bacteria","Pseudomonadota","Gammaproteobacteria","Lysobacterales","Rhodanobacteraceae","Dyella",NA
"ASV4096","Bacteria","Cyanobacteriota","Cyanobacteriia","Chloroplast",NA,NA,NA
"ASV4097","Bacteria","Pseudomonadota","Gammaproteobacteria","Lysobacterales","Lysobacteraceae","Lysobacter",NA
"ASV4098","Bacteria","Pseudomonadota","Alphaproteobacteria","Azospirillales","Inquilinaceae","Inquilinus",NA
"ASV4099","Bacteria","Sumerlaeota","Sumerlaeia","Sumerlaeales","Sumerlaeaceae","Sumerlaea",NA
"ASV4100","Bacteria","Pseudomonadota","Alphaproteobacteria","Rhodospirillales","Magnetospirillaceae",NA,NA
"ASV4101","Bacteria","Bacteroidota","Bacteroidia","Sphingobacteriales","env.OPS 17",NA,NA
"ASV4102","Bacteria","Gemmatimonadota","S0134 terrestrial group",NA,NA,NA,NA
"ASV4103","Bacteria","Pseudomonadota","Alphaproteobacteria","Hyphomicrobiales","KF-JG30-B3",NA,NA
"ASV4104","Bacteria","Pseudomonadota","Alphaproteobacteria","Hyphomicrobiales","Xanthobacteraceae","Rhodoplanes",NA
"ASV4105","Bacteria","Patescibacteria","Saccharimonadia","Saccharimonadales",NA,NA,NA
"ASV4106","Bacteria","Pseudomonadota","Alphaproteobacteria","Rickettsiales","Mitochondria",NA,NA
"ASV4107","Bacteria","Bacteroidota","Bacteroidia","Chitinophagales","37-13",NA,NA
"ASV4108","Bacteria","Patescibacteria","Parcubacteria","Candidatus Nomurabacteria",NA,NA,NA
"ASV4109","Bacteria","Actinomycetota","Actinobacteria","Frankiales","Frankiaceae","Jatrophihabitans",NA
"ASV4110","Bacteria","Bacillota","Bacilli","Paenibacillales","Paenibacillaceae","Cohnella",NA
"ASV4111","Bacteria","Chloroflexota","TK10",NA,NA,NA,NA
"ASV4112","Bacteria","Patescibacteria","Parcubacteria","Candidatus Nomurabacteria",NA,NA,NA
"ASV4113","Bacteria","Verrucomicrobiota","Verrucomicrobiia","Chthoniobacterales","Terrimicrobiaceae","Terrimicrobium",NA
"ASV4114","Bacteria","Cyanobacteriota","Cyanobacteriia","Chloroplast",NA,NA,NA
"ASV4115","Bacteria","Patescibacteria","Parcubacteria",NA,NA,NA,NA
"ASV4116","Bacteria","Pseudomonadota","Gammaproteobacteria","Rickettsiellales","Rickettsiellaceae",NA,NA
"ASV4117","Bacteria","Planctomycetota","Planctomycetes","Pirellulales","Pirellulaceae",NA,NA
"ASV4118","Bacteria","Bdellovibrionota","Bdellovibrionia","Bdellovibrionales","Pseudobdellovibrionaceae","Bdellovibrio",NA
"ASV4119","Bacteria","Pseudomonadota","Gammaproteobacteria","Rickettsiellales","Rickettsiellaceae",NA,NA
"ASV4120","Bacteria","Pseudomonadota","Alphaproteobacteria","Micropepsales","Micropepsaceae",NA,NA
"ASV4121","Bacteria","Pseudomonadota","Gammaproteobacteria","Legionellales","Legionellaceae","Legionella",NA
"ASV4122","Bacteria","Bacteroidota","Bacteroidia","Sphingobacteriales","env.OPS 17",NA,NA
"ASV4123","Archaea","Nanoarchaeota","Nanoarchaeia","Woesearchaeales",NA,NA,NA
"ASV4124","Bacteria","Pseudomonadota","Alphaproteobacteria","Micropepsales","Micropepsaceae",NA,NA
"ASV4125","Bacteria","Pseudomonadota","Alphaproteobacteria","Hyphomicrobiales","Beijerinckiaceae","Bosea",NA
"ASV4126","Bacteria","Actinomycetota","Actinobacteria","Propionibacteriales","Nocardioidaceae","Aeromicrobium",NA
"ASV4127","Bacteria","Dependentiae","Babeliae","Babeliales","Babeliaceae",NA,NA
"ASV4128","Bacteria","Pseudomonadota","Gammaproteobacteria","Lysobacterales","Lysobacteraceae","Stenotrophomonas","maltophilia"
"ASV4129","Bacteria","Pseudomonadota","Gammaproteobacteria","Pseudomonadales","Halomonadaceae","Halomonas",NA
"ASV4130","Bacteria","Planctomycetota","vadinHA49",NA,NA,NA,NA
"ASV4131","Bacteria","Patescibacteria","Saccharimonadia","Saccharimonadales","Saccharimonadaceae",NA,NA
"ASV4132","Bacteria","Bacteroidota","Bacteroidia","Chitinophagales","Chitinophagaceae","Panacibacter","ginsenosidivorans"
"ASV4133","Bacteria","Pseudomonadota","Alphaproteobacteria","Rickettsiales","Rickettsiaceae",NA,NA
"ASV4134","Bacteria","Pseudomonadota","Gammaproteobacteria","Rickettsiellales","Rickettsiellaceae",NA,NA
"ASV4135","Bacteria","Bacteroidota","Bacteroidia","Flavobacteriales","Flavobacteriaceae","Flavobacterium",NA
"ASV4136","Bacteria","Cyanobacteriota","Cyanobacteriia","Chloroplast",NA,NA,NA
"ASV4137","Bacteria","Pseudomonadota","Gammaproteobacteria","Salinisphaerales","Nevskiaceae","Nevskia",NA
"ASV4138","Bacteria","Pseudomonadota","Gammaproteobacteria","Burkholderiales","Alcaligenaceae","Advenella",NA
"ASV4139","Bacteria","Pseudomonadota","Alphaproteobacteria","Acetobacterales","Acetobacteraceae","Acidicaldus",NA
"ASV4140","Bacteria","Verrucomicrobiota","Verrucomicrobiia","Pedosphaerales","Pedosphaeraceae",NA,NA
"ASV4141","Bacteria","Pseudomonadota","Gammaproteobacteria","Burkholderiales","Alcaligenaceae","Candidimonas",NA
"ASV4142","Bacteria","Pseudomonadota","Gammaproteobacteria","Burkholderiales","Comamonadaceae",NA,NA
"ASV4143","Bacteria","Pseudomonadota","Alphaproteobacteria","Sphingomonadales","Sphingomonadaceae","Sphingobium",NA
"ASV4144","Bacteria","Pseudomonadota","Alphaproteobacteria","Rickettsiales","Mitochondria",NA,NA
"ASV4145","Bacteria","Pseudomonadota","Gammaproteobacteria","Lysobacterales","Rhodanobacteraceae","Rhodanobacter",NA
"ASV4146","Bacteria","Acidobacteriota","Acidobacteriae","Terriglobales","Acidobacteriaceae (Subgroup 1)",NA,NA
"ASV4147","Bacteria","Actinomycetota","Thermoleophilia","Solirubrobacterales","67-14",NA,NA
"ASV4148","Bacteria","Gemmatimonadota","Gemmatimonadia","Gemmatimonadales","Gemmatimonadaceae","Gemmatimonas",NA
"ASV4149","Bacteria","Bdellovibrionota","Oligoflexia","0319-6G20",NA,NA,NA
"ASV4150","Bacteria","Bacillota","Bacilli","Paenibacillales","Paenibacillaceae","Cohnella",NA
"ASV4151","Bacteria","Gemmatimonadota","Gemmatimonadia","Gemmatimonadales","Gemmatimonadaceae","Gemmatimonas",NA
"ASV4152","Bacteria","Chlamydiota","Chlamydiia","Chlamydiales","cvE6",NA,NA
"ASV4153","Bacteria","Pseudomonadota","Alphaproteobacteria","Sphingomonadales","Sphingomonadaceae","Sphingomonas","polyaromaticivorans"
"ASV4154","Bacteria","Planctomycetota","Phycisphaerae","Tepidisphaerales","WD2101 soil group",NA,NA
"ASV4155","Bacteria","Bacteroidota","Bacteroidia","Sphingobacteriales","NS11-12 marine group",NA,NA
"ASV4156","Bacteria","Bdellovibrionota","Oligoflexia","Oligoflexales","Oligoflexaceae","Oligoflexus",NA
"ASV4157","Bacteria","Actinomycetota","Acidimicrobiia","Microtrichales","Ilumatobacteraceae","CL500-29 marine group",NA
"ASV4158","Bacteria","Bacillota","Bacilli","Mycoplasmatales","Mycoplasmataceae","Entomoplasma",NA
"ASV4159","Bacteria","Pseudomonadota","Alphaproteobacteria","Azospirillales","Azospirillaceae",NA,NA
"ASV4160","Bacteria","Pseudomonadota","Alphaproteobacteria","Rickettsiales","SM2D12",NA,NA
"ASV4161","Bacteria","Actinomycetota","Actinobacteria","Streptosporangiales","Thermomonosporaceae",NA,NA
"ASV4162","Bacteria","Pseudomonadota","Alphaproteobacteria",NA,NA,NA,NA
"ASV4163","Bacteria","Bacteroidota","Bacteroidia","Chitinophagales","Chitinophagaceae",NA,NA
"ASV4164","Bacteria","Pseudomonadota","Gammaproteobacteria","Burkholderiales","Burkholderiaceae","Burkholderia-Caballeronia-Paraburkholderia",NA
"ASV4165","Bacteria","Pseudomonadota","Alphaproteobacteria","Rickettsiales","Mitochondria",NA,NA
"ASV4166","Bacteria","Bacteroidota","Bacteroidia","Sphingobacteriales","Sphingobacteriaceae","Arcticibacter",NA
"ASV4167","Bacteria","Chloroflexota","Chloroflexia","Thermomicrobiales","JG30-KF-CM45",NA,NA
"ASV4168","Bacteria","Pseudomonadota","Alphaproteobacteria","Azospirillales","Azospirillaceae",NA,NA
"ASV4169","Bacteria","Pseudomonadota","Alphaproteobacteria","Rhodospirillales",NA,NA,NA
"ASV4170","Bacteria","Bacillota","Bacilli","Alicyclobacillales","Alicyclobacillaceae","Alicyclobacillus",NA
"ASV4171","Bacteria","Pseudomonadota","Alphaproteobacteria","Rickettsiales","Midichloriaceae","Candidatus Jidaibacter",NA
"ASV4172","Bacteria","Abditibacteriota","Abditibacteriia","Abditibacteriales","Abditibacteriaceae","Abditibacterium",NA
"ASV4173","Bacteria","Actinomycetota","Actinobacteria","Catenulisporales","Actinospicaceae","Actinospica",NA
"ASV4174","Bacteria","Bacteroidota","Bacteroidia","Sphingobacteriales","NS11-12 marine group",NA,NA
"ASV4175","Bacteria","Actinomycetota","Acidimicrobiia","Acidimicrobiales","Acidimicrobiaceae",NA,NA
"ASV4176","Bacteria","Planctomycetota","Planctomycetes","Isosphaerales","Isosphaeraceae","Paludisphaera",NA
"ASV4177","Bacteria","Chlamydiota","Chlamydiia","Chlamydiales","Parachlamydiaceae",NA,NA
"ASV4178","Bacteria","Pseudomonadota","Alphaproteobacteria","Sphingomonadales","Sphingomonadaceae","Sphingomonas",NA
"ASV4179","Bacteria","Patescibacteria","Saccharimonadia","Saccharimonadales","Saccharimonadaceae","TM7a",NA
"ASV4180","Bacteria","Bacillota","Bacilli","Paenibacillales","Paenibacillaceae","Gorillibacterium",NA
"ASV4181","Bacteria","Pseudomonadota","Alphaproteobacteria","Paracaedibacterales","Paracaedibacteraceae",NA,NA
"ASV4182","Bacteria","Patescibacteria","Saccharimonadia","Saccharimonadales",NA,NA,NA
"ASV4183","Bacteria","Armatimonadota",NA,NA,NA,NA,NA
"ASV4184","Bacteria","Actinomycetota","Actinobacteria","Streptosporangiales","Thermomonosporaceae","Actinoallomurus",NA
"ASV4185","Bacteria","Patescibacteria","Saccharimonadia","Saccharimonadales","LWQ8",NA,NA
"ASV4186","Bacteria","Pseudomonadota","Alphaproteobacteria","Hyphomicrobiales","Hyphomicrobiales Incertae Sedis","Bauldia",NA
"ASV4187","Bacteria","Actinomycetota","Actinobacteria",NA,NA,NA,NA
"ASV4188","Bacteria","Planctomycetota","Planctomycetes","Isosphaerales","Isosphaeraceae","Aquisphaera",NA
"ASV4189","Bacteria","Pseudomonadota","Gammaproteobacteria","Lysobacterales","Lysobacteraceae","Stenotrophomonas","maltophilia"
"ASV4190","Bacteria","Actinomycetota","Actinobacteria","Micromonosporales","Micromonosporaceae",NA,NA
"ASV4191","Bacteria","Verrucomicrobiota","Verrucomicrobiia","Chthoniobacterales","Chthoniobacteraceae","Chthoniobacter",NA
"ASV4192","Bacteria","Bacillota","Bacilli","Paenibacillales","Paenibacillaceae","Paenibacillus",NA
"ASV4193","Bacteria","Bdellovibrionota","Bdellovibrionia","Bdellovibrionales","Pseudobdellovibrionaceae","Bdellovibrio",NA
"ASV4194","Bacteria","Pseudomonadota","Gammaproteobacteria","Burkholderiales","Alcaligenaceae","Eoetvoesia",NA
"ASV4195","Bacteria","Actinomycetota","Actinobacteria","Kitasatosporales","Streptomycetaceae","Streptacidiphilus",NA
"ASV4196","Bacteria","Pseudomonadota","Gammaproteobacteria","Lysobacterales","Rhodanobacteraceae","Tahibacter",NA
"ASV4197","Bacteria","Pseudomonadota","Gammaproteobacteria","Burkholderiales","Oxalobacteraceae","Massilia",NA
"ASV4198","Bacteria","Pseudomonadota","Gammaproteobacteria","Legionellales","Legionellaceae","Legionella",NA
"ASV4199","Bacteria","Pseudomonadota","Alphaproteobacteria","Rickettsiales","Rickettsiaceae",NA,NA
"ASV4200","Bacteria","Pseudomonadota","Gammaproteobacteria","Burkholderiales","Comamonadaceae",NA,NA
"ASV4201","Bacteria","Pseudomonadota","Alphaproteobacteria","Hyphomicrobiales","Rhizobiaceae","Shinella",NA
"ASV4202","Bacteria","Verrucomicrobiota","Verrucomicrobiia","Pedosphaerales","Pedosphaeraceae",NA,NA
"ASV4203","Bacteria","Pseudomonadota","Gammaproteobacteria","Lysobacterales","Rhodanobacteraceae","Rhodanobacter",NA
"ASV4204","Bacteria","Planctomycetota","Planctomycetes","Isosphaerales","Isosphaeraceae",NA,NA
"ASV4205","Bacteria","Pseudomonadota","Alphaproteobacteria","Hyphomicrobiales","Beijerinckiaceae","Microvirga",NA
"ASV4206","Bacteria","Pseudomonadota","Alphaproteobacteria","Holosporales","Holosporaceae",NA,NA
"ASV4207","Bacteria","Bdellovibrionota","Oligoflexia","0319-6G20",NA,NA,NA
"ASV4208","Bacteria","Bacteroidota","Bacteroidia","Flavobacteriales","Weeksellaceae","Chryseobacterium","palustre"
"ASV4209","Bacteria","Fibrobacterota","Fibrobacteria","Fibrobacterales","Fibrobacteraceae","possible genus 04",NA
"ASV4210","Bacteria","Pseudomonadota","Alphaproteobacteria","Sphingomonadales","Sphingomonadaceae",NA,NA
"ASV4211","Bacteria","Pseudomonadota","Gammaproteobacteria","Lysobacterales","Lysobacteraceae","Pseudoxanthomonas","humi"
"ASV4212","Bacteria","Dependentiae","Babeliae","Babeliales","Vermiphilaceae",NA,NA
"ASV4213","Bacteria","Abditibacteriota","Abditibacteriia","Abditibacteriales","Abditibacteriaceae","Abditibacterium",NA
"ASV4214","Bacteria","Bacteroidota","Bacteroidia","Chitinophagales","Chitinophagaceae","Terrimonas",NA
"ASV4215","Bacteria","Pseudomonadota","Gammaproteobacteria","Ectothiorhodospirales","Thioalkalispiraceae",NA,NA
"ASV4216","Bacteria","Armatimonadota","Fimbriimonadia","Fimbriimonadales","Fimbriimonadaceae","Fimbriimonas",NA
"ASV4217","Bacteria","Actinomycetota","Actinobacteria","Kitasatosporales","Streptomycetaceae","Streptomyces",NA
"ASV4218","Bacteria","Pseudomonadota","Alphaproteobacteria","Rickettsiales","Mitochondria",NA,NA
"ASV4219","Bacteria","Pseudomonadota","Gammaproteobacteria","Rickettsiellales","Rickettsiellaceae","Aquicella",NA
"ASV4220","Bacteria","Pseudomonadota","Alphaproteobacteria","Hyphomicrobiales","Hyphomicrobiales Incertae Sedis","Bauldia",NA
"ASV4221","Bacteria","Verrucomicrobiota","Verrucomicrobiia","Chthoniobacterales","Chthoniobacteraceae","Chthoniobacter",NA
"ASV4222","Bacteria","Pseudomonadota","Alphaproteobacteria","Hyphomicrobiales","Beijerinckiaceae","Rhodoblastus",NA
"ASV4223","Bacteria","Patescibacteria","Parcubacteria",NA,NA,NA,NA
"ASV4224","Bacteria","Verrucomicrobiota","Verrucomicrobiia","Pedosphaerales","Pedosphaeraceae",NA,NA
"ASV4225","Bacteria","Actinomycetota","Actinobacteria","Micrococcales","Cellulomonadaceae","Cellulomonas",NA
"ASV4226","Bacteria","Actinomycetota","Acidimicrobiia","Acidimicrobiales","Acidimicrobiaceae","Acidiferrimicrobium",NA
"ASV4227","Bacteria","Bacillota","Bacilli","Alicyclobacillales","Alicyclobacillaceae","Alicyclobacillus",NA
"ASV4228","Bacteria","Actinomycetota","Actinobacteria","Propionibacteriales","Propionibacteriaceae","Microlunatus",NA
"ASV4229","Bacteria","Cyanobacteriota","Cyanobacteriia","Chloroplast",NA,NA,NA
"ASV4230","Bacteria","Pseudomonadota","Alphaproteobacteria","Micropepsales","Micropepsaceae",NA,NA
"ASV4231","Bacteria","Actinomycetota","Actinobacteria","Micrococcales","Brevibacteriaceae","Brevibacterium",NA
"ASV4232","Bacteria","Pseudomonadota","Alphaproteobacteria","Acetobacterales","Acetobacteraceae","Acidocella",NA
"ASV4233","Bacteria","Candidatus Eremiobacterota","Eremiobacteria",NA,NA,NA,NA
"ASV4234","Bacteria","Actinomycetota","Actinobacteria","Frankiales","Acidothermaceae","Acidothermus",NA
"ASV4235","Bacteria","Pseudomonadota","Alphaproteobacteria","Rickettsiales","Mitochondria",NA,NA
"ASV4236","Bacteria","Bacteroidota","Bacteroidia","Bacteroidales","Bacteroidaceae","Bacteroides",NA
"ASV4237","Bacteria","Bacteroidota","Bacteroidia","Bacteroidales","Bacteroidaceae","Bacteroides","vulgatus"
"ASV4238","Bacteria","Pseudomonadota","Alphaproteobacteria","Acetobacterales","Acetobacteraceae","Rhodovastum",NA
"ASV4239","Bacteria","Chlamydiota","Chlamydiia","Chlamydiales","Simkaniaceae",NA,NA
"ASV4240","Bacteria","Acidobacteriota","Vicinamibacteria","Vicinamibacterales",NA,NA,NA
"ASV4241","Bacteria","Gemmatimonadota","S0134 terrestrial group",NA,NA,NA,NA
"ASV4242","Bacteria","Pseudomonadota","Gammaproteobacteria","Legionellales","Legionellaceae","Legionella",NA
"ASV4243","Bacteria","Pseudomonadota","Alphaproteobacteria","Micavibrionales",NA,NA,NA
"ASV4244","Bacteria","Actinomycetota","Actinobacteria",NA,NA,NA,NA
"ASV4245","Bacteria","Pseudomonadota","Alphaproteobacteria","Caulobacterales","Caulobacteraceae","Caulobacter",NA
"ASV4246","Bacteria","Pseudomonadota","Alphaproteobacteria","Hyphomicrobiales","Hyphomicrobiaceae",NA,NA
"ASV4247","Bacteria","Cyanobacteriota","Cyanobacteriia","Chloroplast",NA,NA,NA
"ASV4248","Bacteria","Cyanobacteriota","Cyanobacteriia","Chloroplast",NA,NA,NA
"ASV4249","Bacteria",NA,NA,NA,NA,NA,NA
"ASV4250","Bacteria","Gemmatimonadota","S0134 terrestrial group",NA,NA,NA,NA
"ASV4251","Bacteria","Pseudomonadota","Gammaproteobacteria","Rickettsiellales","Rickettsiellaceae",NA,NA
"ASV4252","Bacteria","Pseudomonadota","Alphaproteobacteria","Rickettsiales","SM2D12",NA,NA
"ASV4253","Bacteria","Pseudomonadota","Alphaproteobacteria","Rickettsiales","Rickettsiaceae",NA,NA
"ASV4254","Bacteria","Bdellovibrionota","Oligoflexia","0319-6G20",NA,NA,NA
"ASV4255","Bacteria","Bacteroidota","Bacteroidia","Sphingobacteriales","FFCH9454",NA,NA
"ASV4256","Bacteria","Acidobacteriota","Acidobacteriae","Bryobacterales","Bryobacteraceae","Paludibaculum",NA
"ASV4257","Bacteria","Planctomycetota","Planctomycetes","Gemmatales","Gemmataceae","Fimbriiglobus",NA
"ASV4258","Bacteria","Pseudomonadota","Gammaproteobacteria","Salinisphaerales","Nevskiaceae","Fontimonas",NA
"ASV4259","Bacteria","Planctomycetota","Planctomycetes","Isosphaerales","Isosphaeraceae",NA,NA
"ASV4260","Bacteria","Patescibacteria","Saccharimonadia","Saccharimonadales","Saccharimonadaceae","TM7a",NA
"ASV4261","Bacteria","Pseudomonadota","Alphaproteobacteria","Rhodospirillales",NA,NA,NA
"ASV4262","Bacteria","Candidatus Kapabacteria","Kapabacteria","Kapabacteriales",NA,NA,NA
"ASV4263","Bacteria","Bacteroidota","Bacteroidia","Chitinophagales","Chitinophagaceae",NA,NA
"ASV4264","Bacteria","Pseudomonadota","Gammaproteobacteria","Legionellales","Legionellaceae","Legionella",NA
"ASV4265","Bacteria","Pseudomonadota","Alphaproteobacteria","Rickettsiales","Mitochondria",NA,NA
"ASV4266","Bacteria","Bacteroidota","Bacteroidia","Flavobacteriales","Flavobacteriaceae","Flavobacterium",NA
"ASV4267","Bacteria","Pseudomonadota","Alphaproteobacteria","Hyphomicrobiales","Hyphomicrobiales Incertae Sedis","Nordella","oligomobilis"
"ASV4268","Bacteria","Pseudomonadota","Gammaproteobacteria","Burkholderiales","Comamonadaceae","Paucibacter",NA
"ASV4269","Bacteria","Actinomycetota","Actinobacteria","Micrococcales","Microbacteriaceae","Parafrigoribacterium",NA
"ASV4270","Bacteria","Actinomycetota","Actinobacteria","Kitasatosporales","Streptomycetaceae","Streptomyces",NA
"ASV4271","Bacteria","Pseudomonadota","Alphaproteobacteria","Hyphomicrobiales","Rhizobiaceae","Zhengella",NA
"ASV4272","Bacteria","Cyanobacteriota","Cyanobacteriia","Cyanobacteriales","Chroococcidiopsaceae","Gloeocapsa PCC-7428",NA
"ASV4273","Bacteria","Actinomycetota","Acidimicrobiia","Acidimicrobiales","Acidimicrobiaceae",NA,NA
"ASV4274","Bacteria","Actinomycetota","Thermoleophilia","Solirubrobacterales","67-14",NA,NA
"ASV4275","Bacteria","Pseudomonadota","Gammaproteobacteria","Burkholderiales","Oxalobacteraceae",NA,NA
"ASV4276","Bacteria","Pseudomonadota","Alphaproteobacteria","Rickettsiales","Mitochondria",NA,NA
"ASV4277","Bacteria","Bdellovibrionota","Bacteriovoracia","Bacteriovoracales","Bacteriovoracaceae","Bacteriovorax",NA
"ASV4278","Bacteria","Pseudomonadota","Gammaproteobacteria","Lysobacterales","Lysobacteraceae","Thermomonas","brevis"
"ASV4279","Bacteria","Pseudomonadota","Alphaproteobacteria","Rickettsiales","Mitochondria",NA,NA
"ASV4280","Bacteria","Bacteroidota","Bacteroidia","Chitinophagales","Chitinophagaceae","Aurantisolimonas",NA
"ASV4281","Bacteria","Pseudomonadota","Gammaproteobacteria","Pseudomonadales",NA,NA,NA
"ASV4282","Bacteria","Pseudomonadota","Gammaproteobacteria","Rickettsiellales","Rickettsiellaceae",NA,NA
"ASV4283","Bacteria","Pseudomonadota","Alphaproteobacteria","Hyphomicrobiales","Rhizobiaceae",NA,NA
"ASV4284","Bacteria","Actinomycetota","Actinobacteria","Pseudonocardiales","Pseudonocardiaceae",NA,NA
"ASV4285","Bacteria","Pseudomonadota","Gammaproteobacteria","Burkholderiales","Neisseriaceae",NA,NA
"ASV4286","Bacteria","Bacillota","Bacilli","Paenibacillales","Paenibacillaceae","Xylanibacillus",NA
"ASV4287","Bacteria","Bdellovibrionota","Bdellovibrionia","Bdellovibrionales","Pseudobdellovibrionaceae",NA,NA
"ASV4288","Bacteria","Bacteroidota","Bacteroidia","Cytophagales","Cytophagaceae","Sporocytophaga",NA
"ASV4289","Bacteria","Pseudomonadota","Alphaproteobacteria","Puniceispirillales",NA,NA,NA
"ASV4290","Bacteria","Pseudomonadota","Alphaproteobacteria","Rickettsiales","AB1",NA,NA
"ASV4291","Bacteria","Pseudomonadota","Alphaproteobacteria","Rhodospirillales","Magnetospiraceae",NA,NA
"ASV4292","Bacteria","Pseudomonadota","Alphaproteobacteria",NA,NA,NA,NA
"ASV4293","Bacteria","Dependentiae","Babeliae","Babeliales","Babeliaceae",NA,NA
"ASV4294","Bacteria","Bacteroidota","Bacteroidia","Chitinophagales","Chitinophagaceae","Nemorincola",NA
"ASV4295","Bacteria","Pseudomonadota","Alphaproteobacteria","Micavibrionales",NA,NA,NA
"ASV4296","Bacteria","Patescibacteria","Saccharimonadia","Saccharimonadales",NA,NA,NA
"ASV4297","Bacteria","Pseudomonadota","Alphaproteobacteria","Elsterales",NA,NA,NA
"ASV4298","Bacteria","Pseudomonadota","Alphaproteobacteria","Rickettsiales","Mitochondria",NA,NA
"ASV4299","Bacteria","Hydrogenedentes","Hydrogenedentia","Hydrogenedentiales","Hydrogenedensaceae",NA,NA
"ASV4300","Bacteria","Acidobacteriota","Vicinamibacteria","Vicinamibacterales",NA,NA,NA
"ASV4301","Bacteria","Gemmatimonadota","Gemmatimonadia","Gemmatimonadales","Gemmatimonadaceae","Gemmatimonas",NA
"ASV4302","Bacteria","Pseudomonadota","Alphaproteobacteria","Sphingomonadales","Sphingomonadaceae","Sphingomonas",NA
"ASV4303","Bacteria","Pseudomonadota","Alphaproteobacteria","Acetobacterales","Acetobacteraceae","Roseicella",NA
"ASV4304","Bacteria","Planctomycetota","Planctomycetes","Gemmatales","Gemmataceae","Gemmata",NA
"ASV4305","Bacteria","Bacteroidota","Bacteroidia","Flavobacteriales","Flavobacteriaceae","Flavobacterium",NA
"ASV4306","Bacteria","Cyanobacteriota","Sericytochromatia",NA,NA,NA,NA
"ASV4307","Bacteria","Pseudomonadota","Alphaproteobacteria","Rhodospirillales",NA,NA,NA
"ASV4308","Bacteria","Patescibacteria","Berkelbacteria",NA,NA,NA,NA
"ASV4309","Bacteria","Bacteroidota","Bacteroidia","Sphingobacteriales","Sphingobacteriaceae","Mucilaginibacter",NA
"ASV4310","Bacteria","Planctomycetota","Planctomycetes","Isosphaerales","Isosphaeraceae","Singulisphaera",NA
"ASV4311","Bacteria","Actinomycetota","Thermoleophilia","Solirubrobacterales","Solirubrobacteraceae","Conexibacter",NA
"ASV4312","Bacteria","Acidobacteriota","Acidobacteriae","Terriglobales","Acidobacteriaceae (Subgroup 1)","Occallatibacter",NA
"ASV4313","Bacteria","Pseudomonadota","Gammaproteobacteria","Lysobacterales","Rhodanobacteraceae","Dyella",NA
"ASV4314","Bacteria","Pseudomonadota","Alphaproteobacteria","Micropepsales","Micropepsaceae",NA,NA
"ASV4315","Bacteria","Pseudomonadota","Alphaproteobacteria","Parvibaculales","Parvibaculaceae","Parvibaculum",NA
"ASV4316","Bacteria","Pseudomonadota","Alphaproteobacteria","Rhodospirillales","Rhodospirillaceae",NA,NA
"ASV4317","Bacteria","Pseudomonadota","Gammaproteobacteria","Lysobacterales","Rhodanobacteraceae","Dokdonella",NA
"ASV4318","Bacteria","Chloroflexota","Chloroflexia","Thermomicrobiales","JG30-KF-CM45",NA,NA
"ASV4319","Bacteria","Pseudomonadota","Alphaproteobacteria","Rhodospirillales","Rhodospirillaceae",NA,NA
"ASV4320","Bacteria","Actinomycetota","Acidimicrobiia","Microtrichales","Ilumatobacteraceae","CL500-29 marine group",NA
"ASV4321","Bacteria","Pseudomonadota","Gammaproteobacteria","Burkholderiales","Nitrosomonadaceae","Ellin6067",NA
"ASV4322","Bacteria","Pseudomonadota","Alphaproteobacteria","Rickettsiales",NA,NA,NA
"ASV4323","Bacteria","Pseudomonadota","Gammaproteobacteria","Legionellales","Legionellaceae","Legionella",NA
"ASV4324","Bacteria","Pseudomonadota","Alphaproteobacteria","Rickettsiales",NA,NA,NA
"ASV4325","Bacteria","Pseudomonadota","Alphaproteobacteria",NA,NA,NA,NA
"ASV4326","Bacteria","Acidobacteriota","Vicinamibacteria","Vicinamibacterales","Vicinamibacteraceae",NA,NA
"ASV4327","Bacteria","Bdellovibrionota","Oligoflexia","Oligoflexales","Oligoflexaceae",NA,NA
"ASV4328","Bacteria","Patescibacteria","Saccharimonadia","Saccharimonadales",NA,NA,NA
"ASV4329","Bacteria","Patescibacteria","Saccharimonadia","Saccharimonadales","LWQ8",NA,NA
"ASV4330","Bacteria","Pseudomonadota","Gammaproteobacteria","EC3",NA,NA,NA
"ASV4331","Bacteria","Patescibacteria","Parcubacteria","Candidatus Kaiserbacteria",NA,NA,NA
"ASV4332","Bacteria","Pseudomonadota","Gammaproteobacteria","Rickettsiellales","Rickettsiellaceae",NA,NA
"ASV4333","Bacteria","Pseudomonadota","Alphaproteobacteria","Hyphomicrobiales","Hyphomicrobiales Incertae Sedis","Bauldia",NA
"ASV4334","Bacteria","Pseudomonadota","Gammaproteobacteria","Rickettsiellales","Rickettsiellaceae",NA,NA
"ASV4335","Bacteria","Pseudomonadota","Gammaproteobacteria","Gammaproteobacteria Incertae Sedis","Unknown Family","Candidatus Berkiella",NA
"ASV4336","Bacteria","Patescibacteria","Parcubacteria",NA,NA,NA,NA
"ASV4337","Bacteria","Planctomycetota","Planctomycetes","Isosphaerales","Isosphaeraceae","Aquisphaera",NA
"ASV4338","Bacteria","Pseudomonadota","Alphaproteobacteria","Paracaedibacterales","Paracaedibacteraceae",NA,NA
"ASV4339","Bacteria","Abditibacteriota","Abditibacteriia","Abditibacteriales","Abditibacteriaceae","Abditibacterium",NA
"ASV4340","Bacteria","Armatimonadota",NA,NA,NA,NA,NA
"ASV4341","Bacteria","Bacteroidota","Bacteroidia","Flavobacteriales","Flavobacteriaceae","Flavobacterium",NA
"ASV4342","Bacteria","Bacillota","Clostridia",NA,NA,NA,NA
"ASV4343","Bacteria","Verrucomicrobiota","Verrucomicrobiia","Pedosphaerales","Pedosphaeraceae",NA,NA
"ASV4344","Bacteria","Actinomycetota","Thermoleophilia","Solirubrobacterales","Solirubrobacteraceae","Conexibacter",NA
"ASV4345","Bacteria","Pseudomonadota","Alphaproteobacteria","Holosporales","Holosporaceae",NA,NA
"ASV4346","Bacteria","Pseudomonadota","Alphaproteobacteria","Sphingomonadales","Sphingomonadaceae",NA,NA
"ASV4347","Bacteria","Bacteroidota","Bacteroidia","Cytophagales","Spirosomataceae","Dyadobacter",NA
"ASV4348","Bacteria","Dependentiae","Babeliae","Babeliales","Incertae Sedis","UBA12409",NA
"ASV4349","Bacteria","Bacillota","Bacilli","Paenibacillales","Paenibacillaceae","Saccharibacillus",NA
"ASV4350","Bacteria","Actinomycetota","Thermoleophilia","Gaiellales",NA,NA,NA
"ASV4351","Bacteria","Pseudomonadota","Alphaproteobacteria","Caulobacterales","Caulobacteraceae","Brevundimonas",NA
"ASV4352","Bacteria","Pseudomonadota","Gammaproteobacteria","Burkholderiales","Rhodocyclaceae",NA,NA
"ASV4353","Bacteria","Bacillota","Bacilli","Paenibacillales","Paenibacillaceae","Paenibacillus","cookii"
"ASV4354","Bacteria","Bacteroidota","Bacteroidia","Sphingobacteriales","Sphingobacteriaceae","Olivibacter",NA
"ASV4355","Bacteria","Actinomycetota","Thermoleophilia","Solirubrobacterales","Solirubrobacteraceae","Conexibacter",NA
"ASV4356","Bacteria","Pseudomonadota","Alphaproteobacteria","Hyphomicrobiales","Rhizobiaceae","Aminobacter",NA
"ASV4357","Bacteria","Bacteroidota","Bacteroidia","Sphingobacteriales","Sphingobacteriaceae","Sphingobacterium",NA
"ASV4358","Bacteria","Pseudomonadota","Gammaproteobacteria","Lysobacterales","Rhodanobacteraceae","Chujaibacter",NA
"ASV4359","Bacteria","Dependentiae","Babeliae","Babeliales",NA,NA,NA
"ASV4360","Bacteria","Planctomycetota","Phycisphaerae","Tepidisphaerales","WD2101 soil group",NA,NA
"ASV4361","Bacteria","Pseudomonadota","Gammaproteobacteria","Burkholderiales","Comamonadaceae",NA,NA
"ASV4362","Bacteria","Verrucomicrobiota","Verrucomicrobiia","Opitutales","Opitutaceae","Opitutus",NA
"ASV4363","Bacteria","Bacteroidota","Bacteroidia","Chitinophagales","Chitinophagaceae","Segetibacter",NA
"ASV4364","Bacteria","Pseudomonadota","Alphaproteobacteria","Hyphomicrobiales","Hyphomicrobiales Incertae Sedis","Bauldia",NA
"ASV4365","Bacteria","Pseudomonadota","Alphaproteobacteria","Acetobacterales","Acetobacteraceae",NA,NA
"ASV4366","Bacteria","Pseudomonadota","Gammaproteobacteria","Legionellales","Legionellaceae","Legionella",NA
"ASV4367","Bacteria","Pseudomonadota","Gammaproteobacteria","Burkholderiales","Nitrosomonadaceae","MND1",NA
"ASV4368","Bacteria","Abditibacteriota","Abditibacteriia","Abditibacteriales","Abditibacteriaceae","Abditibacterium",NA
"ASV4369","Bacteria","Patescibacteria","Parcubacteria",NA,NA,NA,NA
"ASV4370","Bacteria","Bdellovibrionota","Oligoflexia","Silvanigrellales","Silvanigrellaceae",NA,NA
"ASV4371","Bacteria","Pseudomonadota","Alphaproteobacteria","Acetobacterales","Acetobacteraceae","Acidocella",NA
"ASV4372","Bacteria","Pseudomonadota","Alphaproteobacteria","Hyphomicrobiales","Rhizobiaceae","Pseudaminobacter",NA
"ASV4373","Bacteria","Pseudomonadota","Gammaproteobacteria","Legionellales","Legionellaceae","Legionella",NA
"ASV4374","Bacteria","Pseudomonadota","Gammaproteobacteria","Rickettsiellales","Rickettsiellaceae",NA,NA
"ASV4375","Bacteria","Bacteroidota","Bacteroidia","Sphingobacteriales","Sphingobacteriaceae","Arcticibacter",NA
"ASV4376","Bacteria","Pseudomonadota","Alphaproteobacteria","Acetobacterales","Acetobacteraceae","Rhodovastum",NA
"ASV4377","Bacteria","Actinomycetota","Acidimicrobiia","Microtrichales","Ilumatobacteraceae","CL500-29 marine group",NA
"ASV4378","Bacteria","Pseudomonadota","Alphaproteobacteria","Hyphomicrobiales","Xanthobacteraceae",NA,NA
"ASV4379","Bacteria","Pseudomonadota","Alphaproteobacteria","Rhodospirillales","Magnetospiraceae",NA,NA
"ASV4380","Bacteria","Cyanobacteriota","Vampirivibrionia","Vampirovibrionales","Vampirovibrionaceae",NA,NA
"ASV4381","Bacteria","Pseudomonadota","Alphaproteobacteria","Elsterales",NA,NA,NA
"ASV4382","Bacteria","Pseudomonadota","Alphaproteobacteria","Micavibrionales","Micavibrionaceae",NA,NA
"ASV4383","Bacteria","Bdellovibrionota","Oligoflexia","Oligoflexales","Oligoflexaceae",NA,NA
"ASV4384","Bacteria","Pseudomonadota","Alphaproteobacteria","Rhodospirillales",NA,NA,NA
"ASV4385","Bacteria","Pseudomonadota","Alphaproteobacteria","Rickettsiales","Mitochondria",NA,NA
"ASV4386","Bacteria","Bacillota","Bacilli","Paenibacillales","Paenibacillaceae","Paenibacillus",NA
"ASV4387","Bacteria","Bacteroidota","Bacteroidia","Chitinophagales","Chitinophagaceae","Sediminibacterium","aquarii"
"ASV4388","Bacteria","Verrucomicrobiota","Verrucomicrobiia","Opitutales","Opitutaceae","Oleiharenicola",NA
"ASV4389","Bacteria","Bdellovibrionota","Bacteriovoracia","Bacteriovoracales","Bacteriovoracaceae","Peredibacter",NA
"ASV4390","Bacteria","Pseudomonadota","Alphaproteobacteria","Rhodospirillales",NA,NA,NA
"ASV4391","Bacteria","Bacteroidota","Bacteroidia","Chitinophagales","Chitinophagaceae","Niastella","koreensis"
"ASV4392","Bacteria","Myxococcota","Polyangiia","Polyangiales","Sandaracinaceae",NA,NA
"ASV4393","Bacteria","Patescibacteria","Parcubacteria","Candidatus Kaiserbacteria",NA,NA,NA
"ASV4394","Bacteria","Bacillota","Thermacetogenia","Thermacetogeniales","Thermacetogeniaceae",NA,NA
"ASV4395","Bacteria","Pseudomonadota","Gammaproteobacteria",NA,NA,NA,NA
"ASV4396","Bacteria","Bacillota","Bacilli","Paenibacillales","Paenibacillaceae","Paenibacillus","aestuarii"
"ASV4397","Bacteria","Bdellovibrionota","Bacteriovoracia","Bacteriovoracales","Bacteriovoracaceae","Peredibacter",NA
"ASV4398","Bacteria","Chloroflexota",NA,NA,NA,NA,NA
"ASV4399","Bacteria","Bacillota","Bacilli","Paenibacillales","Paenibacillaceae",NA,NA
"ASV4400","Bacteria","Pseudomonadota","Alphaproteobacteria","Hyphomicrobiales","Beijerinckiaceae","Roseiarcus",NA
"ASV4401","Bacteria","Actinomycetota","Actinobacteria","Micrococcales","Microbacteriaceae","Leifsonia",NA
"ASV4402","Bacteria","Patescibacteria","Parcubacteria","Candidatus Kaiserbacteria",NA,NA,NA
"ASV4403","Bacteria","Patescibacteria","Berkelbacteria",NA,NA,NA,NA
"ASV4404","Bacteria","Pseudomonadota","Alphaproteobacteria","Rhodobacterales","Paracoccaceae","Rubellimicrobium",NA
"ASV4405","Bacteria","Actinomycetota","Actinobacteria","Micrococcales","Microbacteriaceae","Microbacterium","foliorum"
"ASV4406","Bacteria","Bacteroidota","Bacteroidia","Flavobacteriales","Flavobacteriaceae","Flavobacterium","hibisci"
"ASV4407","Bacteria","Pseudomonadota","Alphaproteobacteria","Hyphomicrobiales","Rhizobiaceae",NA,NA
"ASV4408","Bacteria","Pseudomonadota","Alphaproteobacteria","Sphingomonadales","Sphingomonadaceae","Sphingomonas",NA
"ASV4409","Bacteria","Pseudomonadota","Alphaproteobacteria","Sphingomonadales","Sphingomonadaceae","Croceibacterium",NA
"ASV4410","Bacteria","Pseudomonadota","Gammaproteobacteria","Pseudomonadales","Pseudomonadaceae","Pseudomonas",NA
"ASV4411","Bacteria","Pseudomonadota","Alphaproteobacteria","Micavibrionales",NA,NA,NA
"ASV4412","Bacteria","Bdellovibrionota","Oligoflexia","Silvanigrellales","Silvanigrellaceae",NA,NA
"ASV4413","Bacteria","Chlamydiota","Chlamydiia","Chlamydiales","Simkaniaceae",NA,NA
"ASV4414","Bacteria","Pseudomonadota","Gammaproteobacteria","Burkholderiales","Rhodocyclaceae","Dechloromonas",NA
"ASV4415","Bacteria","Pseudomonadota","Alphaproteobacteria","Rickettsiales","Mitochondria",NA,NA
"ASV4416","Bacteria","Pseudomonadota","Alphaproteobacteria",NA,NA,NA,NA
"ASV4417","Bacteria","Pseudomonadota","Gammaproteobacteria","Burkholderiales","Oxalobacteraceae","Massilia",NA
"ASV4418","Bacteria","Bacteroidota","Bacteroidia","Flavobacteriales","Crocinitomicaceae","Fluviicola",NA
"ASV4419","Bacteria","Bdellovibrionota","Bacteriovoracia","Bacteriovoracales","Bacteriovoracaceae","Peredibacter",NA
"ASV4420","Bacteria","Pseudomonadota","Alphaproteobacteria","Sphingomonadales","Sphingomonadaceae","Sphingopyxis",NA
"ASV4421","Bacteria","Bacillota","Bacilli","Brevibacillales","Brevibacillaceae","Brevibacillus",NA
"ASV4422","Bacteria","Pseudomonadota","Alphaproteobacteria","Rickettsiales","Rickettsiaceae",NA,NA
"ASV4423","Bacteria","Pseudomonadota","Gammaproteobacteria","Burkholderiales","Comamonadaceae","Aquabacterium",NA
"ASV4424","Bacteria","Pseudomonadota","Gammaproteobacteria","Burkholderiales","Comamonadaceae",NA,NA
"ASV4425","Bacteria","Pseudomonadota","Gammaproteobacteria","Burkholderiales","Comamonadaceae","Inhella",NA
"ASV4426","Bacteria","Pseudomonadota","Alphaproteobacteria","Hyphomicrobiales","Rhizobiaceae",NA,NA
"ASV4427","Bacteria","Bacteroidota","Bacteroidia","Sphingobacteriales","Sphingobacteriaceae","Arcticibacter",NA
"ASV4428","Bacteria","Actinomycetota","Actinobacteria","Micrococcales",NA,NA,NA
"ASV4429","Bacteria","Planctomycetota","Planctomycetes","Planctomycetales",NA,NA,NA
"ASV4430","Bacteria","Patescibacteria","Saccharimonadia","Saccharimonadales",NA,NA,NA
"ASV4431","Bacteria","Pseudomonadota","Alphaproteobacteria","Rickettsiales","Mitochondria",NA,NA
"ASV4432","Bacteria","Pseudomonadota","Gammaproteobacteria",NA,NA,NA,NA
"ASV4433","Bacteria","Pseudomonadota","Gammaproteobacteria",NA,NA,NA,NA
"ASV4434","Bacteria","Planctomycetota","BD7-11",NA,NA,NA,NA
"ASV4435","Bacteria","Acidobacteriota","Acidobacteriae","Solibacterales","Solibacteraceae","Candidatus Solibacter",NA
"ASV4436","Bacteria","Pseudomonadota","Alphaproteobacteria","Rhodospirillales",NA,NA,NA
"ASV4437","Bacteria","Pseudomonadota","Gammaproteobacteria","Burkholderiales","Comamonadaceae",NA,NA
"ASV4438","Bacteria","Pseudomonadota","Alphaproteobacteria",NA,NA,NA,NA
"ASV4439","Bacteria","Cyanobacteriota","Vampirivibrionia","Caenarcaniphilales",NA,NA,NA
"ASV4440","Bacteria","Bacteroidota","Bacteroidia","Chitinophagales","Chitinophagaceae","Sediminibacterium",NA
"ASV4441","Bacteria","Actinomycetota","Acidimicrobiia","Microtrichales","Ilumatobacteraceae","CL500-29 marine group",NA
"ASV4442","Bacteria","Planctomycetota","Planctomycetes","Pirellulales","Pirellulaceae",NA,NA
"ASV4443","Bacteria","Gemmatimonadota","Longimicrobiia","Longimicrobiales","Longimicrobiaceae",NA,NA
"ASV4444","Bacteria","Bdellovibrionota","Oligoflexia","Oligoflexales","Oligoflexaceae","Oligoflexus",NA
"ASV4445","Bacteria","Armatimonadota","Armatimonadia","Armatimonadales","Armatimonadaceae",NA,NA
"ASV4446","Bacteria","Bacteroidota","Bacteroidia","Sphingobacteriales","Sphingobacteriaceae","Mucilaginibacter",NA
"ASV4447","Bacteria","Planctomycetota","Planctomycetes","Isosphaerales","Isosphaeraceae",NA,NA
"ASV4448","Bacteria","Pseudomonadota","Alphaproteobacteria","Hyphomicrobiales","Pleomorphomonadaceae","Pleomorphomonas",NA
"ASV4449","Bacteria","Planctomycetota","Planctomycetes","Isosphaerales","Isosphaeraceae","Aquisphaera",NA
"ASV4450","Bacteria","Pseudomonadota","Gammaproteobacteria","Burkholderiales","Burkholderiaceae","Pandoraea",NA
"ASV4451","Bacteria","Bacteroidota","Bacteroidia","Sphingobacteriales","Sphingobacteriaceae","Mucilaginibacter",NA
"ASV4452","Bacteria","Pseudomonadota","Gammaproteobacteria","Legionellales","Legionellaceae","Legionella",NA
"ASV4453","Bacteria","Pseudomonadota","Alphaproteobacteria","Elsterales",NA,NA,NA
"ASV4454","Bacteria","Actinomycetota","Acidimicrobiia","Acidimicrobiales","Acidimicrobiaceae","Acidiferrimicrobium",NA
"ASV4455","Bacteria","Bacteroidota","Bacteroidia","Chitinophagales","Chitinophagaceae","Terrimonas",NA
"ASV4456","Bacteria","Bacteroidota","Bacteroidia","Chitinophagales","Chitinophagaceae",NA,NA
"ASV4457","Bacteria","Pseudomonadota","Gammaproteobacteria","Burkholderiales","B1-7BS",NA,NA
"ASV4458","Bacteria","Gemmatimonadota","Gemmatimonadia","Gemmatimonadales","Gemmatimonadaceae",NA,NA
"ASV4459","Bacteria","Candidatus Eremiobacterota","Eremiobacteria",NA,NA,NA,NA
"ASV4460","Bacteria","Gemmatimonadota","Gemmatimonadia","Gemmatimonadales","Gemmatimonadaceae",NA,NA
"ASV4461","Bacteria","Planctomycetota","Planctomycetes","Isosphaerales","Isosphaeraceae","Singulisphaera",NA
"ASV4462","Bacteria","Pseudomonadota","Gammaproteobacteria","Rickettsiellales","Rickettsiellaceae",NA,NA
"ASV4463","Bacteria","Abditibacteriota","Abditibacteriia","Abditibacteriales","Abditibacteriaceae","Abditibacterium",NA
"ASV4464","Bacteria","Pseudomonadota","Gammaproteobacteria","Burkholderiales","Rhodocyclaceae","Sterolibacterium",NA
"ASV4465","Bacteria","Pseudomonadota","Gammaproteobacteria","Legionellales","Legionellaceae","Legionella",NA
"ASV4466","Bacteria","Pseudomonadota","Alphaproteobacteria","Micavibrionales",NA,NA,NA
"ASV4467","Bacteria","Bacteroidota","Bacteroidia","Chitinophagales","Chitinophagaceae","Nemorincola",NA
"ASV4468","Bacteria","Pseudomonadota","Alphaproteobacteria","Rickettsiales","SM2D12",NA,NA
"ASV4469","Bacteria","Pseudomonadota","Alphaproteobacteria","Caulobacterales","Caulobacteraceae",NA,NA
"ASV4470","Bacteria","Verrucomicrobiota","Verrucomicrobiia","Pedosphaerales","Pedosphaeraceae",NA,NA
"ASV4471","Bacteria","Planctomycetota","Planctomycetes","Isosphaerales","Isosphaeraceae","Singulisphaera",NA
"ASV4472","Bacteria","Bacillota","Bacilli",NA,NA,NA,NA
"ASV4473","Bacteria","Pseudomonadota","Gammaproteobacteria","Burkholderiales","Burkholderiaceae","Burkholderia-Caballeronia-Paraburkholderia",NA
"ASV4474","Bacteria","Pseudomonadota","Gammaproteobacteria","Legionellales","Legionellaceae","Legionella",NA
"ASV4475","Bacteria","Pseudomonadota","Gammaproteobacteria","Coxiellales","Coxiellaceae","Coxiella",NA
"ASV4476","Bacteria","Actinomycetota","Acidimicrobiia","Acidimicrobiales","Acidimicrobiaceae",NA,NA
"ASV4477","Bacteria","Bacillota","Bacilli","Paenibacillales","Paenibacillaceae","Paenibacillus",NA
"ASV4478","Bacteria","Planctomycetota","Planctomycetes","Isosphaerales","Isosphaeraceae","Aquisphaera",NA
"ASV4479","Bacteria","Pseudomonadota","Alphaproteobacteria","Rickettsiales","Rickettsiaceae",NA,NA
"ASV4480","Bacteria","Patescibacteria","Saccharimonadia","Saccharimonadales","Saccharimonadaceae","TM7a",NA
"ASV4481","Bacteria","Actinomycetota","Actinobacteria","Kitasatosporales","Streptomycetaceae","Streptomyces",NA
"ASV4482","Bacteria","Chloroflexota","JG30-KF-CM66",NA,NA,NA,NA
"ASV4483","Bacteria","Verrucomicrobiota","Verrucomicrobiia","Verrucomicrobiales","Rubritaleaceae","Luteolibacter","flavescens"
"ASV4484","Bacteria","Pseudomonadota","Alphaproteobacteria","Micavibrionales",NA,NA,NA
"ASV4485","Bacteria","Bacteroidota","Bacteroidia","Cytophagales","Microscillaceae",NA,NA
"ASV4486","Bacteria","Pseudomonadota","Alphaproteobacteria","Hyphomicrobiales","Rhizobiaceae","Neorhizobium",NA
"ASV4487","Bacteria","Pseudomonadota","Alphaproteobacteria","Hyphomicrobiales","Devosiaceae","Arsenicitalea",NA
"ASV4488","Bacteria","Pseudomonadota","Alphaproteobacteria","Sphingomonadales","Sphingomonadaceae","Rhizorhabdus",NA
"ASV4489","Bacteria","Actinomycetota","Thermoleophilia","Solirubrobacterales","Solirubrobacteraceae","Solirubrobacter",NA
"ASV4490","Bacteria","Myxococcota","Polyangiia","Polyangiales","BIrii41",NA,NA
"ASV4491","Bacteria","Bacteroidota","Bacteroidia","Sphingobacteriales","Sphingobacteriaceae","Pedobacter",NA
"ASV4492","Bacteria","Pseudomonadota","Alphaproteobacteria","Rhodospirillales",NA,NA,NA
"ASV4493","Bacteria","Pseudomonadota","Alphaproteobacteria","Rickettsiales","Rickettsiaceae",NA,NA
"ASV4494","Bacteria","Pseudomonadota","Alphaproteobacteria","Micavibrionales",NA,NA,NA
"ASV4495","Bacteria","Pseudomonadota","Alphaproteobacteria","Caulobacterales","Hyphomonadaceae","Hirschia",NA
"ASV4496","Bacteria","Dependentiae","Babeliae","Babeliales","Incertae Sedis","UBA12409",NA
"ASV4497","Bacteria","Pseudomonadota","Alphaproteobacteria","Rickettsiales","Mitochondria",NA,NA
"ASV4498","Bacteria","Pseudomonadota","Alphaproteobacteria","Micavibrionales",NA,NA,NA
"ASV4499","Bacteria","Bacteroidota","Bacteroidia","Cytophagales","Spirosomataceae","Dyadobacter","hamtensis"
"ASV4500","Bacteria","Pseudomonadota","Gammaproteobacteria","Burkholderiales","Oxalobacteraceae","Massilia",NA
"ASV4501","Bacteria","Pseudomonadota","Alphaproteobacteria","Caulobacterales","Caulobacteraceae","Asticcacaulis",NA
"ASV4502","Bacteria","Pseudomonadota","Alphaproteobacteria","Acetobacterales","Acetobacteraceae","Dankookia",NA
"ASV4503","Bacteria","Pseudomonadota","Gammaproteobacteria","Burkholderiales","Methylophilaceae","Methylophilus",NA
"ASV4504","Bacteria","Pseudomonadota","Alphaproteobacteria","Hyphomicrobiales","Rhizobiaceae","[Rhizobium] sphaerophysae group",NA
"ASV4505","Bacteria","Pseudomonadota","Alphaproteobacteria","Sphingomonadales","Sphingomonadaceae",NA,NA
"ASV4506","Bacteria","Pseudomonadota","Alphaproteobacteria","Caulobacterales","Caulobacteraceae","Brevundimonas",NA
"ASV4507","Bacteria","Planctomycetota","Planctomycetes","Gemmatales","Gemmataceae","Gemmata",NA
"ASV4508","Bacteria","Verrucomicrobiota","Verrucomicrobiia","Pedosphaerales","Pedosphaeraceae",NA,NA
"ASV4509","Bacteria","Actinomycetota","Actinobacteria","Propionibacteriales","Nocardioidaceae","Nocardioides","alpinus"
"ASV4510","Bacteria","Pseudomonadota","Alphaproteobacteria","Hyphomicrobiales","Devosiaceae","Devosia","psychrophila"
"ASV4511","Bacteria","Pseudomonadota","Alphaproteobacteria","Hyphomicrobiales","Xanthobacteraceae","Pseudolabrys",NA
"ASV4512","Bacteria","Pseudomonadota","Alphaproteobacteria","Hyphomicrobiales","Beijerinckiaceae","Rhodoblastus",NA
"ASV4513","Bacteria","Sumerlaeota","Sumerlaeia","Sumerlaeales","Sumerlaeaceae","Sumerlaea",NA
"ASV4514","Bacteria","Pseudomonadota","Gammaproteobacteria","Pseudomonadales","Moraxellaceae","Cavicella",NA
"ASV4515","Bacteria","Pseudomonadota","Alphaproteobacteria","Rickettsiales","Rickettsiaceae",NA,NA
"ASV4516","Bacteria","Verrucomicrobiota","Verrucomicrobiia","Chthoniobacterales","Terrimicrobiaceae","Terrimicrobium",NA
"ASV4517","Bacteria","Actinomycetota","Actinobacteria","Kitasatosporales","Streptomycetaceae",NA,NA
"ASV4518","Bacteria","Bacteroidota","Bacteroidia",NA,NA,NA,NA
"ASV4519","Bacteria","Bacillota","Bacilli","Paenibacillales","Paenibacillaceae","Cohnella",NA
"ASV4520","Bacteria",NA,NA,NA,NA,NA,NA
"ASV4521","Bacteria","Pseudomonadota","Gammaproteobacteria",NA,NA,NA,NA
"ASV4522","Bacteria","Actinomycetota","Actinobacteria","Streptosporangiales","Streptosporangiaceae","Microbispora",NA
"ASV4523","Bacteria","Armatimonadota","Fimbriimonadia","Fimbriimonadales","Fimbriimonadaceae",NA,NA
"ASV4524","Bacteria","Pseudomonadota","Gammaproteobacteria",NA,NA,NA,NA
"ASV4525","Bacteria","Pseudomonadota","Alphaproteobacteria","Rickettsiales","bac2nit3",NA,NA
"ASV4526","Bacteria","Bdellovibrionota","Bdellovibrionia","Bdellovibrionales","Pseudobdellovibrionaceae",NA,NA
"ASV4527","Bacteria","Pseudomonadota","Alphaproteobacteria","Hyphomicrobiales","Hyphomicrobiales Incertae Sedis","Bauldia",NA
"ASV4528","Bacteria","Pseudomonadota","Alphaproteobacteria","Hyphomicrobiales","Hyphomicrobiales Incertae Sedis","Bauldia",NA
"ASV4529","Bacteria","Pseudomonadota","Gammaproteobacteria","Burkholderiales","Burkholderiaceae","Burkholderia-Caballeronia-Paraburkholderia",NA
"ASV4530","Bacteria","Chloroflexota","TK10",NA,NA,NA,NA
"ASV4531","Bacteria","Planctomycetota","Planctomycetes","Pirellulales","Pirellulaceae",NA,NA
"ASV4532","Bacteria","Pseudomonadota","Alphaproteobacteria","Acetobacterales","Acetobacteraceae","Rhodopila",NA
"ASV4533","Bacteria","Actinomycetota","Acidimicrobiia","Acidimicrobiales","Acidimicrobiaceae",NA,NA
"ASV4534","Bacteria","Pseudomonadota","Alphaproteobacteria","Hyphomicrobiales","Beijerinckiaceae","Methylovirgula",NA
"ASV4535","Bacteria","Pseudomonadota","Gammaproteobacteria","Rickettsiellales","Rickettsiellaceae","Aquicella",NA
"ASV4536","Bacteria","Actinomycetota","Acidimicrobiia","Acidimicrobiales","Acidimicrobiaceae",NA,NA
"ASV4537","Bacteria","Pseudomonadota","Alphaproteobacteria","Hyphomicrobiales","Rhizobiaceae",NA,NA
"ASV4538","Bacteria","Actinomycetota","Acidimicrobiia","Acidimicrobiales","Acidimicrobiaceae",NA,NA
"ASV4539","Bacteria","Pseudomonadota","Alphaproteobacteria","Rickettsiales","Mitochondria",NA,NA
"ASV4540","Bacteria","Bacteroidota","Bacteroidia","Sphingobacteriales","Sphingobacteriaceae",NA,NA
"ASV4541","Bacteria","Acidobacteriota","Vicinamibacteria","Vicinamibacterales",NA,NA,NA
"ASV4542","Bacteria","Pseudomonadota","Alphaproteobacteria","Hyphomicrobiales","Hyphomicrobiaceae","Pedomicrobium",NA
"ASV4543","Bacteria","Pseudomonadota","Gammaproteobacteria","Burkholderiales","TRA3-20",NA,NA
"ASV4544","Bacteria","Abditibacteriota","Abditibacteriia","Abditibacteriales","Abditibacteriaceae","Abditibacterium",NA
"ASV4545","Bacteria","Pseudomonadota","Gammaproteobacteria","Burkholderiales","TRA3-20",NA,NA
"ASV4546","Bacteria","Actinomycetota","Actinobacteria","Kitasatosporales","Streptomycetaceae",NA,NA
"ASV4547","Bacteria","Chloroflexota","Chloroflexia","Thermomicrobiales","JG30-KF-CM45",NA,NA
"ASV4548","Bacteria","Acidobacteriota","Acidobacteriae","Bryobacterales","Bryobacteraceae","Bryobacter",NA
"ASV4549","Bacteria","Bacillota",NA,NA,NA,NA,NA
"ASV4550","Bacteria","Pseudomonadota","Alphaproteobacteria","Hyphomicrobiales","Xanthobacteraceae","Rhodoplanes",NA
"ASV4551","Bacteria","Pseudomonadota","Gammaproteobacteria","Pseudomonadales","Moraxellaceae","Cavicella",NA
"ASV4552","Bacteria","Pseudomonadota","Alphaproteobacteria","Rickettsiales","Rickettsiaceae",NA,NA
"ASV4553","Bacteria","Pseudomonadota","Gammaproteobacteria","Rickettsiellales","Rickettsiellaceae",NA,NA
"ASV4554","Bacteria","Sumerlaeota","Sumerlaeia","Sumerlaeales","Sumerlaeaceae","Sumerlaea",NA
"ASV4555","Bacteria","Dependentiae","Babeliae","Babeliales","Vermiphilaceae",NA,NA
"ASV4556","Bacteria","Chlamydiota","Chlamydiia","Chlamydiales","cvE6",NA,NA
"ASV4557","Bacteria","Patescibacteria","ABY1","Candidatus Uhrbacteria",NA,NA,NA
"ASV4558","Bacteria","Bacillota","Bacilli","Paenibacillales","Paenibacillaceae","Paenibacillus",NA
"ASV4559","Bacteria","Pseudomonadota","Alphaproteobacteria","Rickettsiales","Mitochondria",NA,NA
"ASV4560","Bacteria","Chlamydiota","Chlamydiia","Chlamydiales","Simkaniaceae",NA,NA
"ASV4561","Bacteria","Actinomycetota","Acidimicrobiia","Microtrichales","Iamiaceae","Aquihabitans",NA
"ASV4562","Bacteria","Pseudomonadota","Alphaproteobacteria","Rickettsiales","Mitochondria",NA,NA
"ASV4563","Bacteria","Planctomycetota","Planctomycetes","Planctomycetales","Rubinisphaeraceae","SH-PL14",NA
"ASV4564","Bacteria","Pseudomonadota","Alphaproteobacteria","Micavibrionales","Micavibrionaceae",NA,NA
"ASV4565","Bacteria","Patescibacteria","Parcubacteria",NA,NA,NA,NA
"ASV4566","Bacteria","Patescibacteria","Parcubacteria","Candidatus Azambacteria",NA,NA,NA
"ASV4567","Bacteria","Planctomycetota","Planctomycetes","Isosphaerales","Isosphaeraceae","Aquisphaera",NA
"ASV4568","Bacteria","Pseudomonadota","Gammaproteobacteria","Enterobacterales","Yersiniaceae","Serratia",NA
"ASV4569","Bacteria","Pseudomonadota","Gammaproteobacteria","Legionellales","Legionellaceae","Legionella",NA
"ASV4570","Bacteria","Pseudomonadota","Gammaproteobacteria","Rickettsiellales","Rickettsiellaceae",NA,NA
"ASV4571","Bacteria","Planctomycetota","Planctomycetes","Pirellulales","Pirellulaceae",NA,NA
"ASV4572","Bacteria","Bacteroidota","Bacteroidia","Cytophagales","Spirosomataceae","Spirosoma","migulaei"
"ASV4573","Bacteria","Pseudomonadota","Alphaproteobacteria","Azospirillales","Inquilinaceae","Inquilinus",NA
"ASV4574","Bacteria","Patescibacteria","Saccharimonadia","Saccharimonadales",NA,NA,NA
"ASV4575","Bacteria","Bacteroidota","Bacteroidia","Flavobacteriales","Flavobacteriaceae","Flavobacterium",NA
"ASV4576","Bacteria","Bacteroidota","Bacteroidia","Flavobacteriales","Flavobacteriaceae","Flavobacterium",NA
"ASV4577","Bacteria","Pseudomonadota","Alphaproteobacteria","Paracaedibacterales","Paracaedibacteraceae","Candidatus Finniella",NA
"ASV4578","Bacteria","Pseudomonadota","Gammaproteobacteria","Enterobacterales","Morganellaceae","Morganella","morganii"
"ASV4579","Bacteria","Pseudomonadota","Alphaproteobacteria","Hyphomicrobiales","Hyphomicrobiaceae","Hyphomicrobium",NA
"ASV4580","Bacteria","Pseudomonadota","Gammaproteobacteria","Salinisphaerales","Nevskiaceae","Stenotrophobium",NA
"ASV4581","Bacteria","Pseudomonadota","Alphaproteobacteria","Sphingomonadales","Sphingomonadaceae","Novosphingobium",NA
"ASV4582","Bacteria","Bdellovibrionota","Oligoflexia","0319-6G20",NA,NA,NA
"ASV4583","Bacteria","Pseudomonadota","Alphaproteobacteria","Hyphomicrobiales","Xanthobacteraceae","Pseudolabrys",NA
"ASV4584","Bacteria","Abditibacteriota","Abditibacteriia","Abditibacteriales","Abditibacteriaceae","Abditibacterium",NA
"ASV4585","Bacteria","Pseudomonadota","Alphaproteobacteria","Caulobacterales","Caulobacteraceae","Brevundimonas",NA
"ASV4586","Bacteria","Acidobacteriota","Acidobacteriae","Terriglobales","Acidobacteriaceae (Subgroup 1)","Occallatibacter",NA
"ASV4587","Bacteria","Pseudomonadota","Alphaproteobacteria","Rickettsiales","Mitochondria",NA,NA
"ASV4588","Bacteria","Planctomycetota","Phycisphaerae","Tepidisphaerales","Tepidisphaeraceae",NA,NA
"ASV4589","Bacteria","Myxococcota","Myxococcia","Myxococcales","Anaeromyxobacteraceae","Anaeromyxobacter",NA
"ASV4590","Bacteria","Pseudomonadota","Gammaproteobacteria","Burkholderiales","Oxalobacteraceae","Noviherbaspirillum",NA
"ASV4591","Bacteria","Pseudomonadota","Alphaproteobacteria","Hyphomicrobiales","Rhizobiaceae",NA,NA
"ASV4592","Bacteria","Bacteroidota","Bacteroidia","Cytophagales","Spirosomataceae","Larkinella",NA
"ASV4593","Bacteria","Pseudomonadota","Alphaproteobacteria","Hyphomicrobiales","Rhizobiaceae","Endobacterium",NA
"ASV4594","Bacteria","Chloroflexota","Anaerolineae","Aggregatilineales","A4b",NA,NA
"ASV4595","Bacteria","Bacillota","Bacilli","Bacillales","Planococcaceae","Domibacillus",NA
"ASV4596","Bacteria","Verrucomicrobiota","Verrucomicrobiia","Opitutales","Opitutaceae","Oleiharenicola",NA
"ASV4597","Bacteria","Bacteroidota","Bacteroidia","Cytophagales","Spirosomataceae","Dyadobacter",NA
"ASV4598","Bacteria","Chlamydiota","Chlamydiia","Chlamydiales","Parachlamydiaceae",NA,NA
"ASV4599","Bacteria","Pseudomonadota","Gammaproteobacteria","Pseudomonadales","Moraxellaceae","Perlucidibaca","aquatica"
"ASV4600","Bacteria","Bacteroidota","Bacteroidia","Cytophagales","Microscillaceae","Chryseotalea",NA
"ASV4601","Bacteria","Pseudomonadota","Alphaproteobacteria","Hyphomicrobiales","Beijerinckiaceae","Enterovirga",NA
"ASV4602","Bacteria","Planctomycetota","Planctomycetes","Isosphaerales","Isosphaeraceae","Tautonia",NA
"ASV4603","Bacteria","Actinomycetota","Actinobacteria","Micrococcales","Microbacteriaceae","Agromyces",NA
"ASV4604","Bacteria","Pseudomonadota","Gammaproteobacteria","Acidithiobacillales","Acidithiobacillaceae","KCM-B-112",NA
"ASV4605","Bacteria","Bacteroidota","Bacteroidia","Chitinophagales","Chitinophagaceae","Flavitalea",NA
"ASV4606","Bacteria","Pseudomonadota","Alphaproteobacteria","Reyranellales","Reyranellaceae","Reyranella",NA
"ASV4607","Bacteria","Pseudomonadota","Alphaproteobacteria","Micropepsales","Micropepsaceae",NA,NA
"ASV4608","Bacteria","Bacteroidota","Bacteroidia","Chitinophagales","Chitinophagaceae",NA,NA
"ASV4609","Bacteria","Pseudomonadota","Alphaproteobacteria","Rickettsiales","AB1",NA,NA
"ASV4610","Bacteria","Acidobacteriota","Acidobacteriae","Bryobacterales","Bryobacteraceae","Bryobacter",NA
"ASV4611","Bacteria","Pseudomonadota","Gammaproteobacteria","Legionellales","Legionellaceae","Legionella",NA
"ASV4612","Bacteria","Pseudomonadota","Alphaproteobacteria","Rickettsiales","Rickettsiaceae",NA,NA
"ASV4613","Bacteria","Patescibacteria","Saccharimonadia","Saccharimonadales",NA,NA,NA
"ASV4614","Bacteria","Patescibacteria","Parcubacteria","Candidatus Kaiserbacteria",NA,NA,NA
"ASV4615","Bacteria","Bacteroidota","Bacteroidia","Sphingobacteriales","Sphingobacteriaceae","Mucilaginibacter",NA
"ASV4616","Bacteria","Pseudomonadota","Gammaproteobacteria","Burkholderiales","TRA3-20",NA,NA
"ASV4617","Bacteria","Planctomycetota","Planctomycetes","Gemmatales","Gemmataceae","Fimbriiglobus",NA
"ASV4618","Bacteria","Myxococcota","Polyangiia","Polyangiales","Sandaracinaceae",NA,NA
"ASV4619","Bacteria","Pseudomonadota","Alphaproteobacteria","Rhodospirillales",NA,NA,NA
"ASV4620","Bacteria","Bdellovibrionota","Bacteriovoracia","Bacteriovoracales","Bacteriovoracaceae","Peredibacter",NA
"ASV4621","Bacteria",NA,NA,NA,NA,NA,NA
"ASV4622","Bacteria","Pseudomonadota","Alphaproteobacteria","Hyphomicrobiales","Beijerinckiaceae","Microvirga",NA
"ASV4623","Bacteria","Pseudomonadota","Gammaproteobacteria","Burkholderiales","TRA3-20",NA,NA
"ASV4624","Bacteria","Pseudomonadota","Gammaproteobacteria","Piscirickettsiales","Piscirickettsiaceae","Candidatus Endoecteinascidia",NA
"ASV4625","Bacteria","Bdellovibrionota","Oligoflexia","0319-6G20",NA,NA,NA
"ASV4626","Bacteria","Planctomycetota","Planctomycetes","Isosphaerales","Isosphaeraceae","Aquisphaera",NA
"ASV4627","Bacteria","Planctomycetota","Planctomycetes","Pirellulales","Pirellulaceae","Pir4 lineage",NA
"ASV4628","Bacteria","Bdellovibrionota","Bdellovibrionia","Bdellovibrionales","Pseudobdellovibrionaceae",NA,NA
"ASV4629","Bacteria","Patescibacteria","Saccharimonadia","Saccharimonadales","LWQ8",NA,NA
"ASV4630","Bacteria","Cyanobacteriota","Cyanobacteriia","Chloroplast",NA,NA,NA
"ASV4631","Bacteria","Pseudomonadota","Gammaproteobacteria","Rickettsiellales","Rickettsiellaceae",NA,NA
"ASV4632","Bacteria","Actinomycetota","Thermoleophilia","Solirubrobacterales","Solirubrobacteraceae","Conexibacter",NA
"ASV4633","Bacteria","Actinomycetota","Thermoleophilia","Solirubrobacterales","Solirubrobacteraceae","Conexibacter",NA
"ASV4634","Bacteria","Pseudomonadota","Alphaproteobacteria","Acetobacterales","Acetobacteraceae","Acidocella",NA
"ASV4635","Bacteria","Planctomycetota","Planctomycetes","Isosphaerales","Isosphaeraceae","Singulisphaera",NA
"ASV4636","Bacteria","Bacteroidota","Bacteroidia","Chitinophagales","Chitinophagaceae","Haoranjiania",NA
"ASV4637","Bacteria","Acidobacteriota","Acidobacteriae","Terriglobales","Acidobacteriaceae (Subgroup 1)","Granulicella",NA
"ASV4638","Bacteria","Dependentiae","Babeliae","Babeliales",NA,NA,NA
"ASV4639","Bacteria","Bacillota",NA,NA,NA,NA,NA
"ASV4640","Bacteria","Actinomycetota","Thermoleophilia","Solirubrobacterales","Solirubrobacteraceae","Baekduia",NA
"ASV4641","Bacteria","Pseudomonadota","Alphaproteobacteria","Reyranellales","Reyranellaceae","Reyranella",NA
"ASV4642","Bacteria","Abditibacteriota","Abditibacteriia","Abditibacteriales","Abditibacteriaceae","Abditibacterium",NA
"ASV4643","Bacteria","Bacillota","Bacilli","Paenibacillales","Paenibacillaceae",NA,NA
"ASV4644","Bacteria","Pseudomonadota","Alphaproteobacteria","Hyphomicrobiales","Beijerinckiaceae",NA,NA
"ASV4645","Bacteria","Pseudomonadota","Alphaproteobacteria","Hyphomicrobiales","Xanthobacteraceae","Rhodoplanes",NA
"ASV4646","Bacteria","Pseudomonadota","Alphaproteobacteria","Hyphomicrobiales","Xanthobacteraceae",NA,NA
"ASV4647","Bacteria","Planctomycetota","Planctomycetes","Gemmatales","Gemmataceae",NA,NA
"ASV4648","Bacteria","Bacteroidota","Bacteroidia","Chitinophagales","Chitinophagaceae",NA,NA
"ASV4649","Bacteria","Actinomycetota","Actinobacteria","Propionibacteriales","Nocardioidaceae","Aeromicrobium","panaciterrae"
"ASV4650","Bacteria","Bacteroidota","Bacteroidia","Chitinophagales","Chitinophagaceae","Flavitalea",NA
"ASV4651","Bacteria","Pseudomonadota","Gammaproteobacteria",NA,NA,NA,NA
"ASV4652","Bacteria","Gemmatimonadota","Gemmatimonadia","Gemmatimonadales","Gemmatimonadaceae","Gemmatimonas",NA
"ASV4653","Bacteria","Pseudomonadota","Alphaproteobacteria",NA,NA,NA,NA
"ASV4654","Bacteria","Pseudomonadota","Alphaproteobacteria","Caulobacterales","Caulobacteraceae","Phenylobacterium",NA
"ASV4655","Bacteria","Pseudomonadota","Gammaproteobacteria","Lysobacterales","Rhodanobacteraceae","Luteibacter",NA
"ASV4656","Bacteria","Pseudomonadota","Alphaproteobacteria","Rickettsiales","SM2D12",NA,NA
"ASV4657","Bacteria","Verrucomicrobiota","Verrucomicrobiia","Opitutales","Opitutaceae","Oleiharenicola",NA
"ASV4658","Bacteria","Actinomycetota","Thermoleophilia","Solirubrobacterales","67-14",NA,NA
"ASV4659","Bacteria","Planctomycetota","Planctomycetes","Planctomycetales","Rubinisphaeraceae","SH-PL14",NA
"ASV4660","Bacteria","Planctomycetota","Planctomycetes","Planctomycetales","Rubinisphaeraceae","Planctomicrobium",NA
"ASV4661","Bacteria","Pseudomonadota","Alphaproteobacteria","Rickettsiales","SM2D12",NA,NA
"ASV4662","Bacteria","Bacteroidota","Bacteroidia","Flavobacteriales","Cryomorphaceae","NS10 marine group",NA
"ASV4663","Bacteria","Dependentiae","Babeliae","Babeliales","Vermiphilaceae",NA,NA
"ASV4664","Bacteria","Pseudomonadota","Alphaproteobacteria","Rickettsiales","SM2D12",NA,NA
"ASV4665","Bacteria","Pseudomonadota","Alphaproteobacteria","Hyphomicrobiales","Devosiaceae","Arsenicitalea",NA
"ASV4666","Bacteria","Pseudomonadota","Gammaproteobacteria","Legionellales","Legionellaceae","Legionella",NA
"ASV4667","Bacteria","Pseudomonadota","Alphaproteobacteria","Paracaedibacterales","Paracaedibacteraceae",NA,NA
"ASV4668","Bacteria","Pseudomonadota","Gammaproteobacteria","Burkholderiales","Oxalobacteraceae","Oxalicibacterium",NA
"ASV4669","Bacteria","Bdellovibrionota","Oligoflexia","Silvanigrellales","Silvanigrellaceae",NA,NA
"ASV4670","Bacteria","Actinomycetota","Actinobacteria","Kitasatosporales","Streptomycetaceae","Streptacidiphilus",NA
"ASV4671","Bacteria","Bacteroidota","Bacteroidia","Cytophagales","Spirosomataceae","Dyadobacter",NA
"ASV4672","Bacteria","Pseudomonadota","Gammaproteobacteria",NA,NA,NA,NA
"ASV4673","Bacteria","Patescibacteria","Parcubacteria",NA,NA,NA,NA
"ASV4674","Bacteria","Abditibacteriota","Abditibacteriia","Abditibacteriales","Abditibacteriaceae","Abditibacterium",NA
"ASV4675","Bacteria","Bacteroidota","Bacteroidia","Chitinophagales","Chitinophagaceae","Terrimonas",NA
"ASV4676","Bacteria","Bdellovibrionota","Oligoflexia","Oligoflexales","Oligoflexaceae",NA,NA
"ASV4677","Bacteria","Pseudomonadota","Gammaproteobacteria","Pseudomonadales","Moraxellaceae","Acinetobacter",NA
"ASV4678","Bacteria","Pseudomonadota","Alphaproteobacteria","Rhodobacterales","Paracoccaceae","Gemmobacter",NA
"ASV4679","Bacteria","Pseudomonadota","Gammaproteobacteria","Burkholderiales","Burkholderiaceae","Limnobacter",NA
"ASV4680","Bacteria","Pseudomonadota","Alphaproteobacteria","Rhodospirillales",NA,NA,NA
"ASV4681","Bacteria","Myxococcota","Polyangiia","Polyangiales","Phaselicystaceae","Phaselicystis",NA
"ASV4682","Bacteria","Pseudomonadota","Alphaproteobacteria",NA,NA,NA,NA
"ASV4683","Bacteria","Pseudomonadota","Alphaproteobacteria","Rickettsiales","SM2D12",NA,NA
"ASV4684","Bacteria","Gemmatimonadota","Gemmatimonadia","Gemmatimonadales","Gemmatimonadaceae","Gemmatimonas",NA
"ASV4685","Bacteria","Pseudomonadota","Alphaproteobacteria","Azospirillales","Azospirillaceae",NA,NA
"ASV4686","Bacteria","Pseudomonadota","Gammaproteobacteria",NA,NA,NA,NA
"ASV4687","Bacteria","Pseudomonadota","Gammaproteobacteria","Burkholderiales","Nitrosomonadaceae","DSSD61",NA
"ASV4688","Bacteria","Bacteroidota","Bacteroidia","Cytophagales","Cytophagaceae","Cytophaga",NA
"ASV4689","Bacteria","Deinococcota","Deinococci","Deinococcales","Deinococcaceae","Deinococcus",NA
"ASV4690","Bacteria","Pseudomonadota","Alphaproteobacteria","Caulobacterales","Caulobacteraceae","Brevundimonas","staleyi"
"ASV4691","Bacteria","Planctomycetota","vadinHA49",NA,NA,NA,NA
"ASV4692","Bacteria","Bacillota","Bacilli","Alicyclobacillales","Alicyclobacillaceae","Tumebacillus",NA
"ASV4693","Bacteria","Pseudomonadota","Alphaproteobacteria","Sphingomonadales","Sphingomonadaceae","Sphingopyxis",NA
"ASV4694","Bacteria","Myxococcota","Polyangiia","Polyangiales","Phaselicystaceae","Phaselicystis",NA
"ASV4695","Bacteria","Bacteroidota","Bacteroidia","Flavobacteriales","Flavobacteriaceae","Flavobacterium",NA
"ASV4696","Bacteria","Pseudomonadota","Alphaproteobacteria","Rickettsiales","Mitochondria",NA,NA
"ASV4697","Bacteria","Myxococcota","Polyangiia","Polyangiales","Polyangiaceae","Pajaroellobacter",NA
"ASV4698","Bacteria","Pseudomonadota","Gammaproteobacteria","Rickettsiellales","Rickettsiellaceae","Aquicella",NA
"ASV4699","Bacteria","Bacteroidota","Bacteroidia","Flavobacteriales","Flavobacteriaceae","Flavobacterium",NA
"ASV4700","Bacteria","Pseudomonadota","Gammaproteobacteria",NA,NA,NA,NA
"ASV4701","Bacteria","Pseudomonadota","Alphaproteobacteria","Hyphomicrobiales","Rhizobiaceae",NA,NA
"ASV4702","Bacteria","Actinomycetota","Actinobacteria","Frankiales","Sporichthyaceae",NA,NA
"ASV4703","Bacteria","Dependentiae","Babeliae","Babeliales","Vermiphilaceae",NA,NA
"ASV4704","Bacteria","Pseudomonadota","Alphaproteobacteria","Rhodobacterales","Paracoccaceae","Rubellimicrobium",NA
"ASV4705","Bacteria","Deinococcota","Deinococci","Thermales","Thermaceae","Meiothermus",NA
"ASV4706","Bacteria","Pseudomonadota","Gammaproteobacteria","Burkholderiales","Comamonadaceae","Acidovorax",NA
"ASV4707","Bacteria","Pseudomonadota","Gammaproteobacteria","Lysobacterales","Rhodanobacteraceae","Frateuria",NA
"ASV4708","Bacteria","Actinomycetota","Acidimicrobiia","Acidimicrobiales","Acidimicrobiaceae","Acidiferrimicrobium",NA
"ASV4709","Bacteria","Pseudomonadota","Gammaproteobacteria","Burkholderiales","Oxalobacteraceae","[Aquaspirillum] arcticum group",NA
"ASV4710","Bacteria","Gemmatimonadota","Longimicrobiia","Longimicrobiales","Longimicrobiaceae","YC-ZSS-LKJ147",NA
"ASV4711","Bacteria","Pseudomonadota","Gammaproteobacteria","Burkholderiales","Neisseriaceae",NA,NA
"ASV4712","Bacteria","Bacillota","Bacilli","Paenibacillales","Paenibacillaceae","Cohnella",NA
"ASV4713","Bacteria","Bacillota","Bacilli","Brevibacillales","Brevibacillaceae","Brevibacillus","fluminis"
"ASV4714","Bacteria","Bdellovibrionota","Bdellovibrionia","Bdellovibrionales","Pseudobdellovibrionaceae",NA,NA
"ASV4715","Bacteria","Pseudomonadota","Gammaproteobacteria","Coxiellales","Coxiellaceae","Coxiella",NA
"ASV4716","Bacteria","Pseudomonadota","Gammaproteobacteria","Pseudomonadales","Pseudomonadaceae","Pseudomonas",NA
"ASV4717","Bacteria","Pseudomonadota","Alphaproteobacteria","Micavibrionales",NA,NA,NA
"ASV4718","Bacteria","Pseudomonadota","Alphaproteobacteria","Rickettsiales","Mitochondria",NA,NA
"ASV4719","Bacteria","Verrucomicrobiota","Verrucomicrobiia","Pedosphaerales","Pedosphaeraceae","Ellin517",NA
"ASV4720","Bacteria","Pseudomonadota","Alphaproteobacteria","Holosporales","Holosporaceae",NA,NA
"ASV4721","Bacteria","Pseudomonadota","Gammaproteobacteria","Legionellales","Legionellaceae","Legionella",NA
"ASV4722","Bacteria","Pseudomonadota","Alphaproteobacteria","Hyphomicrobiales","Hyphomicrobiaceae","Hyphomicrobium","facile"
"ASV4723","Bacteria","Pseudomonadota","Alphaproteobacteria","Hyphomicrobiales","Xanthobacteraceae","Pseudoxanthobacter",NA
"ASV4724","Bacteria","Pseudomonadota","Alphaproteobacteria","Hyphomicrobiales","Hyphomicrobiales Incertae Sedis","Nordella",NA
"ASV4725","Bacteria","Pseudomonadota","Gammaproteobacteria","Rickettsiellales","Rickettsiellaceae",NA,NA
"ASV4726","Bacteria","Bdellovibrionota","Bacteriovoracia","Bacteriovoracales","Bacteriovoracaceae","Peredibacter",NA
"ASV4727","Bacteria","Actinomycetota","Actinobacteria","Frankiales",NA,NA,NA
"ASV4728","Bacteria","Bacillota","Bacilli","Paenibacillales","Paenibacillaceae","Paenibacillus",NA
"ASV4729","Bacteria","Acidobacteriota","Acidobacteriae","Terriglobales","Acidobacteriaceae (Subgroup 1)","Occallatibacter",NA
"ASV4730","Bacteria","Pseudomonadota","Gammaproteobacteria","Rickettsiellales","Rickettsiellaceae",NA,NA
"ASV4731","Bacteria","Actinomycetota","Thermoleophilia","Solirubrobacterales","Solirubrobacteraceae","Conexibacter",NA
"ASV4732","Bacteria","Bacteroidota","Bacteroidia","Chitinophagales","Chitinophagaceae","Taibaiella",NA
"ASV4733","Bacteria","Bacteroidota","Bacteroidia","Chitinophagales","Chitinophagaceae","Haoranjiania",NA
"ASV4734","Bacteria","Candidatus Eremiobacterota","Eremiobacteria",NA,NA,NA,NA
"ASV4735","Bacteria","Actinomycetota","Actinobacteria","Frankiales","Geodermatophilaceae","Cumulibacter",NA
"ASV4736","Bacteria","Pseudomonadota","Alphaproteobacteria","Elsterales",NA,NA,NA
"ASV4737","Bacteria","Cyanobacteriota","Cyanobacteriia","Chloroplast",NA,NA,NA
"ASV4738","Bacteria","Pseudomonadota","Alphaproteobacteria","Acetobacterales","Acetobacteraceae","Acidocella",NA
"ASV4739","Bacteria","Bacteroidota","Bacteroidia","Sphingobacteriales","Sphingobacteriaceae","Pedobacter",NA
"ASV4740","Bacteria","Bacillota","Bacilli","Brevibacillales","Brevibacillaceae","Brevibacillus",NA
"ASV4741","Bacteria","Pseudomonadota","Gammaproteobacteria",NA,NA,NA,NA
"ASV4742","Bacteria","Pseudomonadota","Alphaproteobacteria","Paracaedibacterales","Paracaedibacteraceae","Candidatus Paracaedibacter",NA
"ASV4743","Bacteria","Actinomycetota","Thermoleophilia","Solirubrobacterales","Solirubrobacteraceae","Baekduia",NA
"ASV4744","Bacteria","Verrucomicrobiota","Verrucomicrobiia","Opitutales","Opitutaceae","Opitutus",NA
"ASV4745","Bacteria","Pseudomonadota","Gammaproteobacteria","Burkholderiales","Alcaligenaceae",NA,NA
"ASV4746","Bacteria","Pseudomonadota","Alphaproteobacteria","Hyphomicrobiales","Xanthobacteraceae","Pseudolabrys",NA
"ASV4747","Bacteria","Bacillota","Bacilli","Paenibacillales","Paenibacillaceae",NA,NA
"ASV4748","Bacteria","Bacillota","Bacilli","Paenibacillales","Paenibacillaceae","Paenibacillus",NA
"ASV4749","Bacteria","Pseudomonadota","Alphaproteobacteria","Holosporales","Holosporaceae",NA,NA
"ASV4750","Bacteria","Sumerlaeota","Sumerlaeia","Sumerlaeales","Sumerlaeaceae","Sumerlaea",NA
"ASV4751","Bacteria","Actinomycetota","Acidimicrobiia","Microtrichales","Ilumatobacteraceae","CL500-29 marine group",NA
"ASV4752","Bacteria","Pseudomonadota","Alphaproteobacteria","Rickettsiales","Rickettsiaceae",NA,NA
"ASV4753","Bacteria","Bacillota","Bacilli","Bacillales","Bacillaceae","Priestia",NA
"ASV4754","Bacteria","Planctomycetota","Planctomycetes","Planctomycetales",NA,NA,NA
"ASV4755","Bacteria","Gemmatimonadota","Gemmatimonadia","Gemmatimonadales","Gemmatimonadaceae",NA,NA
"ASV4756","Bacteria","Pseudomonadota","Alphaproteobacteria","Rhodospirillales",NA,NA,NA
"ASV4757","Bacteria","Pseudomonadota","Gammaproteobacteria",NA,NA,NA,NA
"ASV4758","Bacteria","Pseudomonadota","Alphaproteobacteria","Rickettsiales","SM2D12",NA,NA
"ASV4759","Bacteria","Planctomycetota","Planctomycetes","Planctomycetales","Rubinisphaeraceae","SH-PL14",NA
"ASV4760","Bacteria","Pseudomonadota","Alphaproteobacteria","Rickettsiales","SM2D12",NA,NA
"ASV4761","Bacteria","Bacteroidota","Bacteroidia","Chitinophagales","Chitinophagaceae","Nemorincola",NA
"ASV4762","Bacteria","Planctomycetota","Planctomycetes","Planctomycetales","Rubinisphaeraceae","SH-PL14",NA
"ASV4763","Bacteria","Pseudomonadota","Alphaproteobacteria","Reyranellales","Reyranellaceae","Reyranella",NA
"ASV4764","Bacteria","Planctomycetota","Planctomycetes","Isosphaerales","Isosphaeraceae","Aquisphaera",NA
"ASV4765","Bacteria",NA,NA,NA,NA,NA,NA
"ASV4766","Bacteria","Pseudomonadota","Gammaproteobacteria","Legionellales","Legionellaceae","Legionella",NA
"ASV4767","Bacteria","Actinomycetota","Actinobacteria","Micromonosporales","Micromonosporaceae","Asanoa",NA
"ASV4768","Bacteria","Bdellovibrionota","Oligoflexia","0319-6G20",NA,NA,NA
"ASV4769","Bacteria","Pseudomonadota","Gammaproteobacteria","Rickettsiellales","Rickettsiellaceae",NA,NA
"ASV4770","Bacteria","Chlamydiota","Chlamydiia","Chlamydiales","cvE6",NA,NA
"ASV4771","Bacteria","Patescibacteria","Parcubacteria","Candidatus Nomurabacteria",NA,NA,NA
"ASV4772","Bacteria","Bacteroidota","Bacteroidia","Cytophagales",NA,NA,NA
"ASV4773","Bacteria","Bacillota","Bacilli","Paenibacillales","Paenibacillaceae",NA,NA
"ASV4774","Bacteria","Bdellovibrionota","Oligoflexia","Oligoflexales","Oligoflexaceae",NA,NA
"ASV4775","Bacteria","Pseudomonadota","Alphaproteobacteria","Hyphomicrobiales","Xanthobacteraceae",NA,NA
"ASV4776","Bacteria","Patescibacteria","Parcubacteria",NA,NA,NA,NA
"ASV4777","Bacteria","Chloroflexota","OLB14",NA,NA,NA,NA
"ASV4778","Bacteria","Pseudomonadota","Gammaproteobacteria","Coxiellales","Coxiellaceae","Coxiella",NA
"ASV4779","Bacteria","Patescibacteria","Saccharimonadia","Saccharimonadales","Saccharimonadaceae","TM7a",NA
"ASV4780","Bacteria","Patescibacteria","Parcubacteria",NA,NA,NA,NA
"ASV4781","Bacteria","Patescibacteria","Parcubacteria",NA,NA,NA,NA
"ASV4782","Bacteria","Pseudomonadota","Alphaproteobacteria","Caulobacterales","Caulobacteraceae","Caulobacter",NA
"ASV4783","Bacteria","Pseudomonadota","Alphaproteobacteria","Rickettsiales","SM2D12",NA,NA
"ASV4784","Bacteria","Bdellovibrionota","Bacteriovoracia","Bacteriovoracales","Bacteriovoracaceae","Bacteriovorax",NA
"ASV4785","Bacteria","Pseudomonadota","Alphaproteobacteria","Caulobacterales","Caulobacteraceae","Brevundimonas",NA
"ASV4786","Bacteria","Pseudomonadota","Alphaproteobacteria","Rhodobacterales","Paracoccaceae","Paracoccus",NA
"ASV4787","Bacteria","Pseudomonadota","Alphaproteobacteria","Hyphomicrobiales","Hyphomicrobiales Incertae Sedis",NA,NA
"ASV4788","Bacteria","Pseudomonadota","Gammaproteobacteria","Burkholderiales","Oxalobacteraceae","Lacisediminimonas",NA
"ASV4789","Bacteria","Pseudomonadota","Alphaproteobacteria","Micavibrionales",NA,NA,NA
"ASV4790","Bacteria","Bacteroidota","Bacteroidia","Chitinophagales","Saprospiraceae","Phaeodactylibacter",NA
"ASV4791","Bacteria","Pseudomonadota","Alphaproteobacteria","Hyphomicrobiales","Kaistiaceae","Kaistia",NA
"ASV4792","Bacteria","Pseudomonadota","Gammaproteobacteria","Burkholderiales","Oxalobacteraceae",NA,NA
"ASV4793","Bacteria","Pseudomonadota","Gammaproteobacteria",NA,NA,NA,NA
"ASV4794","Bacteria","Pseudomonadota","Alphaproteobacteria","Acetobacterales","Acetobacteraceae","Dankookia",NA
"ASV4795","Bacteria","Actinomycetota","Actinobacteria","Kitasatosporales","Streptomycetaceae","Streptomyces",NA
"ASV4796","Bacteria","Pseudomonadota","Alphaproteobacteria","Acetobacterales","Acetobacteraceae","Acidisoma",NA
"ASV4797","Bacteria","Pseudomonadota","Alphaproteobacteria","Rhodospirillales",NA,NA,NA
"ASV4798","Bacteria","Pseudomonadota","Gammaproteobacteria","Salinisphaerales","Nevskiaceae",NA,NA
"ASV4799","Bacteria","Planctomycetota","Planctomycetes","Isosphaerales","Isosphaeraceae","Paludisphaera",NA
"ASV4800","Bacteria","Pseudomonadota","Gammaproteobacteria","Burkholderiales","Methylophilaceae","Methylophilus",NA
"ASV4801","Bacteria","Pseudomonadota","Alphaproteobacteria","Caulobacterales","Caulobacteraceae","Caulobacter",NA
"ASV4802","Bacteria","Pseudomonadota","Gammaproteobacteria","Salinisphaerales","Nevskiaceae","Panacagrimonas",NA
"ASV4803","Bacteria","Bacteroidota","Bacteroidia","Flavobacteriales","Flavobacteriaceae","Flavobacterium",NA
"ASV4804","Bacteria","Bacillota","Clostridia","Lachnospirales","Lachnospiraceae","Anaerocolumna",NA
"ASV4805","Bacteria","Actinomycetota","Actinobacteria","Micrococcales","Microbacteriaceae","Plantibacter",NA
"ASV4806","Bacteria","Verrucomicrobiota","Verrucomicrobiia","Verrucomicrobiales","Verrucomicrobiaceae",NA,NA
"ASV4807","Bacteria","Bacteroidota","Bacteroidia","Flavobacteriales","Flavobacteriaceae","Flavobacterium",NA
"ASV4808","Bacteria","Pseudomonadota","Alphaproteobacteria","Paracaedibacterales","Paracaedibacteraceae",NA,NA
"ASV4809","Bacteria","Pseudomonadota","Gammaproteobacteria","Pseudomonadales","Pseudohongiellaceae","Pseudohongiella",NA
"ASV4810","Bacteria","Cyanobacteriota","Cyanobacteriia","Chloroplast",NA,NA,NA
"ASV4811","Bacteria","Planctomycetota","Planctomycetes","Isosphaerales","Isosphaeraceae","Tautonia",NA
"ASV4812","Bacteria","Pseudomonadota","Alphaproteobacteria","Rickettsiales","AB1",NA,NA
"ASV4813","Bacteria","Pseudomonadota","Alphaproteobacteria","Hyphomicrobiales","Xanthobacteraceae",NA,NA
"ASV4814","Bacteria","Pseudomonadota","Gammaproteobacteria","Burkholderiales","Oxalobacteraceae",NA,NA
"ASV4815","Bacteria","Bacillota","Bacilli","Lactobacillales","Streptococcaceae","Streptococcus",NA
"ASV4816","Bacteria","Pseudomonadota","Alphaproteobacteria","Caulobacterales","Caulobacteraceae","Caulobacter",NA
"ASV4817","Bacteria","Acidobacteriota","Acidobacteriae","Terriglobales","Acidobacteriaceae (Subgroup 1)",NA,NA
"ASV4818","Bacteria","Pseudomonadota","Alphaproteobacteria","Acetobacterales","Acetobacteraceae","Acidisphaera",NA
"ASV4819","Bacteria","Actinomycetota","Thermoleophilia","Solirubrobacterales","67-14",NA,NA
"ASV4820","Bacteria","Actinomycetota","Actinobacteria","Micrococcales","Microbacteriaceae","Microbacterium",NA
"ASV4821","Bacteria","Bacillota","Clostridia","Christensenellales","Christensenellaceae",NA,NA
"ASV4822","Bacteria","Bdellovibrionota","Bdellovibrionia","Bdellovibrionales","Pseudobdellovibrionaceae",NA,NA
"ASV4823","Bacteria","Bacteroidota","Bacteroidia","Cytophagales","Spirosomataceae","Dyadobacter",NA
"ASV4824","Bacteria","Pseudomonadota","Gammaproteobacteria","Burkholderiales","Comamonadaceae","Xylophilus",NA
"ASV4825","Bacteria","Pseudomonadota","Gammaproteobacteria",NA,NA,NA,NA
"ASV4826","Bacteria","Dependentiae","Babeliae","Babeliales","Vermiphilaceae",NA,NA
"ASV4827","Bacteria","Armatimonadota","Fimbriimonadia","Fimbriimonadales","Fimbriimonadaceae",NA,NA
"ASV4828","Bacteria","Pseudomonadota","Alphaproteobacteria","Rickettsiales","SM2D12",NA,NA
"ASV4829","Bacteria","Pseudomonadota","Alphaproteobacteria","Hyphomicrobiales","Devosiaceae","Devosia",NA
"ASV4830","Bacteria","Pseudomonadota","Gammaproteobacteria","Legionellales","Legionellaceae",NA,NA
"ASV4831","Bacteria","Verrucomicrobiota","Verrucomicrobiia","Pedosphaerales","Pedosphaeraceae",NA,NA
"ASV4832","Bacteria","Pseudomonadota","Gammaproteobacteria","Legionellales","Legionellaceae","Legionella",NA
"ASV4833","Bacteria","Bacillota","Bacilli","Paenibacillales","Paenibacillaceae","Paenibacillus",NA
"ASV4834","Bacteria","Actinomycetota","Actinobacteria","Frankiales","Acidothermaceae","Acidothermus",NA
"ASV4835","Bacteria","Chlamydiota","Chlamydiia","Chlamydiales",NA,NA,NA
"ASV4836","Bacteria","Pseudomonadota","Alphaproteobacteria","Hyphomicrobiales","Xanthobacteraceae",NA,NA
"ASV4837","Bacteria","Pseudomonadota","Alphaproteobacteria","Sphingomonadales","Sphingomonadaceae",NA,NA
"ASV4838","Bacteria","Patescibacteria","Saccharimonadia","Saccharimonadales",NA,NA,NA
"ASV4839","Bacteria","Pseudomonadota","Gammaproteobacteria","Rickettsiellales","Rickettsiellaceae","Aquicella",NA
"ASV4840","Bacteria","Acidobacteriota","Acidobacteriae","Terriglobales","Acidobacteriaceae (Subgroup 1)","Granulicella","paludicola"
"ASV4841","Bacteria","Pseudomonadota","Alphaproteobacteria","Caulobacterales","Caulobacteraceae",NA,NA
"ASV4842","Bacteria","Pseudomonadota","Alphaproteobacteria","Elsterales",NA,NA,NA
"ASV4843","Bacteria","Actinomycetota","Actinobacteria","Propionibacteriales","Nocardioidaceae","Nocardioides",NA
"ASV4844","Bacteria","Actinomycetota","Actinobacteria","Micrococcales","Microbacteriaceae","Gryllotalpicola",NA
"ASV4845","Bacteria","Pseudomonadota","Alphaproteobacteria","Acetobacterales","Acetobacteraceae","Acidisphaera",NA
"ASV4846","Bacteria","Pseudomonadota","Alphaproteobacteria","Hyphomicrobiales","Beijerinckiaceae",NA,NA
"ASV4847","Bacteria","Planctomycetota","Planctomycetes","Isosphaerales","Isosphaeraceae","Aquisphaera",NA
"ASV4848","Bacteria","Acidobacteriota","Acidobacteriae","Terriglobales","Acidobacteriaceae (Subgroup 1)","Bryocella",NA
"ASV4849","Bacteria","Bacteroidota","Bacteroidia","Sphingobacteriales","Sphingobacteriaceae","Mucilaginibacter",NA
"ASV4850","Bacteria","Actinomycetota","Acidimicrobiia","Acidimicrobiales","Acidimicrobiaceae",NA,NA
"ASV4851","Bacteria","Pseudomonadota","Gammaproteobacteria","Rickettsiellales","Rickettsiellaceae",NA,NA
"ASV4852","Bacteria","Cyanobacteriota","Vampirivibrionia","Obscuribacterales","Obscuribacteraceae",NA,NA
"ASV4853","Bacteria","Bacteroidota","Bacteroidia","Chitinophagales","Chitinophagaceae","Taibaiella",NA
"ASV4854","Bacteria","Cyanobacteriota","Vampirivibrionia","Obscuribacterales","Obscuribacteraceae",NA,NA
"ASV4855","Bacteria","Pseudomonadota","Alphaproteobacteria","Micropepsales","Micropepsaceae",NA,NA
"ASV4856","Bacteria","Pseudomonadota","Gammaproteobacteria","Rickettsiellales","Rickettsiellaceae","Aquicella",NA
"ASV4857","Bacteria","Pseudomonadota","Alphaproteobacteria","Hyphomicrobiales","Devosiaceae",NA,NA
"ASV4858","Bacteria","Pseudomonadota","Alphaproteobacteria","Hyphomicrobiales","KF-JG30-B3",NA,NA
"ASV4859","Bacteria","Pseudomonadota","Alphaproteobacteria","Parvibaculales","Parvibaculaceae","Parvibaculum",NA
"ASV4860","Bacteria","Pseudomonadota","Alphaproteobacteria","Micropepsales","Micropepsaceae",NA,NA
"ASV4861","Bacteria","Pseudomonadota","Alphaproteobacteria","Paracaedibacterales","Paracaedibacteraceae","Candidatus Captivus",NA
"ASV4862","Bacteria","Pseudomonadota","Gammaproteobacteria","Burkholderiales","TRA3-20",NA,NA
"ASV4863","Bacteria","Actinomycetota","Actinobacteria","Frankiales",NA,NA,NA
"ASV4864","Bacteria","Pseudomonadota","Gammaproteobacteria","Legionellales","Legionellaceae","Legionella",NA
"ASV4865","Bacteria","Pseudomonadota","Alphaproteobacteria","Caulobacterales","Hyphomonadaceae","Hirschia",NA
"ASV4866","Bacteria","Chloroflexota","TK10",NA,NA,NA,NA
"ASV4867","Bacteria","Pseudomonadota","Alphaproteobacteria","Caulobacterales","Caulobacteraceae",NA,NA
"ASV4868","Bacteria","Bdellovibrionota","Bdellovibrionia","Bdellovibrionales","Pseudobdellovibrionaceae",NA,NA
"ASV4869","Bacteria","Gemmatimonadota","Longimicrobiia","Longimicrobiales","Longimicrobiaceae",NA,NA
"ASV4870","Bacteria","Sumerlaeota","Sumerlaeia","Sumerlaeales","Sumerlaeaceae","Sumerlaea",NA
"ASV4871","Bacteria","Pseudomonadota","Gammaproteobacteria",NA,NA,NA,NA
"ASV4872","Bacteria","Pseudomonadota","Gammaproteobacteria","Rickettsiellales","Rickettsiellaceae","Aquicella",NA
"ASV4873","Bacteria","Pseudomonadota","Gammaproteobacteria","Burkholderiales","Oxalobacteraceae",NA,NA
"ASV4874","Bacteria","Bacillota","Bacilli","Paenibacillales","Paenibacillaceae","Paenibacillus",NA
"ASV4875","Bacteria","Pseudomonadota","Alphaproteobacteria","Rickettsiales","Mitochondria",NA,NA
"ASV4876","Bacteria","Bacteroidota","Bacteroidia","Chitinophagales","Chitinophagaceae",NA,NA
"ASV4877","Bacteria","Bacteroidota","Bacteroidia","Chitinophagales","Chitinophagaceae","Flavisolibacter",NA
"ASV4878","Bacteria","Chlamydiota","Chlamydiia","Chlamydiales","Simkaniaceae",NA,NA
"ASV4879","Bacteria","Bdellovibrionota","Bdellovibrionia","Bdellovibrionales","Pseudobdellovibrionaceae",NA,NA
"ASV4880","Bacteria","Patescibacteria","Gracilibacteria","Candidatus Peribacteria",NA,NA,NA
"ASV4881","Bacteria","Bdellovibrionota","Oligoflexia","Oligoflexales","Oligoflexaceae",NA,NA
"ASV4882","Bacteria","Patescibacteria","Parcubacteria","Candidatus Kaiserbacteria",NA,NA,NA
"ASV4883","Bacteria","Pseudomonadota","Gammaproteobacteria","Burkholderiales","Neisseriaceae",NA,NA
"ASV4884","Bacteria","Bacteroidota","Bacteroidia","Chitinophagales","Chitinophagaceae","Nemorincola",NA
"ASV4885","Bacteria","SAR324 clade(Marine group B)","Incertae Sedis","Incertae Sedis","Incertae Sedis","Candidatus Nitrosoarchaeum",NA
"ASV4886","Bacteria","Fibrobacterota","Fibrobacteria","Fibrobacterales","Fibrobacteraceae","possible genus 04",NA
"ASV4887","Bacteria","Pseudomonadota","Alphaproteobacteria","Sphingomonadales","Sphingomonadaceae","Altererythrobacter",NA
"ASV4888","Bacteria","Bacteroidota","Bacteroidia","Flavobacteriales","Weeksellaceae","Moheibacter",NA
"ASV4889","Bacteria","Pseudomonadota","Alphaproteobacteria",NA,NA,NA,NA
"ASV4890","Bacteria","Sumerlaeota","Sumerlaeia","Sumerlaeales","Sumerlaeaceae","Sumerlaea",NA
"ASV4891","Bacteria","Planctomycetota","Planctomycetes","Isosphaerales","Isosphaeraceae","Singulisphaera",NA
"ASV4892","Bacteria","Planctomycetota","Planctomycetes","Planctomycetales",NA,NA,NA
"ASV4893","Bacteria","Pseudomonadota","Alphaproteobacteria","Micavibrionales",NA,NA,NA
"ASV4894","Bacteria","Bdellovibrionota","Oligoflexia","Oligoflexales","Oligoflexaceae",NA,NA
"ASV4895","Bacteria","Pseudomonadota","Alphaproteobacteria","Micavibrionales",NA,NA,NA
"ASV4896","Bacteria","Pseudomonadota","Gammaproteobacteria","Legionellales","Legionellaceae","Legionella",NA
"ASV4897","Bacteria","Pseudomonadota","Alphaproteobacteria","Hyphomicrobiales","Rhizobiaceae","Aureimonas","ureilytica"
"ASV4898","Bacteria","Pseudomonadota","Gammaproteobacteria","Ectothiorhodospirales","Thioalkalispiraceae",NA,NA
"ASV4899","Bacteria","Planctomycetota","Planctomycetes","Isosphaerales","Isosphaeraceae","Aquisphaera",NA
"ASV4900","Bacteria","Chloroflexota","JG30-KF-CM66",NA,NA,NA,NA
"ASV4901","Bacteria","Pseudomonadota","Gammaproteobacteria","Legionellales","Legionellaceae","Legionella",NA
"ASV4902","Bacteria","Bacillota","Bacilli","Alicyclobacillales","Alicyclobacillaceae","Alicyclobacillus",NA
"ASV4903","Bacteria","Patescibacteria","Saccharimonadia","Saccharimonadales",NA,NA,NA
"ASV4904","Bacteria","Bacillota","Bacilli","Bacillales","Bacillaceae","Niallia",NA
"ASV4905","Bacteria","Bacillota","Bacilli","Exiguobacterales","Exiguobacteraceae","Exiguobacterium",NA
"ASV4906","Bacteria","Pseudomonadota","Gammaproteobacteria","Burkholderiales","Oxalobacteraceae","Massilia",NA
"ASV4907","Bacteria","Actinomycetota","Actinobacteria","Propionibacteriales","Nocardioidaceae","Aeromicrobium","tamlense"
"ASV4908","Bacteria","Pseudomonadota","Alphaproteobacteria","Sphingomonadales","Sphingomonadaceae","Sphingomonas",NA
"ASV4909","Bacteria","Bacillota","Bacilli","Alicyclobacillales","Alicyclobacillaceae","Alicyclobacillus",NA
"ASV4910","Bacteria","Pseudomonadota","Alphaproteobacteria","Rickettsiales","Rickettsiaceae",NA,NA
"ASV4911","Bacteria","Pseudomonadota","Alphaproteobacteria","Hyphomicrobiales","Beijerinckiaceae","Enterovirga",NA
"ASV4912","Bacteria","Pseudomonadota","Alphaproteobacteria","Rickettsiales","Mitochondria",NA,NA
"ASV4913","Bacteria","Pseudomonadota","Alphaproteobacteria","Sphingomonadales","Sphingomonadaceae","Novosphingobium",NA
"ASV4914","Bacteria","Verrucomicrobiota","Verrucomicrobiia","Pedosphaerales","Pedosphaeraceae",NA,NA
"ASV4915","Bacteria","Bacteroidota","Bacteroidia","Flavobacteriales","Crocinitomicaceae","Fluviicola",NA
"ASV4916","Bacteria","Pseudomonadota","Gammaproteobacteria","Legionellales","Legionellaceae","Legionella",NA
"ASV4917","Bacteria","Bacillota","Bacilli","Bacillales","Bacillaceae",NA,NA
"ASV4918","Bacteria","Pseudomonadota","Alphaproteobacteria","Rickettsiales","SM2D12",NA,NA
"ASV4919","Bacteria","Pseudomonadota","Gammaproteobacteria","Burkholderiales","Comamonadaceae",NA,NA
"ASV4920","Bacteria","Patescibacteria","Saccharimonadia","Saccharimonadales",NA,NA,NA
"ASV4921","Bacteria","Actinomycetota","Actinobacteria","Propionibacteriales","Nocardioidaceae","Nocardioides",NA
"ASV4922","Bacteria","Bacillota","Bacilli","Paenibacillales","Paenibacillaceae","Paenibacillus",NA
"ASV4923","Bacteria","Pseudomonadota","Gammaproteobacteria","Burkholderiales","Comamonadaceae","Piscinibacter",NA
"ASV4924","Bacteria","Bdellovibrionota","Bacteriovoracia","Bacteriovoracales","Bacteriovoracaceae","Peredibacter",NA
"ASV4925","Bacteria","Pseudomonadota","Alphaproteobacteria","Elsterales",NA,NA,NA
"ASV4926","Bacteria","Actinomycetota","Actinobacteria","Catenulisporales","Actinospicaceae",NA,NA
"ASV4927","Bacteria","Pseudomonadota","Alphaproteobacteria","Micropepsales","Micropepsaceae",NA,NA
"ASV4928","Bacteria","Pseudomonadota","Alphaproteobacteria",NA,NA,NA,NA
"ASV4929","Bacteria","Pseudomonadota","Gammaproteobacteria",NA,NA,NA,NA
"ASV4930","Bacteria","Pseudomonadota","Alphaproteobacteria","Micavibrionales",NA,NA,NA
"ASV4931","Bacteria","Pseudomonadota","Alphaproteobacteria","Hyphomicrobiales","Hyphomicrobiaceae","Hyphomicrobium",NA
"ASV4932","Bacteria","Pseudomonadota","Alphaproteobacteria","Rickettsiales","Mitochondria",NA,NA
"ASV4933","Bacteria","Acidobacteriota","Acidobacteriae","Bryobacterales","Bryobacteraceae","Bryobacter",NA
"ASV4934","Bacteria","Pseudomonadota","Alphaproteobacteria","Hyphomicrobiales","Hyphomicrobiaceae","Pedomicrobium",NA
"ASV4935","Bacteria","Pseudomonadota","Alphaproteobacteria","Hyphomicrobiales","Hyphomicrobiales Incertae Sedis","Bauldia",NA
"ASV4936","Bacteria","Pseudomonadota","Gammaproteobacteria","Rickettsiellales","Rickettsiellaceae",NA,NA
"ASV4937","Bacteria","Pseudomonadota","Alphaproteobacteria","Thalassobaculales",NA,NA,NA
"ASV4938","Bacteria","Acidobacteriota","Acidobacteriae","Bryobacterales","Bryobacteraceae","Paludibaculum",NA
"ASV4939","Bacteria","Pseudomonadota","Alphaproteobacteria","Hyphomicrobiales","Xanthobacteraceae","Pseudolabrys",NA
"ASV4940","Bacteria","Bacillota","Bacilli","Paenibacillales","Paenibacillaceae","Paenibacillus",NA
"ASV4941","Bacteria","Bacteroidota","Bacteroidia","Chitinophagales","Chitinophagaceae","Chitinophaga","pinensis"
"ASV4942","Bacteria","Pseudomonadota","Alphaproteobacteria","Rhodospirillales",NA,NA,NA
"ASV4943","Bacteria","Pseudomonadota","Gammaproteobacteria","Burkholderiales","Comamonadaceae",NA,NA
"ASV4944","Bacteria","Pseudomonadota","Gammaproteobacteria","Burkholderiales","B1-7BS",NA,NA
"ASV4945","Bacteria","Pseudomonadota","Gammaproteobacteria","Rickettsiellales","Rickettsiellaceae",NA,NA
"ASV4946","Bacteria","Bdellovibrionota","Oligoflexia","0319-6G20",NA,NA,NA
"ASV4947","Bacteria","Sumerlaeota","Sumerlaeia","Sumerlaeales","Sumerlaeaceae","Sumerlaea",NA
"ASV4948","Bacteria","Bacillota","Bacilli","Paenibacillales","Paenibacillaceae","Paenibacillus",NA
"ASV4949","Bacteria","Actinomycetota","Actinobacteria","Micrococcales","Microbacteriaceae","Microbacterium",NA
"ASV4950","Bacteria","Planctomycetota","Planctomycetes","Isosphaerales","Isosphaeraceae",NA,NA
"ASV4951","Bacteria","Verrucomicrobiota","Verrucomicrobiia","Pedosphaerales","Pedosphaeraceae",NA,NA
"ASV4952","Bacteria","Actinomycetota","Thermoleophilia","Solirubrobacterales","Solirubrobacteraceae","Paraconexibacter",NA
"ASV4953","Bacteria","Actinomycetota","Acidimicrobiia","Acidimicrobiales","Acidimicrobiaceae",NA,NA
"ASV4954","Bacteria","Acidobacteriota","Acidobacteriae","Terriglobales","Acidobacteriaceae (Subgroup 1)",NA,NA
"ASV4955","Bacteria","Acidobacteriota","Acidobacteriae","Terriglobales","Acidobacteriaceae (Subgroup 1)","Granulicella",NA
"ASV4956","Bacteria","Pseudomonadota","Gammaproteobacteria","JG36-TzT-191",NA,NA,NA
"ASV4957","Bacteria","Pseudomonadota","Gammaproteobacteria",NA,NA,NA,NA
"ASV4958","Bacteria","Pseudomonadota","Alphaproteobacteria","Caulobacterales","Caulobacteraceae","Phenylobacterium",NA
"ASV4959","Bacteria","Pseudomonadota","Gammaproteobacteria","Rickettsiellales","Rickettsiellaceae",NA,NA
"ASV4960","Bacteria","Planctomycetota","Planctomycetes","Isosphaerales","Isosphaeraceae","Singulisphaera",NA
"ASV4961","Bacteria","Actinomycetota","Thermoleophilia","Gaiellales",NA,NA,NA
"ASV4962","Bacteria","Bacillota","Bacilli","Paenibacillales","Paenibacillaceae","Paenibacillus",NA
"ASV4963","Bacteria","Pseudomonadota","Alphaproteobacteria","Hyphomicrobiales","D05-2",NA,NA
"ASV4964","Bacteria","Bacillota","Bacilli","Paenibacillales","Paenibacillaceae","Paenibacillus",NA
"ASV4965","Bacteria","Planctomycetota","Planctomycetes","Pirellulales","Pirellulaceae","Pirellula",NA
"ASV4966","Bacteria","Bacteroidota","Bacteroidia","Chitinophagales","Chitinophagaceae","Chitinophaga",NA
"ASV4967","Bacteria","Pseudomonadota","Gammaproteobacteria",NA,NA,NA,NA
"ASV4968","Bacteria","Pseudomonadota","Alphaproteobacteria","Azospirillales","Azospirillaceae",NA,NA
"ASV4969","Bacteria","Candidatus Kapabacteria","Kapabacteria","Kapabacteriales",NA,NA,NA
"ASV4970","Bacteria","Pseudomonadota","Alphaproteobacteria","Rickettsiales","SM2D12",NA,NA
"ASV4971","Bacteria","Planctomycetota","Planctomycetes","Isosphaerales","Isosphaeraceae","Tundrisphaera",NA
"ASV4972","Bacteria","Pseudomonadota","Alphaproteobacteria","Rickettsiales",NA,NA,NA
"ASV4973","Bacteria","Pseudomonadota","Alphaproteobacteria","Rhodospirillales","Magnetospiraceae",NA,NA
"ASV4974","Bacteria","Pseudomonadota","Gammaproteobacteria","Rickettsiellales","Rickettsiellaceae",NA,NA
"ASV4975","Bacteria","Pseudomonadota","Gammaproteobacteria","Gammaproteobacteria Incertae Sedis","Unknown Family","Candidatus Ovatusbacter",NA
"ASV4976","Bacteria","Actinomycetota","Thermoleophilia","Solirubrobacterales","Solirubrobacteraceae","Baekduia",NA
"ASV4977","Bacteria","Pseudomonadota","Gammaproteobacteria","Rickettsiellales","Rickettsiellaceae",NA,NA
"ASV4978","Bacteria","Bacillota",NA,NA,NA,NA,NA
"ASV4979","Bacteria","Pseudomonadota","Gammaproteobacteria","Gammaproteobacteria Incertae Sedis","Unknown Family","Acidibacter",NA
"ASV4980","Bacteria","Cyanobacteriota","Cyanobacteriia","Cyanobacteriales","Chroococcidiopsaceae","Aliterella",NA
"ASV4981","Bacteria","Myxococcota","Polyangiia","Haliangiales","Haliangiaceae",NA,NA
"ASV4982","Bacteria","Pseudomonadota","Alphaproteobacteria","Rickettsiales","Mitochondria",NA,NA
"ASV4983","Bacteria","Pseudomonadota","Alphaproteobacteria","Sphingomonadales","Sphingomonadaceae","Novosphingobium",NA
"ASV4984","Bacteria","Patescibacteria","Saccharimonadia","Saccharimonadales",NA,NA,NA
"ASV4985","Bacteria","Bacteroidota","Bacteroidia","Chitinophagales","Chitinophagaceae","Nemorincola",NA
"ASV4986","Bacteria","Bacteroidota","Bacteroidia","Flavobacteriales","Flavobacteriaceae","Flavobacterium",NA
"ASV4987","Bacteria","Actinomycetota","Actinobacteria","Propionibacteriales","Nocardioidaceae","Marmoricola",NA
"ASV4988","Bacteria","Pseudomonadota","Gammaproteobacteria","Legionellales","Legionellaceae","Legionella",NA
"ASV4989","Bacteria","Planctomycetota","Planctomycetes","Pirellulales","Pirellulaceae","Pirellula",NA
"ASV4990","Bacteria","Pseudomonadota","Alphaproteobacteria","Rickettsiales","Rickettsiaceae",NA,NA
"ASV4991","Bacteria","Patescibacteria","Saccharimonadia","Saccharimonadales","WWH38",NA,NA
"ASV4992","Bacteria","Pseudomonadota","Alphaproteobacteria",NA,NA,NA,NA
"ASV4993","Bacteria","Dependentiae","Babeliae","Babeliales","Babeliaceae",NA,NA
"ASV4994","Bacteria","Bacteroidota","Bacteroidia","Flavobacteriales","Flavobacteriaceae","Flavobacterium",NA
"ASV4995","Bacteria","Pseudomonadota","Alphaproteobacteria","Micavibrionales",NA,NA,NA
"ASV4996","Bacteria","Chloroflexota","TK10",NA,NA,NA,NA
"ASV4997","Bacteria","Pseudomonadota","Alphaproteobacteria","Tistrellales","Geminicoccaceae","Candidatus Alysiosphaera",NA
"ASV4998","Bacteria","Pseudomonadota","Alphaproteobacteria",NA,NA,NA,NA
"ASV4999","Bacteria","Planctomycetota","Planctomycetes","Isosphaerales","Isosphaeraceae","Singulisphaera",NA
"ASV5000","Bacteria","Pseudomonadota","Alphaproteobacteria",NA,NA,NA,NA
"ASV5001","Bacteria","Actinomycetota","Actinobacteria","Propionibacteriales","Nocardioidaceae","Nocardioides",NA
"ASV5002","Bacteria","Patescibacteria","Saccharimonadia","Saccharimonadales","WWH38",NA,NA
"ASV5003","Bacteria","Verrucomicrobiota","Verrucomicrobiia","Opitutales","Puniceicoccaceae",NA,NA
"ASV5004","Bacteria","Verrucomicrobiota","Verrucomicrobiia","Chthoniobacterales","Terrimicrobiaceae","Terrimicrobium",NA
"ASV5005","Bacteria","Bacillota","Bacilli","Paenibacillales","Paenibacillaceae",NA,NA
"ASV5006","Bacteria","Bdellovibrionota","Bacteriovoracia","Bacteriovoracales","Bacteriovoracaceae","Bacteriovorax",NA
"ASV5007","Bacteria","Pseudomonadota","Gammaproteobacteria","Burkholderiales","Oxalobacteraceae","Pseudoduganella",NA
"ASV5008","Bacteria","Pseudomonadota","Alphaproteobacteria","Rickettsiales","Mitochondria",NA,NA
"ASV5009","Bacteria","Bacillota","Bacilli","Paenibacillales","Paenibacillaceae","Paenibacillus",NA
"ASV5010","Bacteria","Pseudomonadota","Gammaproteobacteria","Burkholderiales","Oxalobacteraceae","Janthinobacterium",NA
"ASV5011","Bacteria","Actinomycetota","Actinobacteria","Micrococcales","Cellulomonadaceae","Oerskovia",NA
"ASV5012","Bacteria","Patescibacteria","Saccharimonadia","Saccharimonadales",NA,NA,NA
"ASV5013","Bacteria","Pseudomonadota","Alphaproteobacteria","Rickettsiales","SM2D12",NA,NA
"ASV5014","Bacteria","Planctomycetota","Phycisphaerae","Tepidisphaerales","WD2101 soil group",NA,NA
"ASV5015","Bacteria","Pseudomonadota","Alphaproteobacteria","Micavibrionales",NA,NA,NA
"ASV5016","Bacteria","Patescibacteria","Saccharimonadia","Saccharimonadales",NA,NA,NA
"ASV5017","Bacteria","Pseudomonadota","Gammaproteobacteria","Legionellales","Legionellaceae","Legionella",NA
"ASV5018","Bacteria","Chlamydiota","Chlamydiia","Chlamydiales","Parachlamydiaceae",NA,NA
"ASV5019","Bacteria","Pseudomonadota","Alphaproteobacteria","Rhodobacterales","Paracoccaceae","Paracoccus",NA
"ASV5020","Bacteria","Actinomycetota","Actinobacteria","Mycobacteriales","Corynebacteriaceae","Corynebacterium",NA
"ASV5021","Bacteria","Verrucomicrobiota","Verrucomicrobiia","Opitutales","Opitutaceae","Opitutus",NA
"ASV5022","Bacteria","Pseudomonadota","Gammaproteobacteria","Coxiellales","Coxiellaceae","Coxiella",NA
"ASV5023","Bacteria","Pseudomonadota","Alphaproteobacteria","Rickettsiales","SM2D12",NA,NA
"ASV5024","Bacteria","Planctomycetota","Planctomycetes","Isosphaerales","Isosphaeraceae","Paludisphaera",NA
"ASV5025","Bacteria","Bacteroidota","Bacteroidia","Flavobacteriales","Crocinitomicaceae","Fluviicola",NA
"ASV5026","Bacteria","Actinomycetota","Thermoleophilia","Solirubrobacterales","67-14",NA,NA
"ASV5027","Bacteria","Pseudomonadota","Gammaproteobacteria","Burkholderiales","Oxalobacteraceae",NA,NA
"ASV5028","Bacteria","Pseudomonadota","Alphaproteobacteria","Hyphomicrobiales","Rhizobiaceae",NA,NA
"ASV5029","Bacteria","Actinomycetota","Actinobacteria","Frankiales",NA,NA,NA
"ASV5030","Bacteria","Pseudomonadota","Gammaproteobacteria","Pseudomonadales","Pseudomonadaceae","Pseudomonas","japonica"
"ASV5031","Bacteria","Pseudomonadota","Alphaproteobacteria","Hyphomicrobiales","Rhizobiaceae","Pararhizobium",NA
"ASV5032","Bacteria","Bacteroidota","Bacteroidia","Flavobacteriales","Flavobacteriaceae","Flavobacterium",NA
"ASV5033","Bacteria","Chlamydiota","Chlamydiia","Chlamydiales",NA,NA,NA
"ASV5034","Bacteria","Pseudomonadota","Gammaproteobacteria","Legionellales","Legionellaceae","Legionella",NA
"ASV5035","Bacteria","Pseudomonadota","Alphaproteobacteria","Azospirillales","Azospirillaceae","Azospirillum",NA
"ASV5036","Bacteria","Pseudomonadota","Alphaproteobacteria","Hyphomicrobiales","Xanthobacteraceae","Pseudolabrys",NA
"ASV5037","Bacteria","Pseudomonadota","Alphaproteobacteria","Sphingomonadales","Sphingomonadaceae","Rhizorhabdus",NA
"ASV5038","Bacteria","Bacillota","Bacilli","Bacillales","Bacillaceae","Niallia",NA
"ASV5039","Bacteria","Patescibacteria","Saccharimonadia","Saccharimonadales","Saccharimonadaceae","TM7a",NA
"ASV5040","Bacteria","Pseudomonadota","Alphaproteobacteria","Caulobacterales","Caulobacteraceae","Caulobacter",NA
"ASV5041","Bacteria","Pseudomonadota","Gammaproteobacteria","Burkholderiales","Comamonadaceae","Aquabacterium",NA
"ASV5042","Bacteria","Actinomycetota","Actinobacteria","Propionibacteriales","Nocardioidaceae","Nocardioides",NA
"ASV5043","Bacteria","Pseudomonadota","Alphaproteobacteria","Hyphomicrobiales","Devosiaceae","Devosia",NA
"ASV5044","Bacteria","Bacteroidota","Bacteroidia","Sphingobacteriales","Sphingobacteriaceae","Arcticibacter",NA
"ASV5045","Bacteria","Pseudomonadota","Alphaproteobacteria","Sphingomonadales","Sphingomonadaceae","Sphingobium",NA
"ASV5046","Bacteria","Actinomycetota","Thermoleophilia","Solirubrobacterales","67-14",NA,NA
"ASV5047","Bacteria","Bdellovibrionota","Oligoflexia","0319-6G20",NA,NA,NA
"ASV5048","Bacteria","Pseudomonadota","Gammaproteobacteria","Legionellales","Legionellaceae","Legionella",NA
"ASV5049","Bacteria","Cyanobacteriota","Vampirivibrionia","Vampirovibrionales","Vampirovibrionaceae","Vampirovibrio",NA
"ASV5050","Bacteria","Pseudomonadota","Gammaproteobacteria","Legionellales","Legionellaceae","Legionella",NA
"ASV5051","Bacteria","Bacillota","Bacilli","Paenibacillales","Paenibacillaceae","Paenibacillus","baekrokdamisoli"
"ASV5052","Bacteria","Verrucomicrobiota","Verrucomicrobiia","Opitutales","Opitutaceae","Oleiharenicola",NA
"ASV5053","Bacteria","Pseudomonadota","Alphaproteobacteria","Hyphomicrobiales","KF-JG30-B3",NA,NA
"ASV5054","Bacteria","Gemmatimonadota","Gemmatimonadia","Gemmatimonadales","Gemmatimonadaceae","Gemmatimonas",NA
"ASV5055","Bacteria","Actinomycetota","Actinobacteria","Streptosporangiales","Thermomonosporaceae","Thermobispora",NA
"ASV5056","Bacteria","Acidobacteriota","Acidobacteriae","Terriglobales","Acidobacteriaceae (Subgroup 1)","Granulicella",NA
"ASV5057","Bacteria","Chlamydiota","Chlamydiia","Chlamydiales","Parachlamydiaceae","Candidatus Protochlamydia",NA
"ASV5058","Bacteria","Dependentiae","Babeliae","Babeliales","Vermiphilaceae",NA,NA
"ASV5059","Bacteria","Chloroflexota","OLB14",NA,NA,NA,NA
"ASV5060","Bacteria","Patescibacteria","Gracilibacteria","Candidatus Peribacteria",NA,NA,NA
"ASV5061","Bacteria","Actinomycetota","Actinobacteria","Kitasatosporales","Streptomycetaceae","Allostreptomyces",NA
"ASV5062","Bacteria","Pseudomonadota","Alphaproteobacteria","Rickettsiales","SM2D12",NA,NA
"ASV5063","Bacteria","Bacillota","Bacilli","Paenibacillales","Paenibacillaceae","Gorillibacterium",NA
"ASV5064","Bacteria","Pseudomonadota","Alphaproteobacteria","Rhodospirillales",NA,NA,NA
"ASV5065","Bacteria","Planctomycetota","Planctomycetes","Planctomycetales",NA,NA,NA
"ASV5066","Bacteria","Cyanobacteriota","Cyanobacteriia","Chloroplast",NA,NA,NA
"ASV5067","Bacteria","Verrucomicrobiota","Verrucomicrobiia","Chthoniobacterales","Terrimicrobiaceae","Terrimicrobium",NA
"ASV5068","Bacteria","Pseudomonadota","Gammaproteobacteria","Burkholderiales","TRA3-20",NA,NA
"ASV5069","Bacteria","Pseudomonadota","Gammaproteobacteria","Legionellales","Legionellaceae","Legionella",NA
"ASV5070","Bacteria","Bacteroidota","Bacteroidia","Chitinophagales","Chitinophagaceae","Chitinophaga",NA
"ASV5071","Bacteria","Cyanobacteriota","Sericytochromatia",NA,NA,NA,NA
"ASV5072","Bacteria","Pseudomonadota","Alphaproteobacteria",NA,NA,NA,NA
"ASV5073","Bacteria","Dependentiae","Babeliae","Babeliales","Vermiphilaceae",NA,NA
"ASV5074","Bacteria","Chloroflexota","Chloroflexia","Thermomicrobiales","JG30-KF-CM45",NA,NA
"ASV5075","Bacteria","Pseudomonadota","Gammaproteobacteria","Rickettsiellales","Rickettsiellaceae",NA,NA
"ASV5076","Bacteria","Planctomycetota","Planctomycetes","Pirellulales","Pirellulaceae","Pirellula",NA
"ASV5077","Bacteria","Abditibacteriota","Abditibacteriia","Abditibacteriales","Abditibacteriaceae","Abditibacterium",NA
"ASV5078","Bacteria","Pseudomonadota","Gammaproteobacteria","Burkholderiales","Nitrosomonadaceae","MND1",NA
"ASV5079","Bacteria","Pseudomonadota","Gammaproteobacteria","Legionellales","Legionellaceae","Legionella",NA
"ASV5080","Bacteria","Pseudomonadota","Alphaproteobacteria","Caulobacterales","Caulobacteraceae",NA,NA
"ASV5081","Bacteria","Pseudomonadota","Alphaproteobacteria","Rhodospirillales","Magnetospiraceae",NA,NA
"ASV5082","Bacteria",NA,NA,NA,NA,NA,NA
"ASV5083","Bacteria","Cyanobacteriota","Sericytochromatia",NA,NA,NA,NA
"ASV5084","Bacteria","Bacillota","Bacilli","Paenibacillales","Paenibacillaceae","Paenibacillus",NA
"ASV5085","Bacteria","Pseudomonadota","Alphaproteobacteria","Hyphomicrobiales","Xanthobacteraceae","Ancylobacter","dichloromethanicus"
"ASV5086","Bacteria","Pseudomonadota","Alphaproteobacteria","Hyphomicrobiales","Xanthobacteraceae",NA,NA
"ASV5087","Bacteria","Actinomycetota","Actinobacteria","Micrococcales","Brevibacteriaceae","Spelaeicoccus","albus"
"ASV5088","Bacteria","Pseudomonadota","Gammaproteobacteria","Burkholderiales","Oxalobacteraceae","Massilia",NA
"ASV5089","Bacteria","Pseudomonadota","Alphaproteobacteria","Azospirillales","Inquilinaceae","Inquilinus",NA
"ASV5090","Bacteria","Acidobacteriota","Acidobacteriae","Terriglobales","Acidobacteriaceae (Subgroup 1)","Granulicella",NA
"ASV5091","Bacteria","Planctomycetota","Planctomycetes","Isosphaerales","Isosphaeraceae","Singulisphaera",NA
"ASV5092","Bacteria","Actinomycetota","Actinobacteria","Micrococcales","Intrasporangiaceae",NA,NA
"ASV5093","Bacteria","Pseudomonadota","Gammaproteobacteria","Rickettsiellales","Rickettsiellaceae",NA,NA
"ASV5094","Bacteria","Pseudomonadota","Alphaproteobacteria","Acetobacterales","Acetobacteraceae","Acidisphaera",NA
"ASV5095","Bacteria","Pseudomonadota","Alphaproteobacteria","Micropepsales","Micropepsaceae",NA,NA
"ASV5096","Bacteria","Verrucomicrobiota","Verrucomicrobiia","Pedosphaerales","Pedosphaeraceae",NA,NA
"ASV5097","Bacteria","Pseudomonadota","Gammaproteobacteria","Legionellales","Legionellaceae","Legionella",NA
"ASV5098","Bacteria","Actinomycetota","Acidimicrobiia","Acidimicrobiales","Acidimicrobiaceae",NA,NA
"ASV5099","Bacteria","Pseudomonadota","Gammaproteobacteria","Legionellales","Legionellaceae","Legionella",NA
"ASV5100","Bacteria","Pseudomonadota","Gammaproteobacteria","Rickettsiellales","Rickettsiellaceae",NA,NA
"ASV5101","Bacteria","Bacteroidota","Bacteroidia","Sphingobacteriales","NS11-12 marine group",NA,NA
"ASV5102","Bacteria","Chlamydiota","Chlamydiia","Chlamydiales","Simkaniaceae",NA,NA
"ASV5103","Bacteria","Bacteroidota","Bacteroidia","Sphingobacteriales","Sphingobacteriaceae","Arcticibacter",NA
"ASV5104","Bacteria","Patescibacteria","Saccharimonadia","Saccharimonadales","LWQ8",NA,NA
"ASV5105","Bacteria","Actinomycetota","Thermoleophilia","Solirubrobacterales","67-14",NA,NA
"ASV5106","Bacteria","Bacteroidota","Bacteroidia","Chitinophagales","Chitinophagaceae","Ilyomonas",NA
"ASV5107","Bacteria","Pseudomonadota","Alphaproteobacteria","Elsterales",NA,NA,NA
"ASV5108","Bacteria","Bacillota","Bacilli","Paenibacillales","Paenibacillaceae","Paenibacillus",NA
"ASV5109","Bacteria","Bacillota","Bacilli","Paenibacillales","Paenibacillaceae","Paenibacillus",NA
"ASV5110","Bacteria","Pseudomonadota","Alphaproteobacteria","Micavibrionales","Micavibrionaceae",NA,NA
"ASV5111","Bacteria","Pseudomonadota","Gammaproteobacteria","Legionellales","Legionellaceae","Legionella",NA
"ASV5112","Bacteria","Pseudomonadota","Alphaproteobacteria","Paracaedibacterales","Paracaedibacteraceae",NA,NA
"ASV5113","Bacteria","Planctomycetota","Planctomycetes","Gemmatales","Gemmataceae",NA,NA
"ASV5114","Bacteria","Pseudomonadota","Alphaproteobacteria","Caulobacterales","Caulobacteraceae","Phenylobacterium",NA
"ASV5115","Bacteria","Pseudomonadota","Alphaproteobacteria","Hyphomicrobiales","Xanthobacteraceae","Variibacter",NA
"ASV5116","Bacteria","Pseudomonadota","Gammaproteobacteria","PLTA13",NA,NA,NA
"ASV5117","Bacteria","Chloroflexota","TK10",NA,NA,NA,NA
"ASV5118","Bacteria","Planctomycetota","Planctomycetes","Planctomycetales",NA,NA,NA
"ASV5119","Bacteria","Chloroflexota","Ktedonobacteria","C0119",NA,NA,NA
"ASV5120","Bacteria","Pseudomonadota","Alphaproteobacteria","Hyphomicrobiales","Rhizobiaceae","Nitratireductor",NA
"ASV5121","Bacteria","Pseudomonadota","Gammaproteobacteria",NA,NA,NA,NA
"ASV5122","Bacteria","Acidobacteriota","Acidobacteriae","Terriglobales","Acidobacteriaceae (Subgroup 1)","Terriglobus",NA
"ASV5123","Bacteria","Bacillota","Desulfitobacteriia","Desulfitobacteriales","Desulfitobacteriaceae","Desulfosporosinus",NA
"ASV5124","Bacteria","Gemmatimonadota","Gemmatimonadia","Gemmatimonadales","Gemmatimonadaceae","Gemmatimonas",NA
"ASV5125","Bacteria","Pseudomonadota","Alphaproteobacteria","Rickettsiales","Rickettsiaceae",NA,NA
"ASV5126","Bacteria","Pseudomonadota","Alphaproteobacteria","Sphingomonadales","Sphingomonadaceae","Rhizorhabdus",NA
"ASV5127","Bacteria","Actinomycetota","Acidimicrobiia","Microtrichales","Ilumatobacteraceae","CL500-29 marine group",NA
"ASV5128","Bacteria","Bacteroidota","Bacteroidia","Chitinophagales","Chitinophagaceae","Terrimonas","lutea"
"ASV5129","Bacteria","Bacteroidota","Bacteroidia","Flavobacteriales","Crocinitomicaceae","Fluviicola",NA
"ASV5130","Bacteria","Patescibacteria","Saccharimonadia","Saccharimonadales",NA,NA,NA
"ASV5131","Bacteria","Gemmatimonadota","Gemmatimonadia","Gemmatimonadales","Gemmatimonadaceae","Gemmatimonas",NA
"ASV5132","Bacteria","Acidobacteriota","Vicinamibacteria","Vicinamibacterales",NA,NA,NA
"ASV5133","Bacteria","Patescibacteria","Parcubacteria",NA,NA,NA,NA
"ASV5134","Bacteria","Pseudomonadota","Alphaproteobacteria","Rhodospirillales",NA,NA,NA
"ASV5135","Bacteria","Pseudomonadota","Alphaproteobacteria","Reyranellales","Reyranellaceae",NA,NA
"ASV5136","Bacteria","Armatimonadota","Fimbriimonadia","Fimbriimonadales","Fimbriimonadaceae",NA,NA
"ASV5137","Bacteria","Patescibacteria","Parcubacteria","Candidatus Azambacteria",NA,NA,NA
"ASV5138","Bacteria","Armatimonadota","Fimbriimonadia","Fimbriimonadales","Fimbriimonadaceae",NA,NA
"ASV5139","Bacteria","Pseudomonadota","Alphaproteobacteria","Micavibrionales",NA,NA,NA
"ASV5140","Bacteria","Pseudomonadota","Alphaproteobacteria","Hyphomicrobiales","Beijerinckiaceae","Microvirga",NA
"ASV5141","Bacteria","Pseudomonadota","Gammaproteobacteria","Rickettsiellales","Rickettsiellaceae","Aquicella",NA
"ASV5142","Bacteria","Dependentiae","Babeliae","Babeliales","Babeliaceae",NA,NA
"ASV5143","Bacteria","Acidobacteriota","Vicinamibacteria","Vicinamibacterales",NA,NA,NA
"ASV5144","Bacteria","Planctomycetota","Planctomycetes","Gemmatales","Gemmataceae","Gemmata",NA
"ASV5145","Bacteria","Verrucomicrobiota","Verrucomicrobiia","Chthoniobacterales","Terrimicrobiaceae","Terrimicrobium",NA
"ASV5146","Bacteria","Dependentiae","Babeliae","Babeliales","Vermiphilaceae",NA,NA
"ASV5147","Bacteria","Chloroflexota","TK10",NA,NA,NA,NA
"ASV5148","Bacteria","Pseudomonadota","Gammaproteobacteria","Burkholderiales","Comamonadaceae","Caenimonas",NA
"ASV5149","Bacteria",NA,NA,NA,NA,NA,NA
"ASV5150","Bacteria","Actinomycetota","Actinobacteria","Propionibacteriales","Nocardioidaceae","Aeromicrobium",NA
"ASV5151","Bacteria","Bacillota","Bacilli","Paenibacillales","Paenibacillaceae","Paenibacillus",NA
"ASV5152","Bacteria","Actinomycetota","Actinobacteria","Kitasatosporales","Streptomycetaceae","Peterkaempfera",NA
"ASV5153","Bacteria","Pseudomonadota","Alphaproteobacteria","Caulobacterales","Caulobacteraceae",NA,NA
"ASV5154","Bacteria","Bacillota","Bacilli","Paenibacillales","Paenibacillaceae","Paenibacillus",NA
"ASV5155","Bacteria","Pseudomonadota","Gammaproteobacteria","Rickettsiellales","Rickettsiellaceae",NA,NA
"ASV5156","Bacteria","Pseudomonadota","Alphaproteobacteria","Hyphomicrobiales","Xanthobacteraceae","Afipia",NA
"ASV5157","Bacteria","Pseudomonadota","Alphaproteobacteria",NA,NA,NA,NA
"ASV5158","Bacteria","Actinomycetota","Thermoleophilia","Solirubrobacterales","67-14",NA,NA
"ASV5159","Bacteria","Dependentiae","Babeliae","Babeliales","Vermiphilaceae",NA,NA
"ASV5160","Bacteria","Cyanobacteriota","Cyanobacteriia","Chloroplast",NA,NA,NA
"ASV5161","Bacteria","Pseudomonadota",NA,NA,NA,NA,NA
"ASV5162","Bacteria","Pseudomonadota","Gammaproteobacteria","Gammaproteobacteria Incertae Sedis","Unknown Family","Acidibacter",NA
"ASV5163","Bacteria","Pseudomonadota","Alphaproteobacteria","Micropepsales","Micropepsaceae",NA,NA
"ASV5164","Bacteria","Bdellovibrionota","Bdellovibrionia","Bdellovibrionales","Pseudobdellovibrionaceae",NA,NA
"ASV5165","Bacteria","Pseudomonadota","Alphaproteobacteria","Rickettsiales","SM2D12",NA,NA
"ASV5166","Bacteria","Pseudomonadota","Alphaproteobacteria","Hyphomicrobiales","Beijerinckiaceae",NA,NA
"ASV5167","Bacteria","Pseudomonadota","Alphaproteobacteria","Sphingomonadales","Sphingomonadaceae","Sphingomonas",NA
"ASV5168","Bacteria","Actinomycetota","Actinobacteria","Propionibacteriales","Nocardioidaceae","Aeromicrobium",NA
"ASV5169","Bacteria","Cyanobacteriota","Sericytochromatia",NA,NA,NA,NA
"ASV5170","Bacteria","Bacteroidota","Bacteroidia","Sphingobacteriales","Sphingobacteriaceae","Daejeonella",NA
"ASV5171","Bacteria","Bacteroidota","Bacteroidia","Cytophagales","Spirosomataceae","Dyadobacter",NA
"ASV5172","Bacteria","Pseudomonadota","Gammaproteobacteria","Burkholderiales","Oxalobacteraceae","Duganella",NA
"ASV5173","Bacteria","Pseudomonadota","Alphaproteobacteria","Hyphomicrobiales","Xanthobacteraceae","Bradyrhizobium",NA
"ASV5174","Bacteria","Pseudomonadota","Alphaproteobacteria","Rickettsiales","Mitochondria",NA,NA
"ASV5175","Bacteria","Actinomycetota","Actinobacteria","Propionibacteriales","Nocardioidaceae","Nocardioides",NA
"ASV5176","Bacteria","Actinomycetota","Actinobacteria","Mycobacteriales","Nocardiaceae","Rhodococcus",NA
"ASV5177","Bacteria","Dependentiae","Babeliae","Babeliales","Incertae Sedis","UBA12411",NA
"ASV5178","Bacteria","Pseudomonadota","Alphaproteobacteria","Hyphomicrobiales","Xanthobacteraceae","Rhodoplanes",NA
"ASV5179","Bacteria","Bdellovibrionota","Bdellovibrionia","Bdellovibrionales","Pseudobdellovibrionaceae",NA,NA
"ASV5180","Bacteria","Acidobacteriota","Vicinamibacteria","Vicinamibacterales",NA,NA,NA
"ASV5181","Bacteria","Bdellovibrionota","Oligoflexia","0319-6G20",NA,NA,NA
"ASV5182","Bacteria","Pseudomonadota","Alphaproteobacteria","Micavibrionales",NA,NA,NA
"ASV5183","Bacteria","Bdellovibrionota","Oligoflexia","0319-6G20",NA,NA,NA
"ASV5184","Bacteria","Bacteroidota","Bacteroidia","Sphingobacteriales","Sphingobacteriaceae","Pedobacter",NA
"ASV5185","Bacteria","Actinomycetota","Actinobacteria","Micrococcales","Cellulomonadaceae","Actinotalea",NA
"ASV5186","Bacteria","Pseudomonadota","Alphaproteobacteria","Sphingomonadales","Sphingomonadaceae","Sphingobium",NA
"ASV5187","Bacteria","Acidobacteriota","Acidobacteriae","Terriglobales","Acidobacteriaceae (Subgroup 1)","Silvibacterium",NA
"ASV5188","Bacteria","Pseudomonadota","Alphaproteobacteria","Micavibrionales",NA,NA,NA
"ASV5189","Bacteria","Pseudomonadota","Alphaproteobacteria","Hyphomicrobiales","Beijerinckiaceae","Methylorubrum",NA
"ASV5190","Bacteria","Bacteroidota","Bacteroidia","Cytophagales","Spirosomataceae","Spirosoma",NA
"ASV5191","Bacteria","Patescibacteria","Saccharimonadia","Saccharimonadales","LWQ8",NA,NA
"ASV5192","Bacteria","Actinomycetota","Actinobacteria","Micrococcales","Dermabacteraceae","Dermabacter","hominis"
"ASV5193","Bacteria","Pseudomonadota","Gammaproteobacteria","Pseudomonadales","Pseudomonadaceae","Pseudomonas",NA
"ASV5194","Bacteria","Bacillota","Bacilli","Exiguobacterales","Exiguobacteraceae","Exiguobacterium",NA
"ASV5195","Bacteria","Verrucomicrobiota","Verrucomicrobiia","Verrucomicrobiales","Rubritaleaceae","Luteolibacter","yonseiensis"
"ASV5196","Bacteria","Deinococcota","Deinococci","Deinococcales","Trueperaceae","Truepera",NA
"ASV5197","Bacteria","Bacteroidota","Bacteroidia","Flavobacteriales","Flavobacteriaceae","Flavobacterium",NA
"ASV5198","Bacteria","Pseudomonadota","Alphaproteobacteria","Holosporales","Holosporaceae",NA,NA
"ASV5199","Bacteria","Planctomycetota","Planctomycetes","Isosphaerales","Isosphaeraceae","Singulisphaera",NA
"ASV5200","Bacteria","Pseudomonadota","Alphaproteobacteria","Hyphomicrobiales","Xanthobacteraceae","Pseudoxanthobacter",NA
"ASV5201","Bacteria","Planctomycetota","Phycisphaerae","Tepidisphaerales","Tepidisphaeraceae",NA,NA
"ASV5202","Bacteria","Pseudomonadota","Alphaproteobacteria","Hyphomicrobiales","Xanthobacteraceae","Bradyrhizobium",NA
"ASV5203","Bacteria","Pseudomonadota","Gammaproteobacteria","Lysobacterales","Rhodanobacteraceae","Chujaibacter",NA
"ASV5204","Bacteria","Pseudomonadota","Gammaproteobacteria","Burkholderiales","Rhodocyclaceae","Denitratisoma",NA
"ASV5205","Bacteria","Actinomycetota","Thermoleophilia","Solirubrobacterales","67-14",NA,NA
"ASV5206","Bacteria","Pseudomonadota","Alphaproteobacteria","Rhodospirillales","Magnetospirillaceae","Telmatospirillum",NA
"ASV5207","Bacteria","Deinococcota","Deinococci","Deinococcales","Deinococcaceae","Deinococcus",NA
"ASV5208","Bacteria","Acidobacteriota","Acidobacteriae","Terriglobales","Acidobacteriaceae (Subgroup 1)","Terriglobus",NA
"ASV5209","Bacteria","Actinomycetota","Actinobacteria","Propionibacteriales","Nocardioidaceae","Nocardioides",NA
"ASV5210","Bacteria","Bdellovibrionota","Oligoflexia","0319-6G20",NA,NA,NA
"ASV5211","Bacteria","Bacillota","Bacilli","Paenibacillales","Paenibacillaceae","Paenibacillus",NA
"ASV5212","Bacteria","Dependentiae","Babeliae","Babeliales","Vermiphilaceae",NA,NA
"ASV5213","Bacteria","Bacillota","Bacilli","Paenibacillales","Paenibacillaceae","Paenibacillus",NA
"ASV5214","Bacteria","Pseudomonadota","Alphaproteobacteria","Rickettsiales","SM2D12",NA,NA
"ASV5215","Bacteria","Bacillota","Bacilli","Alicyclobacillales","Alicyclobacillaceae","Alicyclobacillus",NA
"ASV5216","Bacteria","Bacillota",NA,NA,NA,NA,NA
"ASV5217","Bacteria","Bacillota","Bacilli","Paenibacillales","Paenibacillaceae",NA,NA
"ASV5218","Bacteria","Pseudomonadota","Gammaproteobacteria","Burkholderiales","Gallionellaceae",NA,NA
"ASV5219","Bacteria","Planctomycetota","Planctomycetes","Planctomycetales","Schlesneriaceae","Planctopirus",NA
"ASV5220","Bacteria","Pseudomonadota","Alphaproteobacteria","Elsterales",NA,NA,NA
"ASV5221","Bacteria","Verrucomicrobiota","Verrucomicrobiia","Pedosphaerales","Pedosphaeraceae","Ellin516",NA
"ASV5222","Bacteria","Myxococcota","Polyangiia","Haliangiales","Haliangiaceae",NA,NA
"ASV5223","Bacteria","Myxococcota","Polyangiia","Polyangiales","Sandaracinaceae",NA,NA
"ASV5224","Bacteria","Pseudomonadota","Gammaproteobacteria","Burkholderiales","TRA3-20",NA,NA
"ASV5225","Bacteria","Pseudomonadota","Alphaproteobacteria",NA,NA,NA,NA
"ASV5226","Bacteria","Actinomycetota","Acidimicrobiia","Microtrichales","Ilumatobacteraceae",NA,NA
"ASV5227","Bacteria","Acidobacteriota","Vicinamibacteria","Vicinamibacterales","Vicinamibacteraceae",NA,NA
"ASV5228","Bacteria","Pseudomonadota","Alphaproteobacteria","Holosporales","Holosporaceae",NA,NA
"ASV5229","Bacteria","Bacteroidota","Bacteroidia","Chitinophagales","Chitinophagaceae","Terrimonas",NA
"ASV5230","Bacteria","Pseudomonadota","Alphaproteobacteria","Sphingomonadales","Sphingomonadaceae","Altericroceibacterium",NA
"ASV5231","Bacteria","Pseudomonadota","Gammaproteobacteria","Rickettsiellales","Rickettsiellaceae",NA,NA
"ASV5232","Bacteria","Pseudomonadota","Alphaproteobacteria","Hyphomicrobiales","Hyphomicrobiaceae","Hyphomicrobium",NA
"ASV5233","Bacteria","Pseudomonadota","Alphaproteobacteria","Rickettsiales",NA,NA,NA
"ASV5234","Bacteria","Verrucomicrobiota","Omnitrophia","Omnitrophales","Omnitrophaceae","Candidatus Omnitrophus",NA
"ASV5235","Bacteria","Pseudomonadota","Alphaproteobacteria","Paracaedibacterales","Paracaedibacteraceae","Candidatus Finniella",NA
"ASV5236","Bacteria","Pseudomonadota","Alphaproteobacteria","Rickettsiales","SM2D12",NA,NA
"ASV5237","Bacteria","Pseudomonadota","Alphaproteobacteria","Rickettsiales","SM2D12",NA,NA
"ASV5238","Bacteria","Patescibacteria","Parcubacteria","Candidatus Kaiserbacteria",NA,NA,NA
"ASV5239","Bacteria","Bacillota","Bacilli","Paenibacillales","Paenibacillaceae","Paenibacillus",NA
"ASV5240","Bacteria","Bacteroidota","Bacteroidia","Cytophagales","Spirosomataceae","Spirosoma",NA
"ASV5241","Bacteria","Bacteroidota","Bacteroidia","Chitinophagales","Chitinophagaceae","Chitinophaga","soli"
"ASV5242","Bacteria","Actinomycetota","Actinobacteria","Propionibacteriales","Nocardioidaceae","Nocardioides",NA
"ASV5243","Bacteria","Pseudomonadota","Alphaproteobacteria","Acetobacterales","Acetobacteraceae",NA,NA
"ASV5244","Bacteria","Actinomycetota","Actinobacteria","Propionibacteriales","Nocardioidaceae","Marmoricola",NA
"ASV5245","Bacteria","Pseudomonadota","Alphaproteobacteria","Acetobacterales","Acetobacteraceae",NA,NA
"ASV5246","Bacteria","Pseudomonadota","Alphaproteobacteria","Elsterales",NA,NA,NA
"ASV5247","Bacteria","Actinomycetota","Actinobacteria","Propionibacteriales","Nocardioidaceae","Nocardioides",NA
"ASV5248","Bacteria","Actinomycetota","Thermoleophilia","Solirubrobacterales",NA,NA,NA
"ASV5249","Bacteria","Acidobacteriota","Acidobacteriae","Terriglobales","Acidobacteriaceae (Subgroup 1)",NA,NA
"ASV5250","Bacteria","Acidobacteriota","Acidobacteriae","Terriglobales","Acidobacteriaceae (Subgroup 1)","Terracidiphilus",NA
"ASV5251","Bacteria","Pseudomonadota","Gammaproteobacteria","Rickettsiellales","Rickettsiellaceae",NA,NA
"ASV5252","Bacteria","Dependentiae","Babeliae","Babeliales","Vermiphilaceae",NA,NA
"ASV5253","Bacteria","Bacteroidota","Bacteroidia","Chitinophagales","Chitinophagaceae","Haoranjiania",NA
"ASV5254","Bacteria","Bacillota","Bacilli","Alicyclobacillales","Alicyclobacillaceae","Alicyclobacillus",NA
"ASV5255","Bacteria","Bacteroidota","Bacteroidia","Flavobacteriales","Weeksellaceae","Chryseobacterium","moechotypicola"
"ASV5256","Bacteria","Dependentiae","Babeliae","Babeliales","Vermiphilaceae",NA,NA
"ASV5257","Bacteria","Actinomycetota","Actinobacteria","Streptosporangiales","Streptosporangiaceae","Planotetraspora",NA
"ASV5258","Bacteria","Chlamydiota","Chlamydiia","Chlamydiales","Parachlamydiaceae",NA,NA
"ASV5259","Bacteria","Pseudomonadota","Gammaproteobacteria",NA,NA,NA,NA
"ASV5260","Bacteria","Actinomycetota","Actinobacteria","Propionibacteriales","Nocardioidaceae","Marmoricola",NA
"ASV5261","Bacteria","Planctomycetota","Planctomycetes",NA,NA,NA,NA
"ASV5262","Bacteria","Pseudomonadota","Alphaproteobacteria","Hyphomicrobiales","Methylopilaceae",NA,NA
"ASV5263","Bacteria","Pseudomonadota","Alphaproteobacteria","Rickettsiales","SM2D12",NA,NA
"ASV5264","Bacteria","Pseudomonadota","Alphaproteobacteria","Hyphomicrobiales","Beijerinckiaceae",NA,NA
"ASV5265","Bacteria","Planctomycetota","Planctomycetes","Isosphaerales","Isosphaeraceae","Tundrisphaera",NA
"ASV5266","Bacteria","Pseudomonadota","Alphaproteobacteria","Hyphomicrobiales","Xanthobacteraceae","Pseudolabrys",NA
"ASV5267","Bacteria","Planctomycetota","Planctomycetes","Planctomycetales","Schlesneriaceae","Planctopirus",NA
"ASV5268","Bacteria","Pseudomonadota","Alphaproteobacteria","Caulobacterales","Caulobacteraceae",NA,NA
"ASV5269","Bacteria","Bacteroidota","Bacteroidia","Chitinophagales","Chitinophagaceae","Segetibacter","aerophilus"
"ASV5270","Bacteria","Acidobacteriota","Vicinamibacteria","Vicinamibacterales",NA,NA,NA
"ASV5271","Bacteria","Chloroflexota","Chloroflexia","Thermomicrobiales","JG30-KF-CM45",NA,NA
"ASV5272","Bacteria","Verrucomicrobiota","Verrucomicrobiia","Opitutales","Opitutaceae","Opitutus",NA
"ASV5273","Bacteria","Pseudomonadota","Alphaproteobacteria","Rickettsiales","Mitochondria",NA,NA
"ASV5274","Bacteria","Pseudomonadota","Alphaproteobacteria","Rickettsiales","SM2D12",NA,NA
"ASV5275","Bacteria","Pseudomonadota","Gammaproteobacteria","Ectothiorhodospirales","Thioalkalispiraceae",NA,NA
"ASV5276","Bacteria","Acidobacteriota","Vicinamibacteria","Vicinamibacterales","Vicinamibacteraceae",NA,NA
"ASV5277","Bacteria","Pseudomonadota","Alphaproteobacteria","Hyphomicrobiales","Beijerinckiaceae","Methylocystis",NA
"ASV5278","Bacteria","Bacillota","Bacilli","Paenibacillales","Paenibacillaceae","Paenibacillus",NA
"ASV5279","Bacteria","Patescibacteria","Saccharimonadia","Saccharimonadales",NA,NA,NA
"ASV5280","Bacteria","Pseudomonadota","Alphaproteobacteria","Paracaedibacterales","Paracaedibacteraceae",NA,NA
"ASV5281","Bacteria","WS2",NA,NA,NA,NA,NA
"ASV5282","Bacteria","Pseudomonadota","Alphaproteobacteria","Hyphomicrobiales","KF-JG30-B3",NA,NA
"ASV5283","Bacteria","Planctomycetota","Planctomycetes","Planctomycetales","Rubinisphaeraceae","Planctomicrobium",NA
"ASV5284","Bacteria","Pseudomonadota","Gammaproteobacteria",NA,NA,NA,NA
"ASV5285","Bacteria","Pseudomonadota","Gammaproteobacteria","Burkholderiales","TRA3-20",NA,NA
"ASV5286","Bacteria","Pseudomonadota","Alphaproteobacteria","Sphingomonadales","Sphingomonadaceae","Sphingopyxis","ginsengisoli"
"ASV5287","Bacteria","Pseudomonadota","Gammaproteobacteria","Piscirickettsiales","Piscirickettsiaceae","Candidatus Endoecteinascidia",NA
"ASV5288","Bacteria","Elusimicrobiota","Lineage IIb",NA,NA,NA,NA
"ASV5289","Bacteria","Planctomycetota","Phycisphaerae","Tepidisphaerales","CPla-3 termite group",NA,NA
"ASV5290","Bacteria","Pseudomonadota","Alphaproteobacteria",NA,NA,NA,NA
"ASV5291","Bacteria","Pseudomonadota","Alphaproteobacteria","Tistrellales","Geminicoccaceae","Geminicoccus",NA
"ASV5292","Bacteria","Patescibacteria","Saccharimonadia","Saccharimonadales","LWQ8",NA,NA
"ASV5293","Bacteria","Bacteroidota","Bacteroidia","Cytophagales","Hymenobacteraceae","Adhaeribacter",NA
"ASV5294","Bacteria","Chloroflexota","Chloroflexia","Thermomicrobiales","JG30-KF-CM45",NA,NA
"ASV5295","Bacteria","Bacillota","Bacilli","Paenibacillales","Paenibacillaceae","Paenibacillus",NA
"ASV5296","Bacteria","Pseudomonadota","Alphaproteobacteria","Micavibrionales","Micavibrionaceae",NA,NA
"ASV5297","Bacteria","Dependentiae","Babeliae","Babeliales","Incertae Sedis","UBA12409",NA
"ASV5298","Bacteria","Bdellovibrionota","Oligoflexia","0319-6G20",NA,NA,NA
"ASV5299","Bacteria","Pseudomonadota","Alphaproteobacteria","Hyphomicrobiales","Beijerinckiaceae","Methylocapsa",NA
"ASV5300","Bacteria","Pseudomonadota","Gammaproteobacteria","Lysobacterales","Rhodanobacteraceae","Dokdonella",NA
"ASV5301","Bacteria","Actinomycetota","Actinobacteria","Propionibacteriales","Nocardioidaceae","Nocardioides","jensenii"
"ASV5302","Bacteria","Pseudomonadota","Gammaproteobacteria","Coxiellales","Coxiellaceae","Coxiella",NA
"ASV5303","Bacteria","Patescibacteria","Parcubacteria",NA,NA,NA,NA
"ASV5304","Bacteria","Verrucomicrobiota","Verrucomicrobiia","Verrucomicrobiales","Rubritaleaceae","Luteolibacter",NA
"ASV5305","Bacteria","Pseudomonadota","Alphaproteobacteria","Sphingomonadales","Sphingomonadaceae","Qinpengyuania",NA
"ASV5306","Bacteria","Bdellovibrionota","Oligoflexia","Oligoflexales","Oligoflexaceae",NA,NA
"ASV5307","Bacteria","Planctomycetota","Planctomycetes","Pirellulales","Pirellulaceae","Pirellula",NA
"ASV5308","Bacteria","Pseudomonadota","Gammaproteobacteria","Legionellales","Legionellaceae","Legionella",NA
"ASV5309","Bacteria","Patescibacteria","Saccharimonadia","Saccharimonadales","LWQ8",NA,NA
"ASV5310","Bacteria","Planctomycetota","Planctomycetes","Isosphaerales","Isosphaeraceae","Tautonia",NA
"ASV5311","Bacteria","Patescibacteria","Parcubacteria","Candidatus Yonathbacteria",NA,NA,NA
"ASV5312","Bacteria","Pseudomonadota","Alphaproteobacteria","Rhodobacterales","Paracoccaceae","Pararhodobacter",NA
"ASV5313","Bacteria","Pseudomonadota","Alphaproteobacteria","Micavibrionales",NA,NA,NA
"ASV5314","Bacteria","Pseudomonadota","Alphaproteobacteria","Hyphomicrobiales","Kaistiaceae","Kaistia",NA
"ASV5315","Bacteria","Actinomycetota","Actinobacteria","Frankiales","Acidothermaceae","Acidothermus",NA
"ASV5316","Bacteria","Pseudomonadota","Alphaproteobacteria",NA,NA,NA,NA
"ASV5317","Bacteria","Bacillota","Bacilli",NA,NA,NA,NA
"ASV5318","Bacteria","Pseudomonadota","Gammaproteobacteria","Rickettsiellales","Rickettsiellaceae",NA,NA
"ASV5319","Bacteria","Myxococcota","Polyangiia","Haliangiales","Haliangiaceae",NA,NA
"ASV5320","Bacteria","Pseudomonadota","Alphaproteobacteria","Hyphomicrobiales","Rhizobiaceae","Endobacterium",NA
"ASV5321","Bacteria","Bacillota","Bacilli","Bacillales","Planococcaceae","Jeotgalibacillus",NA
"ASV5322","Bacteria","Bacteroidota","Bacteroidia","Chitinophagales","Chitinophagaceae","Aurantisolimonas",NA
"ASV5323","Bacteria",NA,NA,NA,NA,NA,NA
"ASV5324","Bacteria","Pseudomonadota","Alphaproteobacteria","Caulobacterales","Caulobacteraceae","Brevundimonas",NA
"ASV5325","Bacteria","Patescibacteria","Saccharimonadia","Saccharimonadales","LWQ8",NA,NA
"ASV5326","Bacteria","Pseudomonadota","Gammaproteobacteria","Lysobacterales","Lysobacteraceae","Luteimonas","rhizosphaerae"
"ASV5327","Bacteria","Patescibacteria","Saccharimonadia","Saccharimonadales","Saccharimonadaceae","TM7a",NA
"ASV5328","Bacteria","Pseudomonadota",NA,NA,NA,NA,NA
"ASV5329","Bacteria","Pseudomonadota","Alphaproteobacteria","Rhodospirillales","Rhodospirillaceae",NA,NA
"ASV5330","Bacteria","Pseudomonadota","Alphaproteobacteria","Hyphomicrobiales","Rhizobiaceae","Mesorhizobium",NA
"ASV5331","Bacteria","Cyanobacteriota","Cyanobacteriia","Chloroplast",NA,NA,NA
"ASV5332","Bacteria","Pseudomonadota","Gammaproteobacteria","Burkholderiales","Rhodocyclaceae","Dechloromonas","agitata"
"ASV5333","Bacteria","Bacteroidota","Bacteroidia","Flavobacteriales","Weeksellaceae","Chryseobacterium",NA
"ASV5334","Bacteria","Acidobacteriota","Vicinamibacteria","Vicinamibacterales",NA,NA,NA
"ASV5335","Bacteria","Pseudomonadota","Gammaproteobacteria","Burkholderiales","Comamonadaceae","Ramlibacter",NA
"ASV5336","Bacteria","Bacteroidota","Bacteroidia","Chitinophagales","Chitinophagaceae","Vibrionimonas",NA
"ASV5337","Bacteria","Bacteroidota","Bacteroidia","Sphingobacteriales","Sphingobacteriaceae","Daejeonella",NA
"ASV5338","Bacteria","Pseudomonadota","Alphaproteobacteria","Hyphomicrobiales","Xanthobacteraceae",NA,NA
"ASV5339","Bacteria","Bdellovibrionota","Oligoflexia","Oligoflexales","Oligoflexaceae","Oligoflexus",NA
"ASV5340","Bacteria","Pseudomonadota","Alphaproteobacteria","Rhodobacterales","Paracoccaceae","Paracoccus",NA
"ASV5341","Bacteria","Pseudomonadota","Gammaproteobacteria","Salinisphaerales","Nevskiaceae","Nevskia",NA
"ASV5342","Bacteria","Actinomycetota","Actinobacteria","Propionibacteriales","Propionibacteriaceae","Propioniferax",NA
"ASV5343","Bacteria","Pseudomonadota","Gammaproteobacteria","Rickettsiellales","Rickettsiellaceae",NA,NA
"ASV5344","Bacteria","Pseudomonadota","Gammaproteobacteria","Burkholderiales","Comamonadaceae",NA,NA
"ASV5345","Bacteria","Dependentiae","Babeliae","Babeliales","Babeliaceae",NA,NA
"ASV5346","Bacteria","Acidobacteriota","Acidobacteriae","Terriglobales","Acidobacteriaceae (Subgroup 1)","Granulicella",NA
"ASV5347","Bacteria","Pseudomonadota","Alphaproteobacteria","Rickettsiales","Mitochondria",NA,NA
"ASV5348","Bacteria","Pseudomonadota","Alphaproteobacteria","Rickettsiales","Mitochondria",NA,NA
"ASV5349","Bacteria","Actinomycetota","Actinobacteria","PeM15",NA,NA,NA
"ASV5350","Bacteria","Bacillota","Bacilli","Lactobacillales","Streptococcaceae","Lactococcus",NA
"ASV5351","Bacteria","Dependentiae","Babeliae","Babeliales","Vermiphilaceae",NA,NA
"ASV5352","Bacteria","Bacteroidota","Bacteroidia","Flavobacteriales","Flavobacteriaceae","Flavobacterium",NA
"ASV5353","Bacteria","Pseudomonadota","Gammaproteobacteria","Lysobacterales","Rhodanobacteraceae","Dokdonella","koreensis"
"ASV5354","Bacteria","Pseudomonadota","Alphaproteobacteria","Caulobacterales","Hyphomonadaceae","SWB02",NA
"ASV5355","Bacteria","Verrucomicrobiota","Verrucomicrobiia","Verrucomicrobiales","Verrucomicrobiaceae",NA,NA
"ASV5356","Bacteria","Pseudomonadota","Gammaproteobacteria","Salinisphaerales","Nevskiaceae","Stenotrophobium",NA
"ASV5357","Bacteria","Planctomycetota","Planctomycetes","Isosphaerales","Isosphaeraceae","Tundrisphaera",NA
"ASV5358","Bacteria","Bdellovibrionota","Bdellovibrionia","Bdellovibrionales","Pseudobdellovibrionaceae",NA,NA
"ASV5359","Bacteria","Actinomycetota","Actinobacteria","Mycobacteriales","Nocardiaceae","Gordonia",NA
"ASV5360","Bacteria","Gemmatimonadota","Longimicrobiia","Longimicrobiales","Longimicrobiaceae","Longimicrobium",NA
"ASV5361","Bacteria","Pseudomonadota","Gammaproteobacteria","Burkholderiales","Oxalobacteraceae",NA,NA
"ASV5362","Bacteria","Deinococcota","Deinococci","Deinococcales","Deinococcaceae","Deinococcus",NA
"ASV5363","Bacteria","Cyanobacteriota","Vampirivibrionia","Obscuribacterales","Obscuribacteraceae","Candidatus Obscuribacter",NA
"ASV5364","Bacteria","Pseudomonadota","Gammaproteobacteria","Burkholderiales","Comamonadaceae","Sphaerotilus",NA
"ASV5365","Bacteria","Pseudomonadota","Gammaproteobacteria","Enterobacterales","Enterobacteriaceae",NA,NA
"ASV5366","Bacteria","Pseudomonadota","Gammaproteobacteria","Lysobacterales","Rhodanobacteraceae","Luteibacter","jiangsuensis"
"ASV5367","Bacteria","Acidobacteriota","Acidobacteriae","Terriglobales","Acidobacteriaceae (Subgroup 1)","Granulicella",NA
"ASV5368","Bacteria","Actinomycetota","Actinobacteria","Propionibacteriales",NA,NA,NA
"ASV5369","Bacteria","Pseudomonadota","Gammaproteobacteria","Burkholderiales","Comamonadaceae",NA,NA
"ASV5370","Bacteria","Pseudomonadota","Alphaproteobacteria",NA,NA,NA,NA
"ASV5371","Bacteria","Pseudomonadota","Alphaproteobacteria","Rickettsiales","Mitochondria",NA,NA
"ASV5372","Bacteria","Bacillota","Bacilli","Paenibacillales","Paenibacillaceae","Paenibacillus",NA
"ASV5373","Bacteria","Pseudomonadota","Gammaproteobacteria","Legionellales","Legionellaceae","Legionella",NA
"ASV5374","Bacteria","Bacillota","Bacilli","Paenibacillales","Paenibacillaceae","Cohnella",NA
"ASV5375","Bacteria","Pseudomonadota","Alphaproteobacteria","Rhodospirillales",NA,NA,NA
"ASV5376","Bacteria","Acidobacteriota","Acidobacteriae","Bryobacterales","Bryobacteraceae","Bryobacter",NA
"ASV5377","Bacteria","Pseudomonadota","Alphaproteobacteria","Rickettsiales","Mitochondria",NA,NA
"ASV5378","Bacteria","Cyanobacteriota","Sericytochromatia",NA,NA,NA,NA
"ASV5379","Bacteria","Pseudomonadota","Gammaproteobacteria","Rickettsiellales","Rickettsiellaceae",NA,NA
"ASV5380","Bacteria","Bacteroidota","Bacteroidia","Chitinophagales","Chitinophagaceae","Edaphobaculum",NA
"ASV5381","Bacteria","Pseudomonadota","Alphaproteobacteria","Sphingomonadales","Sphingomonadaceae","Sphingomonas",NA
"ASV5382","Bacteria","Pseudomonadota","Alphaproteobacteria","Hyphomicrobiales","Hyphomicrobiales Incertae Sedis","Bauldia",NA
"ASV5383","Bacteria","Gemmatimonadota","Gemmatimonadia","Gemmatimonadales","Gemmatimonadaceae",NA,NA
"ASV5384","Bacteria","Cyanobacteriota","Cyanobacteriia","Chloroplast",NA,NA,NA
"ASV5385","Bacteria","Bdellovibrionota","Bdellovibrionia","Bdellovibrionales","Pseudobdellovibrionaceae",NA,NA
"ASV5386","Bacteria","Bdellovibrionota","Oligoflexia","Oligoflexales","Oligoflexaceae",NA,NA
"ASV5387","Bacteria","Planctomycetota","Planctomycetes","Pirellulales","Pirellulaceae",NA,NA
"ASV5388","Bacteria","Acidobacteriota","Vicinamibacteria","Vicinamibacterales","Vicinamibacteraceae",NA,NA
"ASV5389","Bacteria","Pseudomonadota","Gammaproteobacteria","Rickettsiellales","Rickettsiellaceae",NA,NA
"ASV5390","Bacteria","Acidobacteriota","Vicinamibacteria","Vicinamibacterales",NA,NA,NA
"ASV5391","Bacteria","Candidatus Eremiobacterota","Eremiobacteria",NA,NA,NA,NA
"ASV5392","Bacteria","Pseudomonadota","Alphaproteobacteria","Acetobacterales","Acetobacteraceae","Roseococcus",NA
"ASV5393","Bacteria","Pseudomonadota","Alphaproteobacteria","Rickettsiales","Rickettsiaceae",NA,NA
"ASV5394","Bacteria","Pseudomonadota","Alphaproteobacteria","Elsterales",NA,NA,NA
"ASV5395","Bacteria","Pseudomonadota","Alphaproteobacteria","Rhodospirillales",NA,NA,NA
"ASV5396","Bacteria","Pseudomonadota","Alphaproteobacteria","Caulobacterales","Caulobacteraceae","Brevundimonas",NA
"ASV5397","Bacteria","Patescibacteria","Saccharimonadia","Saccharimonadales","Saccharimonadaceae","TM7a",NA
"ASV5398","Bacteria","Patescibacteria","Saccharimonadia","Saccharimonadales","Saccharimonadaceae","TM7a",NA
"ASV5399","Bacteria","Pseudomonadota","Gammaproteobacteria",NA,NA,NA,NA
"ASV5400","Bacteria","Pseudomonadota","Alphaproteobacteria","Paracaedibacterales","Paracaedibacteraceae","Candidatus Paracaedibacter",NA
"ASV5401","Bacteria","Patescibacteria","Parcubacteria","Candidatus Azambacteria",NA,NA,NA
"ASV5402","Bacteria","Pseudomonadota","Alphaproteobacteria","Sphingomonadales","Sphingomonadaceae","Croceibacterium",NA
"ASV5403","Bacteria",NA,NA,NA,NA,NA,NA
"ASV5404","Bacteria","Verrucomicrobiota","Verrucomicrobiia","Chthoniobacterales","Terrimicrobiaceae","Terrimicrobium",NA
"ASV5405","Bacteria","Planctomycetota","Planctomycetes","Isosphaerales","Isosphaeraceae",NA,NA
"ASV5406","Bacteria","Bdellovibrionota","Bdellovibrionia","Bdellovibrionales","Pseudobdellovibrionaceae",NA,NA
"ASV5407","Bacteria","Pseudomonadota","Alphaproteobacteria","Sphingomonadales","Sphingomonadaceae","Novosphingobium",NA
"ASV5408","Bacteria","Actinomycetota","Acidimicrobiia","Microtrichales","Iamiaceae","Aquihabitans",NA
"ASV5409","Bacteria","Bacteroidota","Bacteroidia","Chitinophagales","Chitinophagaceae","Parafilimonas","rhizosphaerae"
"ASV5410","Bacteria","Actinomycetota","Acidimicrobiia","Microtrichales","Iamiaceae","Iamia",NA
"ASV5411","Bacteria","Actinomycetota","Actinobacteria","Frankiales","Nakamurellaceae","Nakamurella","panacisegetis"
"ASV5412","Bacteria","Verrucomicrobiota","Verrucomicrobiia","Opitutales","Opitutaceae","Oleiharenicola",NA
"ASV5413","Bacteria","Pseudomonadota","Alphaproteobacteria","Caulobacterales","Caulobacteraceae",NA,NA
"ASV5414","Bacteria","Actinomycetota","Actinobacteria","Micrococcales","Dermacoccaceae","Dermacoccus",NA
"ASV5415","Bacteria","Pseudomonadota","Alphaproteobacteria","Elsterales",NA,NA,NA
"ASV5416","Bacteria","Pseudomonadota","Alphaproteobacteria","Acetobacterales","Acetobacteraceae",NA,NA
"ASV5417","Bacteria","Bacteroidota","Bacteroidia","Chitinophagales","Chitinophagaceae","Taibaiella",NA
"ASV5418","Bacteria","Actinomycetota","Thermoleophilia","Solirubrobacterales","Solirubrobacteraceae","Paraconexibacter",NA
"ASV5419","Bacteria","Candidatus Eremiobacterota","Eremiobacteria",NA,NA,NA,NA
"ASV5420","Bacteria","Pseudomonadota","Gammaproteobacteria","Burkholderiales","Rhodocyclaceae",NA,NA
"ASV5421","Bacteria","Acidobacteriota","Acidobacteriae","Terriglobales","Acidobacteriaceae (Subgroup 1)","Occallatibacter",NA
"ASV5422","Bacteria","Pseudomonadota","Gammaproteobacteria","Rickettsiellales","Rickettsiellaceae",NA,NA
"ASV5423","Bacteria","Bacillota","Thermacetogenia","Thermacetogeniales","Thermacetogeniaceae",NA,NA
"ASV5424","Bacteria","Bdellovibrionota","Oligoflexia","Oligoflexales","Oligoflexaceae",NA,NA
"ASV5425","Bacteria","Elusimicrobiota","Lineage IIb",NA,NA,NA,NA
"ASV5426","Bacteria","Actinomycetota","Thermoleophilia","Solirubrobacterales","Solirubrobacteraceae","Baekduia",NA
"ASV5427","Bacteria","Pseudomonadota","Alphaproteobacteria","Hyphomicrobiales","Hyphomicrobiales Incertae Sedis","Bauldia",NA
"ASV5428","Bacteria","Planctomycetota","Planctomycetes","Pirellulales","Pirellulaceae","Pirellula",NA
"ASV5429","Bacteria","Pseudomonadota","Gammaproteobacteria","Legionellales","Legionellaceae","Legionella",NA
"ASV5430","Bacteria","Dependentiae","Babeliae","Babeliales","Vermiphilaceae",NA,NA
"ASV5431","Bacteria","Pseudomonadota","Alphaproteobacteria","Elsterales",NA,NA,NA
"ASV5432","Bacteria","Pseudomonadota","Alphaproteobacteria","Sphingomonadales","Sphingomonadaceae","Sphingoaurantiacus",NA
"ASV5433","Bacteria","Pseudomonadota","Alphaproteobacteria","Rickettsiales","Rickettsiaceae",NA,NA
"ASV5434","Bacteria","Actinomycetota","Actinobacteria","Pseudonocardiales","Pseudonocardiaceae","Pseudonocardia",NA
"ASV5435","Bacteria","Bacteroidota","Bacteroidia","Cytophagales","Cytophagaceae","Sporocytophaga",NA
"ASV5436","Bacteria","Pseudomonadota","Alphaproteobacteria","Rickettsiales","Rickettsiaceae",NA,NA
"ASV5437","Bacteria","Bacteroidota","Bacteroidia","Cytophagales","Microscillaceae","Hassallia","byssoidea"
"ASV5438","Bacteria","Bdellovibrionota","Bdellovibrionia","Bdellovibrionales","Pseudobdellovibrionaceae",NA,NA
"ASV5439","Bacteria","Pseudomonadota","Gammaproteobacteria","Burkholderiales","Nitrosomonadaceae","MND1",NA
"ASV5440","Bacteria","Planctomycetota","Planctomycetes",NA,NA,NA,NA
"ASV5441","Bacteria","Pseudomonadota","Gammaproteobacteria","Rickettsiellales","Rickettsiellaceae",NA,NA
"ASV5442","Bacteria","Acidobacteriota","Vicinamibacteria","Vicinamibacterales",NA,NA,NA
"ASV5443","Bacteria","Armatimonadota","Fimbriimonadia","Fimbriimonadales","Fimbriimonadaceae",NA,NA
"ASV5444","Bacteria","Bdellovibrionota","Oligoflexia","Oligoflexales","Oligoflexaceae",NA,NA
"ASV5445","Bacteria","Pseudomonadota","Alphaproteobacteria",NA,NA,NA,NA
"ASV5446","Bacteria","Chloroflexota","Chloroflexia","Thermomicrobiales","AKYG1722",NA,NA
"ASV5447","Bacteria","Patescibacteria","Saccharimonadia","Saccharimonadales",NA,NA,NA
"ASV5448","Bacteria","Pseudomonadota","Gammaproteobacteria","Lysobacterales","Lysobacteraceae","Stenotrophomonas",NA
"ASV5449","Bacteria","Patescibacteria","Saccharimonadia","Saccharimonadales","WWH38",NA,NA
"ASV5450","Bacteria","Pseudomonadota","Alphaproteobacteria",NA,NA,NA,NA
"ASV5451","Bacteria","Armatimonadota","Fimbriimonadia","Fimbriimonadales","Fimbriimonadaceae","Fimbriimonas",NA
"ASV5452","Bacteria","WS2",NA,NA,NA,NA,NA
"ASV5453","Bacteria","Chloroflexota","JG30-KF-CM66",NA,NA,NA,NA
"ASV5454","Bacteria","Chlamydiota","Chlamydiia","Chlamydiales","Parachlamydiaceae","Neochlamydia",NA
"ASV5455","Bacteria","Pseudomonadota","Gammaproteobacteria","Burkholderiales","Chitinimonadaceae","Chitinimonas",NA
"ASV5456","Bacteria","Bacillota","Bacilli","Paenibacillales","Paenibacillaceae",NA,NA
"ASV5457","Bacteria","Pseudomonadota","Gammaproteobacteria","Rickettsiellales","Rickettsiellaceae","Aquicella",NA
"ASV5458","Bacteria","Planctomycetota","Planctomycetes","Isosphaerales","Isosphaeraceae","Paludisphaera",NA
"ASV5459","Bacteria","Pseudomonadota","Alphaproteobacteria","Hyphomicrobiales","Hyphomicrobiales Incertae Sedis","Bauldia",NA
"ASV5460","Bacteria","Pseudomonadota","Gammaproteobacteria","Burkholderiales","Oxalobacteraceae",NA,NA
"ASV5461","Bacteria","Patescibacteria","Parcubacteria",NA,NA,NA,NA
"ASV5462","Bacteria","Patescibacteria","Saccharimonadia","Saccharimonadales","Saccharimonadaceae","TM7a",NA
"ASV5463","Bacteria","Patescibacteria","Saccharimonadia","Saccharimonadales","Saccharimonadaceae","TM7a",NA
"ASV5464","Bacteria","Acidobacteriota","Vicinamibacteria","Vicinamibacterales","Vicinamibacteraceae",NA,NA
"ASV5465","Bacteria","Pseudomonadota","Alphaproteobacteria","Hyphomicrobiales","Rhizobiaceae",NA,NA
"ASV5466","Bacteria","Dependentiae","Babeliae","Babeliales","Vermiphilaceae",NA,NA
"ASV5467","Bacteria","Armatimonadota","Armatimonadia","Armatimonadales","Armatimonadaceae",NA,NA
"ASV5468","Bacteria",NA,NA,NA,NA,NA,NA
"ASV5469","Bacteria","Bdellovibrionota","Oligoflexia","0319-6G20",NA,NA,NA
"ASV5470","Bacteria","Chlamydiota","Chlamydiia","Chlamydiales",NA,NA,NA
"ASV5471","Bacteria","Pseudomonadota","Alphaproteobacteria","Micropepsales","Micropepsaceae",NA,NA
"ASV5472","Bacteria","Bacteroidota","Bacteroidia","Cytophagales","Cytophagaceae","Cytophaga","aurantiaca"
"ASV5473","Bacteria","Pseudomonadota","Alphaproteobacteria","Micavibrionales",NA,NA,NA
"ASV5474","Bacteria","Myxococcota","Polyangiia","Haliangiales","Haliangiaceae",NA,NA
"ASV5475","Bacteria","Acidobacteriota","Holophagae","Subgroup 7",NA,NA,NA
"ASV5476","Bacteria","Pseudomonadota","Gammaproteobacteria","Burkholderiales","Oxalobacteraceae","Actimicrobium",NA
"ASV5477","Bacteria","Pseudomonadota","Alphaproteobacteria","Hyphomicrobiales","Labraceae","Labrys",NA
"ASV5478","Bacteria","Pseudomonadota","Gammaproteobacteria","Legionellales","Legionellaceae","Legionella",NA
"ASV5479","Bacteria","Pseudomonadota","Gammaproteobacteria",NA,NA,NA,NA
"ASV5480","Bacteria","Pseudomonadota","Alphaproteobacteria","Puniceispirillales",NA,NA,NA
"ASV5481","Bacteria","Pseudomonadota","Alphaproteobacteria","Micavibrionales",NA,NA,NA
"ASV5482","Bacteria","Pseudomonadota","Gammaproteobacteria","Lysobacterales","Rhodanobacteraceae","Rhodanobacter",NA
"ASV5483","Bacteria","Actinomycetota","Actinobacteria","Micrococcales","Micrococcaceae","Micrococcus",NA
"ASV5484","Bacteria","Bdellovibrionota","Bdellovibrionia","Bdellovibrionales","Pseudobdellovibrionaceae","Pseudobdellovibrio",NA
"ASV5485","Bacteria","Pseudomonadota","Alphaproteobacteria","Hyphomicrobiales","Devosiaceae","Devosia",NA
"ASV5486","Bacteria","Pseudomonadota","Alphaproteobacteria","Rickettsiales","Mitochondria",NA,NA
"ASV5487","Bacteria","Pseudomonadota","Alphaproteobacteria","Hyphomicrobiales","Beijerinckiaceae","Methylocella",NA
"ASV5488","Bacteria","Actinomycetota","Actinobacteria",NA,NA,NA,NA
"ASV5489","Bacteria","Pseudomonadota","Alphaproteobacteria","Rickettsiales","Rickettsiaceae",NA,NA
"ASV5490","Bacteria","Pseudomonadota","Alphaproteobacteria","Paracaedibacterales","Paracaedibacteraceae","Candidatus Finniella",NA
"ASV5491","Bacteria","Pseudomonadota","Gammaproteobacteria","Burkholderiales","Nitrosomonadaceae","Nitrosomonas",NA
"ASV5492","Bacteria","Pseudomonadota","Gammaproteobacteria","Burkholderiales","Rhodocyclaceae","Ferribacterium",NA
"ASV5493","Bacteria","Patescibacteria","Saccharimonadia","Saccharimonadales",NA,NA,NA
"ASV5494","Bacteria","Pseudomonadota","Alphaproteobacteria","Hyphomicrobiales","Kaistiaceae","Kaistia",NA
"ASV5495","Bacteria","Pseudomonadota","Alphaproteobacteria","Hyphomicrobiales","Rhizobiaceae","Pararhizobium",NA
"ASV5496","Bacteria","Bacteroidota","Bacteroidia","Cytophagales","Hymenobacteraceae","Hymenobacter",NA
"ASV5497","Bacteria","Planctomycetota","Planctomycetes","Isosphaerales","Isosphaeraceae",NA,NA
"ASV5498","Bacteria","Actinomycetota","Actinobacteria","Micrococcales","Micrococcaceae","Kocuria",NA
"ASV5499","Bacteria","Pseudomonadota","Alphaproteobacteria","Paracaedibacterales","Paracaedibacteraceae",NA,NA
"ASV5500","Bacteria","Bacteroidota","Bacteroidia","Cytophagales","Cytophagaceae","Cytophaga",NA
"ASV5501","Bacteria","Bacteroidota","Bacteroidia","Flavobacteriales","Flavobacteriaceae","Flavobacterium",NA
"ASV5502","Bacteria","Actinomycetota","Actinobacteria","Mycobacteriales","Nocardiaceae","Rhodococcus",NA
"ASV5503","Bacteria","Cyanobacteriota","Cyanobacteriia","Chloroplast",NA,NA,NA
"ASV5504","Bacteria","Cyanobacteriota","Cyanobacteriia","Chloroplast",NA,NA,NA
"ASV5505","Bacteria","Pseudomonadota","Alphaproteobacteria","Hyphomicrobiales","Beijerinckiaceae","Enterovirga",NA
"ASV5506","Bacteria","Pseudomonadota","Alphaproteobacteria","Hyphomicrobiales","Rhizobiaceae",NA,NA
"ASV5507","Bacteria","Pseudomonadota","Gammaproteobacteria","Burkholderiales","Comamonadaceae",NA,NA
"ASV5508","Bacteria","Patescibacteria","Saccharimonadia","Saccharimonadales","LWQ8",NA,NA
"ASV5509","Bacteria","Verrucomicrobiota","Verrucomicrobiia","Verrucomicrobiales","Verrucomicrobiaceae","Prosthecobacter",NA
"ASV5510","Bacteria","Pseudomonadota","Gammaproteobacteria","Pseudomonadales","Pseudomonadaceae","Pseudomonas","parafulva"
"ASV5511","Bacteria","Pseudomonadota","Alphaproteobacteria","Dongiales","Dongiaceae","Dongia",NA
"ASV5512","Bacteria","Pseudomonadota","Gammaproteobacteria","Gammaproteobacteria Incertae Sedis","Unknown Family",NA,NA
"ASV5513","Bacteria","Pseudomonadota","Alphaproteobacteria","Caulobacterales","Caulobacteraceae","Brevundimonas","terrae"
"ASV5514","Bacteria","Bacteroidota","Bacteroidia","Sphingobacteriales","Sphingobacteriaceae","Pseudopedobacter",NA
"ASV5515","Bacteria","Bacteroidota","Bacteroidia","Flavobacteriales","Weeksellaceae",NA,NA
"ASV5516","Bacteria","Pseudomonadota","Alphaproteobacteria","Rickettsiales","Mitochondria",NA,NA
"ASV5517","Bacteria","Pseudomonadota","Alphaproteobacteria","Rhodospirillales","Magnetospirillaceae","Telmatospirillum",NA
"ASV5518","Bacteria","Pseudomonadota","Alphaproteobacteria","Rickettsiales","Mitochondria",NA,NA
"ASV5519","Bacteria","Bacteroidota","Bacteroidia","Cytophagales","Spirosomataceae","Persicitalea",NA
"ASV5520","Bacteria","Pseudomonadota","Gammaproteobacteria","Lysobacterales","Lysobacteraceae","Thermomonas","brevis"
"ASV5521","Bacteria","Pseudomonadota","Gammaproteobacteria","Burkholderiales","Oxalobacteraceae",NA,NA
"ASV5522","Bacteria","Pseudomonadota","Alphaproteobacteria","Hyphomicrobiales","Rhizobiaceae","Endobacterium",NA
"ASV5523","Bacteria","Acidobacteriota","Acidobacteriae","Terriglobales","Acidobacteriaceae (Subgroup 1)","Occallatibacter",NA
"ASV5524","Bacteria","Bacillota","Bacilli","Alicyclobacillales","Alicyclobacillaceae","Alicyclobacillus",NA
"ASV5525","Bacteria","Bacillota",NA,NA,NA,NA,NA
"ASV5526","Bacteria","Pseudomonadota","Alphaproteobacteria","Hyphomicrobiales","Labraceae","Labrys",NA
"ASV5527","Bacteria","Pseudomonadota","Alphaproteobacteria","Azospirillales","Azospirillaceae",NA,NA
"ASV5528","Bacteria","Pseudomonadota","Gammaproteobacteria",NA,NA,NA,NA
"ASV5529","Bacteria","Cyanobacteriota","Sericytochromatia",NA,NA,NA,NA
"ASV5530","Bacteria","Pseudomonadota","Alphaproteobacteria","Caulobacterales","Caulobacteraceae","Phenylobacterium",NA
"ASV5531","Bacteria","Pseudomonadota","Gammaproteobacteria","Rickettsiellales","Rickettsiellaceae",NA,NA
"ASV5532","Bacteria","Planctomycetota","Planctomycetes","Planctomycetales",NA,NA,NA
"ASV5533","Bacteria","Planctomycetota","Planctomycetes","Planctomycetales",NA,NA,NA
"ASV5534","Bacteria","Pseudomonadota","Alphaproteobacteria","Reyranellales","Reyranellaceae","Reyranella",NA
"ASV5535","Bacteria","Bacillota",NA,NA,NA,NA,NA
"ASV5536","Bacteria","Pseudomonadota","Alphaproteobacteria","Rickettsiales","Mitochondria",NA,NA
"ASV5537","Bacteria","Cyanobacteriota","Vampirivibrionia","Vampirovibrionales","Vampirovibrionaceae","Vampirovibrio",NA
"ASV5538","Bacteria","Abditibacteriota","Abditibacteriia","Abditibacteriales","Abditibacteriaceae","Abditibacterium",NA
"ASV5539","Bacteria","Acidobacteriota","Acidobacteriae","Terriglobales","Acidobacteriaceae (Subgroup 1)","Edaphobacter",NA
"ASV5540","Bacteria","Pseudomonadota","Alphaproteobacteria","Micavibrionales",NA,NA,NA
"ASV5541","Bacteria","Myxococcota","Polyangiia","Blfdi19",NA,NA,NA
"ASV5542","Bacteria","Bacteroidota","Bacteroidia","Chitinophagales","Chitinophagaceae","Niastella",NA
"ASV5543","Bacteria","Pseudomonadota","Alphaproteobacteria","Elsterales",NA,NA,NA
"ASV5544","Bacteria","Planctomycetota","Phycisphaerae","Phycisphaerales","Phycisphaeraceae","SM1A02",NA
"ASV5545","Bacteria","Patescibacteria","Parcubacteria","Candidatus Nomurabacteria",NA,NA,NA
"ASV5546","Bacteria","Bacteroidota","Bacteroidia","Chitinophagales","Chitinophagaceae","Edaphobaculum",NA
"ASV5547","Bacteria","Pseudomonadota","Alphaproteobacteria","Rickettsiales","SM2D12",NA,NA
"ASV5548","Bacteria","Pseudomonadota","Gammaproteobacteria","Rickettsiellales","Rickettsiellaceae","Aquicella",NA
"ASV5549","Bacteria","Pseudomonadota","Alphaproteobacteria","Hyphomicrobiales","Xanthobacteraceae","Pseudolabrys",NA
"ASV5550","Bacteria","Actinomycetota","Acidimicrobiia","Acidimicrobiales","Acidimicrobiaceae",NA,NA
"ASV5551","Bacteria","Pseudomonadota","Alphaproteobacteria","Acetobacterales","Acetobacteraceae","Rhodovastum",NA
"ASV5552","Bacteria","Bacillota","Bacilli","Alicyclobacillales","Alicyclobacillaceae","Alicyclobacillus",NA
"ASV5553","Bacteria","Pseudomonadota","Alphaproteobacteria",NA,NA,NA,NA
"ASV5554","Bacteria","Actinomycetota","Thermoleophilia","Gaiellales",NA,NA,NA
"ASV5555","Bacteria","Chloroflexota","JG30-KF-CM66",NA,NA,NA,NA
"ASV5556","Bacteria","Pseudomonadota","Gammaproteobacteria","Legionellales","Legionellaceae","Legionella",NA
"ASV5557","Bacteria","Bdellovibrionota","Bacteriovoracia","Bacteriovoracales","Bacteriovoracaceae","Peredibacter",NA
"ASV5558","Bacteria","Patescibacteria","Saccharimonadia","Saccharimonadales",NA,NA,NA
"ASV5559","Bacteria","Pseudomonadota","Gammaproteobacteria","Enterobacterales","Erwiniaceae","Izhakiella",NA
"ASV5560","Bacteria","Pseudomonadota","Gammaproteobacteria",NA,NA,NA,NA
"ASV5561","Bacteria","Patescibacteria","Parcubacteria","Candidatus Kaiserbacteria",NA,NA,NA
"ASV5562","Bacteria","Actinomycetota","Thermoleophilia","Solirubrobacterales","Solirubrobacteraceae","Conexibacter",NA
"ASV5563","Bacteria","Pseudomonadota","Alphaproteobacteria","Hyphomicrobiales","Devosiaceae","Devosia",NA
"ASV5564","Bacteria","Verrucomicrobiota","Verrucomicrobiia","Opitutales","Opitutaceae","Opitutus",NA
"ASV5565","Bacteria","Actinomycetota","Actinobacteria","Propionibacteriales","Propionibacteriaceae","Aestuariimicrobium",NA
"ASV5566","Bacteria","Pseudomonadota","Alphaproteobacteria","Acetobacterales","Acetobacteraceae",NA,NA
"ASV5567","Bacteria","Actinomycetota","Acidimicrobiia","Acidimicrobiales","Acidimicrobiaceae",NA,NA
"ASV5568","Bacteria","Pseudomonadota","Alphaproteobacteria","Hyphomicrobiales",NA,NA,NA
"ASV5569","Bacteria","Actinomycetota","Thermoleophilia","Solirubrobacterales","Solirubrobacteraceae","Conexibacter",NA
"ASV5570","Bacteria","Pseudomonadota","Gammaproteobacteria","Lysobacterales","Rhodanobacteraceae","Dyella",NA
"ASV5571","Archaea","Thermoproteota","Nitrososphaeria","Group 1.1c",NA,NA,NA
"ASV5572","Bacteria","Patescibacteria","Saccharimonadia","Saccharimonadales",NA,NA,NA
"ASV5573","Bacteria","Actinomycetota","Thermoleophilia","Solirubrobacterales","Solirubrobacteraceae","Conexibacter",NA
"ASV5574","Bacteria","Candidatus Eremiobacterota","Eremiobacteria",NA,NA,NA,NA
"ASV5575","Bacteria","Pseudomonadota","Gammaproteobacteria","Lysobacterales","Rhodanobacteraceae","Dyella",NA
"ASV5576","Bacteria","Planctomycetota","Planctomycetes","Gemmatales","Gemmataceae",NA,NA
"ASV5577","Bacteria","Acidobacteriota","Acidobacteriae","Terriglobales","Acidobacteriaceae (Subgroup 1)","Occallatibacter",NA
"ASV5578","Bacteria","Bacteroidota","Bacteroidia","Chitinophagales","Chitinophagaceae","Puia",NA
"ASV5579","Bacteria","Pseudomonadota","Alphaproteobacteria","Hyphomicrobiales","D05-2",NA,NA
"ASV5580","Bacteria","Pseudomonadota","Gammaproteobacteria","Rickettsiellales","Rickettsiellaceae",NA,NA
"ASV5581","Bacteria","Gemmatimonadota","Gemmatimonadia","Gemmatimonadales","Gemmatimonadaceae","Gemmatimonas",NA
"ASV5582","Bacteria","Pseudomonadota","Alphaproteobacteria","Acetobacterales","Acetobacteraceae",NA,NA
"ASV5583","Bacteria","Pseudomonadota","Gammaproteobacteria","R7C24",NA,NA,NA
"ASV5584","Bacteria","Planctomycetota","Planctomycetes","Isosphaerales","Isosphaeraceae","Aquisphaera",NA
"ASV5585","Bacteria","Pseudomonadota","Gammaproteobacteria",NA,NA,NA,NA
"ASV5586","Bacteria","Pseudomonadota","Alphaproteobacteria","Azospirillales","Inquilinaceae","Inquilinus",NA
"ASV5587","Bacteria","Pseudomonadota","Alphaproteobacteria","Sneathiellales","Sneathiellaceae","Taonella",NA
"ASV5588","Bacteria","Pseudomonadota","Alphaproteobacteria","Caulobacterales","Caulobacteraceae",NA,NA
"ASV5589","Bacteria","Pseudomonadota","Gammaproteobacteria","Legionellales","Legionellaceae","Legionella",NA
"ASV5590","Bacteria","Pseudomonadota","Alphaproteobacteria","Hyphomicrobiales","Xanthobacteraceae","Pseudolabrys",NA
"ASV5591","Bacteria","Bacteroidota","Bacteroidia","Sphingobacteriales","Sphingobacteriaceae","Pedobacter",NA
"ASV5592","Bacteria","Chloroflexota","Ktedonobacteria","C0119",NA,NA,NA
"ASV5593","Bacteria","Pseudomonadota","Alphaproteobacteria","Rhodospirillales",NA,NA,NA
"ASV5594","Bacteria","Pseudomonadota","Alphaproteobacteria","Rickettsiales","Rickettsiaceae",NA,NA
"ASV5595","Bacteria","Pseudomonadota","Alphaproteobacteria","Rhodospirillales","Magnetospirillaceae",NA,NA
"ASV5596","Bacteria","Pseudomonadota","Gammaproteobacteria","Rickettsiellales","Rickettsiellaceae",NA,NA
"ASV5597","Bacteria","Bacteroidota","Bacteroidia","Sphingobacteriales","Sphingobacteriaceae","Pedobacter",NA
"ASV5598","Bacteria","Actinomycetota","Actinobacteria","Frankiales","Frankiaceae","Frankia",NA
"ASV5599","Bacteria","Chlamydiota","Chlamydiia","Chlamydiales","Parachlamydiaceae","Candidatus Protochlamydia",NA
"ASV5600","Bacteria","Fibrobacterota","Fibrobacteria","Fibrobacterales","Fibrobacteraceae","possible genus 04",NA
"ASV5601","Bacteria","Myxococcota","Polyangiia","Polyangiales","Sandaracinaceae",NA,NA
"ASV5602","Bacteria","Pseudomonadota","Alphaproteobacteria","Acetobacterales","Acetobacteraceae","Rhodovastum",NA
"ASV5603","Bacteria","Pseudomonadota","Gammaproteobacteria","Legionellales","Legionellaceae","Legionella",NA
"ASV5604","Bacteria","Pseudomonadota","Alphaproteobacteria","Hyphomicrobiales","Xanthobacteraceae","Pseudolabrys",NA
"ASV5605","Bacteria","Actinomycetota","Acidimicrobiia","Acidimicrobiales","Acidimicrobiaceae",NA,NA
"ASV5606","Bacteria","Actinomycetota","Thermoleophilia","Gaiellales",NA,NA,NA
"ASV5607","Bacteria","Bacillota","Bacilli","Paenibacillales","Paenibacillaceae","Paenibacillus",NA
"ASV5608","Bacteria","Pseudomonadota","Alphaproteobacteria","Micropepsales","Micropepsaceae",NA,NA
"ASV5609","Bacteria","Planctomycetota","Phycisphaerae","Tepidisphaerales","WD2101 soil group",NA,NA
"ASV5610","Bacteria","Patescibacteria","Parcubacteria",NA,NA,NA,NA
"ASV5611","Bacteria","Pseudomonadota","Alphaproteobacteria","Rickettsiales","Mitochondria",NA,NA
"ASV5612","Bacteria","Pseudomonadota","Alphaproteobacteria","Micavibrionales",NA,NA,NA
"ASV5613","Bacteria","Bacteroidota","Bacteroidia","Cytophagales","Microscillaceae","Ohtaekwangia",NA
"ASV5614","Bacteria","Pseudomonadota","Alphaproteobacteria","Elsterales","Elsteraceae",NA,NA
"ASV5615","Bacteria",NA,NA,NA,NA,NA,NA
"ASV5616","Bacteria","Patescibacteria","Saccharimonadia","Saccharimonadales",NA,NA,NA
"ASV5617","Bacteria","Bacteroidota","Bacteroidia","Chitinophagales","Chitinophagaceae","Nemorincola",NA
"ASV5618","Bacteria","Verrucomicrobiota","Verrucomicrobiia","Opitutales","Opitutaceae","Cephaloticoccus",NA
"ASV5619","Bacteria","Pseudomonadota","Alphaproteobacteria","Micavibrionales","Micavibrionaceae",NA,NA
"ASV5620","Bacteria","Bacteroidota","Bacteroidia","Chitinophagales","Chitinophagaceae",NA,NA
"ASV5621","Bacteria","Acidobacteriota","Acidobacteriae","Subgroup 2",NA,NA,NA
"ASV5622","Bacteria","Dependentiae","Babeliae","Babeliales","Vermiphilaceae",NA,NA
"ASV5623","Bacteria","Cyanobacteriota","Vampirivibrionia","Vampirovibrionales",NA,NA,NA
"ASV5624","Bacteria","Verrucomicrobiota","Verrucomicrobiia","Opitutales","Opitutaceae","Oleiharenicola",NA
"ASV5625","Bacteria","Patescibacteria","Parcubacteria",NA,NA,NA,NA
"ASV5626","Bacteria","Verrucomicrobiota","Omnitrophia","Omnitrophales","Omnitrophaceae","Candidatus Omnitrophus",NA
"ASV5627","Bacteria","Cyanobacteriota","Vampirivibrionia","Vampirovibrionales",NA,NA,NA
"ASV5628","Bacteria","Pseudomonadota","Alphaproteobacteria","Rickettsiales","SM2D12",NA,NA
"ASV5629","Bacteria","Bacteroidota","Bacteroidia","Cytophagales","Spirosomataceae","Dyadobacter",NA
"ASV5630","Bacteria","Abditibacteriota","Abditibacteriia","Abditibacteriales","Abditibacteriaceae","Abditibacterium",NA
"ASV5631","Bacteria","Actinomycetota","Actinobacteria",NA,NA,NA,NA
"ASV5632","Bacteria","Pseudomonadota","Gammaproteobacteria","Legionellales","Legionellaceae","Legionella",NA
"ASV5633","Bacteria","Bdellovibrionota","Oligoflexia","0319-6G20",NA,NA,NA
"ASV5634","Bacteria","Planctomycetota","Planctomycetes","Isosphaerales","Isosphaeraceae","Aquisphaera",NA
"ASV5635","Bacteria","Patescibacteria","Saccharimonadia","Saccharimonadales","LWQ8",NA,NA
"ASV5636","Bacteria","Patescibacteria","Parcubacteria","Candidatus Kaiserbacteria",NA,NA,NA
"ASV5637","Bacteria","Verrucomicrobiota","Verrucomicrobiia","Pedosphaerales","Pedosphaeraceae",NA,NA
"ASV5638","Bacteria","Bacillota","Bacilli","Paenibacillales","Paenibacillaceae","Paenibacillus",NA
"ASV5639","Bacteria","Planctomycetota","Planctomycetes","Gemmatales","Gemmataceae","Gemmata",NA
"ASV5640","Bacteria","Acidobacteriota","Vicinamibacteria","Vicinamibacterales","Vicinamibacteraceae",NA,NA
"ASV5641","Bacteria","Pseudomonadota","Gammaproteobacteria","Rickettsiellales","Rickettsiellaceae",NA,NA
"ASV5642","Bacteria","Bacteroidota","Bacteroidia","Cytophagales","Spirosomataceae","Spirosoma",NA
"ASV5643","Bacteria","Dependentiae","Babeliae","Babeliales","Incertae Sedis","UBA12409",NA
"ASV5644","Bacteria","Planctomycetota","Planctomycetes","Pirellulales","Pirellulaceae",NA,NA
"ASV5645","Bacteria",NA,NA,NA,NA,NA,NA
"ASV5646","Bacteria","Gemmatimonadota","Gemmatimonadia","Gemmatimonadales","Gemmatimonadaceae",NA,NA
"ASV5647","Bacteria","Patescibacteria","Parcubacteria","Candidatus Adlerbacteria",NA,NA,NA
"ASV5648","Bacteria","Pseudomonadota","Alphaproteobacteria","Rickettsiales","Mitochondria",NA,NA
"ASV5649","Bacteria","Bacillota","Bacilli","Paenibacillales","Paenibacillaceae","Cohnella",NA
"ASV5650","Bacteria","Verrucomicrobiota","Verrucomicrobiia","Pedosphaerales","Pedosphaeraceae","Ellin517",NA
"ASV5651","Bacteria","Pseudomonadota","Alphaproteobacteria","Hyphomicrobiales","Hyphomicrobiales Incertae Sedis","Bauldia",NA
"ASV5652","Bacteria","Bacteroidota","Bacteroidia","Flavobacteriales","Flavobacteriaceae","Flavobacterium",NA
"ASV5653","Bacteria","Actinomycetota","Actinobacteria","Micrococcales","Micrococcaceae",NA,NA
"ASV5654","Bacteria","Pseudomonadota","Gammaproteobacteria","Rickettsiellales","Rickettsiellaceae","Aquicella",NA
"ASV5655","Bacteria","Bacillota","Bacilli","Alicyclobacillales","Alicyclobacillaceae","Alicyclobacillus",NA
"ASV5656","Bacteria","Pseudomonadota","Alphaproteobacteria","Hyphomicrobiales","Rhizobiaceae","Neorhizobium",NA
"ASV5657","Bacteria","Pseudomonadota","Gammaproteobacteria","Pseudomonadales","Moraxellaceae","Psychrobacter",NA
"ASV5658","Bacteria","Pseudomonadota","Gammaproteobacteria",NA,NA,NA,NA
"ASV5659","Bacteria","Bdellovibrionota","Bdellovibrionia","Bdellovibrionales","Pseudobdellovibrionaceae","Bdellovibrio",NA
"ASV5660","Bacteria","Bacillota","Bacilli","Paenibacillales","Paenibacillaceae","Saccharibacillus",NA
"ASV5661","Bacteria","Pseudomonadota","Alphaproteobacteria","Caulobacterales","Caulobacteraceae","Brevundimonas","kwangchunensis"
"ASV5662","Bacteria","Bacteroidota","Bacteroidia","Flavobacteriales","Flavobacteriaceae","Flavobacterium",NA
"ASV5663","Bacteria","Pseudomonadota","Gammaproteobacteria","Burkholderiales","Comamonadaceae",NA,NA
"ASV5664","Bacteria","Pseudomonadota","Gammaproteobacteria","Burkholderiales","Oxalobacteraceae","Massilia",NA
"ASV5665","Bacteria","Pseudomonadota","Alphaproteobacteria","Micropepsales","Micropepsaceae",NA,NA
"ASV5666","Bacteria","Pseudomonadota","Alphaproteobacteria","Rhodospirillales",NA,NA,NA
"ASV5667","Bacteria","Pseudomonadota","Gammaproteobacteria","Rickettsiellales","Rickettsiellaceae","Aquicella",NA
"ASV5668","Bacteria","Bacteroidota","Bacteroidia","Chitinophagales","Chitinophagaceae","Flavisolibacter",NA
"ASV5669","Bacteria","Bacteroidota","Bacteroidia","Flavobacteriales","Crocinitomicaceae","Fluviicola",NA
"ASV5670","Bacteria",NA,NA,NA,NA,NA,NA
"ASV5671","Bacteria","Cyanobacteriota","Cyanobacteriia","Chloroplast",NA,NA,NA
"ASV5672","Bacteria","Pseudomonadota","Alphaproteobacteria","Rickettsiales","Mitochondria",NA,NA
"ASV5673","Bacteria","Bdellovibrionota","Oligoflexia","0319-6G20",NA,NA,NA
"ASV5674","Bacteria","Dependentiae","Babeliae","Babeliales","Vermiphilaceae",NA,NA
"ASV5675","Bacteria","Pseudomonadota","Gammaproteobacteria","Pseudomonadales",NA,NA,NA
"ASV5676","Bacteria","Bacteroidota","Bacteroidia","Chitinophagales","Chitinophagaceae","Chitinophaga",NA
"ASV5677","Bacteria","Bacteroidota","Bacteroidia","Sphingobacteriales","Sphingobacteriaceae","Mucilaginibacter",NA
"ASV5678","Bacteria","Pseudomonadota",NA,NA,NA,NA,NA
"ASV5679","Bacteria","Pseudomonadota","Alphaproteobacteria","Rickettsiales","Rickettsiaceae",NA,NA
"ASV5680","Bacteria","Pseudomonadota","Alphaproteobacteria","Rickettsiales","Mitochondria",NA,NA
"ASV5681","Bacteria","Pseudomonadota","Alphaproteobacteria","Rickettsiales","Midichloriaceae",NA,NA
"ASV5682","Bacteria","Pseudomonadota","Gammaproteobacteria","Legionellales","Legionellaceae","Legionella",NA
"ASV5683","Bacteria","Pseudomonadota","Alphaproteobacteria","Micavibrionales",NA,NA,NA
"ASV5684","Bacteria","Actinomycetota","Actinobacteria","Streptosporangiales",NA,NA,NA
"ASV5685","Bacteria","Pseudomonadota","Gammaproteobacteria","Burkholderiales","Burkholderiaceae","Burkholderia-Caballeronia-Paraburkholderia",NA
"ASV5686","Bacteria","Cyanobacteriota","Cyanobacteriia","Chloroplast",NA,NA,NA
"ASV5687","Bacteria","Pseudomonadota","Alphaproteobacteria","Rhodobacterales","Paracoccaceae","Paracoccus",NA
"ASV5688","Bacteria","Bacteroidota","Bacteroidia","Sphingobacteriales","env.OPS 17",NA,NA
"ASV5689","Bacteria","Bacteroidota","Bacteroidia","Cytophagales","Spirosomataceae","Spirosoma",NA
"ASV5690","Bacteria","Bacteroidota","Bacteroidia","Flavobacteriales","Flavobacteriaceae","Flavobacterium",NA
"ASV5691","Bacteria","Actinomycetota","Actinobacteria","Propionibacteriales","Nocardioidaceae","Nocardioides",NA
"ASV5692","Bacteria","Armatimonadota","Fimbriimonadia","Fimbriimonadales","Fimbriimonadaceae",NA,NA
"ASV5693","Bacteria","Patescibacteria","Saccharimonadia","Saccharimonadales","LWQ8",NA,NA
"ASV5694","Bacteria","Pseudomonadota","Gammaproteobacteria","Salinisphaerales","Nevskiaceae","Stagnimonas",NA
"ASV5695","Bacteria","Pseudomonadota","Alphaproteobacteria","Hyphomicrobiales","Rhizobiaceae","Endobacterium",NA
"ASV5696","Bacteria","Pseudomonadota","Gammaproteobacteria","Gammaproteobacteria Incertae Sedis","Unknown Family","Candidatus Ovatusbacter",NA
"ASV5697","Bacteria","Pseudomonadota","Gammaproteobacteria","Rickettsiellales","Rickettsiellaceae",NA,NA
"ASV5698","Bacteria","Pseudomonadota","Alphaproteobacteria","Sphingomonadales","Sphingomonadaceae","Rhizorhapis",NA
"ASV5699","Bacteria","Patescibacteria","Saccharimonadia","Saccharimonadales",NA,NA,NA
"ASV5700","Bacteria","Planctomycetota","Planctomycetes","Isosphaerales","Isosphaeraceae","Paludisphaera",NA
"ASV5701","Bacteria","Actinomycetota","Actinobacteria","Frankiales","Frankiaceae","Jatrophihabitans",NA
"ASV5702","Bacteria","Bdellovibrionota","Oligoflexia","0319-6G20",NA,NA,NA
"ASV5703","Bacteria","Pseudomonadota","Gammaproteobacteria",NA,NA,NA,NA
"ASV5704","Bacteria","Actinomycetota","Actinobacteria","Micrococcales","Intrasporangiaceae","Oryzobacter",NA
"ASV5705","Bacteria",NA,NA,NA,NA,NA,NA
"ASV5706","Bacteria","Cyanobacteriota","Cyanobacteriia","Chloroplast",NA,NA,NA
"ASV5707","Bacteria","Bacillota","Bacilli","Paenibacillales","Paenibacillaceae","Paenibacillus",NA
"ASV5708","Bacteria","Myxococcota","Myxococcia","Myxococcales","Myxococcaceae",NA,NA
"ASV5709","Bacteria","Pseudomonadota","Gammaproteobacteria","Rickettsiellales","Rickettsiellaceae","Aquicella",NA
"ASV5710","Bacteria","Bacillota","Bacilli","Alicyclobacillales","Alicyclobacillaceae","Alicyclobacillus",NA
"ASV5711","Bacteria","Pseudomonadota","Gammaproteobacteria","Legionellales","Legionellaceae","Legionella",NA
"ASV5712","Bacteria","Bacillota","Bacilli","Paenibacillales","Paenibacillaceae","Paenibacillus",NA
"ASV5713","Bacteria","Bacteroidota","Bacteroidia","Flavobacteriales","Flavobacteriaceae","Flavobacterium",NA
"ASV5714","Bacteria","Bdellovibrionota","Bacteriovoracia","Bacteriovoracales","Bacteriovoracaceae","Peredibacter",NA
"ASV5715","Bacteria","Bacillota","Bacilli","Paenibacillales","Paenibacillaceae","Paenibacillus",NA
"ASV5716","Bacteria","Pseudomonadota","Alphaproteobacteria","Rickettsiales","SM2D12",NA,NA
"ASV5717","Bacteria","Verrucomicrobiota","Verrucomicrobiia","Opitutales","Opitutaceae","Oleiharenicola",NA
"ASV5718","Bacteria","Pseudomonadota","Alphaproteobacteria","Tistrellales","Geminicoccaceae","Geminicoccus",NA
"ASV5719","Bacteria","Acidobacteriota","Acidobacteriae","Bryobacterales","Bryobacteraceae","Bryobacter",NA
"ASV5720","Bacteria","Pseudomonadota","Alphaproteobacteria","Incertae Sedis","Incertae Sedis","Hypericibacter",NA
"ASV5721","Bacteria","Myxococcota","Polyangiia","Polyangiales","Sandaracinaceae",NA,NA
"ASV5722","Bacteria","Chlamydiota","Chlamydiia","Chlamydiales","Simkaniaceae",NA,NA
"ASV5723","Bacteria","Bacteroidota","Bacteroidia","Chitinophagales","Chitinophagaceae","Edaphobaculum",NA
"ASV5724","Bacteria","Pseudomonadota","Alphaproteobacteria","Sneathiellales","Sneathiellaceae","Taonella",NA
"ASV5725","Bacteria","Pseudomonadota","Alphaproteobacteria","Rickettsiales","Rickettsiaceae",NA,NA
"ASV5726","Bacteria","Pseudomonadota","Gammaproteobacteria",NA,NA,NA,NA
"ASV5727","Bacteria","Acidobacteriota","Acidobacteriae","Solibacterales","Solibacteraceae","Candidatus Solibacter",NA
"ASV5728","Bacteria","Pseudomonadota","Alphaproteobacteria","Micavibrionales",NA,NA,NA
"ASV5729","Bacteria","Pseudomonadota","Alphaproteobacteria","Hyphomicrobiales","KF-JG30-B3",NA,NA
"ASV5730","Bacteria","Pseudomonadota","Alphaproteobacteria","Caulobacterales","Caulobacteraceae","Phenylobacterium",NA
"ASV5731","Bacteria","Patescibacteria","Saccharimonadia","Saccharimonadales","LWQ8",NA,NA
"ASV5732","Bacteria","Bacillota","Negativicutes","Veillonellales-Selenomonadales",NA,NA,NA
"ASV5733","Bacteria","Cyanobacteriota","Sericytochromatia",NA,NA,NA,NA
"ASV5734","Bacteria","Pseudomonadota","Alphaproteobacteria","Caulobacterales","Caulobacteraceae","Phenylobacterium",NA
"ASV5735","Bacteria","Actinomycetota","Thermoleophilia","Solirubrobacterales","Solirubrobacteraceae","Solirubrobacter","phytolaccae"
"ASV5736","Bacteria","Pseudomonadota","Alphaproteobacteria","Paracaedibacterales","Paracaedibacteraceae",NA,NA
"ASV5737","Bacteria","Pseudomonadota","Gammaproteobacteria",NA,NA,NA,NA
"ASV5738","Bacteria","Pseudomonadota","Alphaproteobacteria",NA,NA,NA,NA
"ASV5739","Bacteria","Pseudomonadota","Alphaproteobacteria","Rickettsiales","Rickettsiaceae",NA,NA
"ASV5740","Bacteria","Pseudomonadota","Alphaproteobacteria","Rhodospirillales",NA,NA,NA
"ASV5741","Bacteria","Pseudomonadota","Alphaproteobacteria","Incertae Sedis","Incertae Sedis","Hypericibacter",NA
"ASV5742","Bacteria","Bacteroidota","Bacteroidia","Chitinophagales","Chitinophagaceae","Chitinophaga",NA
"ASV5743","Bacteria","Acidobacteriota","Acidobacteriae","Bryobacterales","Bryobacteraceae","Bryobacter",NA
"ASV5744","Bacteria","Pseudomonadota","Alphaproteobacteria","Rhodospirillales",NA,NA,NA
"ASV5745","Bacteria","Bdellovibrionota","Bacteriovoracia","Bacteriovoracales","Bacteriovoracaceae","Peredibacter",NA
"ASV5746","Bacteria","Planctomycetota","Planctomycetes","Isosphaerales","Isosphaeraceae","Aquisphaera",NA
"ASV5747","Bacteria","Pseudomonadota","Alphaproteobacteria","Paracaedibacterales","Paracaedibacteraceae","Candidatus Finniella",NA
"ASV5748","Bacteria","Bacillota","Bacilli","Exiguobacterales","Exiguobacteraceae","Exiguobacterium",NA
"ASV5749","Bacteria","Bacillota","Bacilli","Paenibacillales","Paenibacillaceae","Paenibacillus",NA
"ASV5750","Bacteria","Pseudomonadota","Alphaproteobacteria","Caulobacterales","Caulobacteraceae",NA,NA
"ASV5751","Bacteria","Bacillota","Bacilli","Paenibacillales","Paenibacillaceae","Paenibacillus",NA
"ASV5752","Bacteria","Bacillota","Clostridia","Oscillospirales","Ruminococcaceae","Caproiciproducens",NA
"ASV5753","Bacteria","Dependentiae","Babeliae","Babeliales",NA,NA,NA
"ASV5754","Bacteria","Verrucomicrobiota","Verrucomicrobiia","Chthoniobacterales","Terrimicrobiaceae","FukuN18 freshwater group",NA
"ASV5755","Bacteria","Planctomycetota","Planctomycetes","Pirellulales","Pirellulaceae",NA,NA
"ASV5756","Bacteria","Pseudomonadota","Gammaproteobacteria",NA,NA,NA,NA
"ASV5757","Bacteria","Pseudomonadota","Alphaproteobacteria","Rickettsiales","Mitochondria",NA,NA
"ASV5758","Bacteria","Pseudomonadota","Alphaproteobacteria","Rickettsiales","Mitochondria",NA,NA
"ASV5759","Bacteria","Bacteroidota","Bacteroidia","Cytophagales","Spirosomataceae","Spirosoma",NA
"ASV5760","Bacteria","Bdellovibrionota","Oligoflexia","0319-6G20",NA,NA,NA
"ASV5761","Bacteria","Pseudomonadota","Alphaproteobacteria","Rickettsiales","Midichloriaceae","Candidatus Jidaibacter",NA
"ASV5762","Bacteria","Pseudomonadota","Alphaproteobacteria","Elsterales",NA,NA,NA
"ASV5763","Bacteria","Verrucomicrobiota","Verrucomicrobiia","Methylacidiphilales","Methylacidiphilaceae",NA,NA
"ASV5764","Bacteria","Patescibacteria","Saccharimonadia","Saccharimonadales","LWQ8",NA,NA
"ASV5765","Bacteria","Actinomycetota","Actinobacteria","Propionibacteriales","Nocardioidaceae","Nocardioides",NA
"ASV5766","Bacteria","Pseudomonadota","Alphaproteobacteria","Hyphomicrobiales","Xanthobacteraceae","Pseudolabrys",NA
"ASV5767","Bacteria","Actinomycetota","Acidimicrobiia","Acidimicrobiales","Acidimicrobiaceae",NA,NA
"ASV5768","Bacteria","Verrucomicrobiota","Verrucomicrobiia","Opitutales","Puniceicoccaceae",NA,NA
"ASV5769","Bacteria","Pseudomonadota","Alphaproteobacteria","Acetobacterales","Acetobacteraceae",NA,NA
"ASV5770","Bacteria","Actinomycetota","Acidimicrobiia","Acidimicrobiales","Acidimicrobiaceae",NA,NA
"ASV5771","Bacteria","Actinomycetota","Thermoleophilia","Solirubrobacterales","Solirubrobacteraceae","Conexibacter",NA
"ASV5772","Bacteria","Verrucomicrobiota","Omnitrophia","Omnitrophales","Omnitrophaceae","Candidatus Omnitrophus",NA
"ASV5773","Bacteria","Cyanobacteriota","Vampirivibrionia","Obscuribacterales","Obscuribacteraceae",NA,NA
"ASV5774","Bacteria","Pseudomonadota","Alphaproteobacteria","Acetobacterales","Acetobacteraceae","Acidocella",NA
"ASV5775","Bacteria","Acidobacteriota","Acidobacteriae","Terriglobales","Acidobacteriaceae (Subgroup 1)","Bryocella",NA
"ASV5776","Bacteria","Bacteroidota","Bacteroidia","Chitinophagales","Chitinophagaceae",NA,NA
"ASV5777","Bacteria","Pseudomonadota","Alphaproteobacteria","Caulobacterales","Caulobacteraceae",NA,NA
"ASV5778","Bacteria","Acidobacteriota","Acidobacteriae","Terriglobales","Acidobacteriaceae (Subgroup 1)",NA,NA
"ASV5779","Bacteria","Acidobacteriota","Acidobacteriae","Terriglobales","Acidobacteriaceae (Subgroup 1)","Granulicella",NA
"ASV5780","Bacteria","Pseudomonadota","Alphaproteobacteria","Acetobacterales","Acetobacteraceae",NA,NA
"ASV5781","Bacteria","Actinomycetota","Acidimicrobiia","Acidimicrobiales","Acidimicrobiaceae",NA,NA
"ASV5782","Bacteria","Pseudomonadota","Gammaproteobacteria","Rickettsiellales","Rickettsiellaceae",NA,NA
"ASV5783","Bacteria","Pseudomonadota","Alphaproteobacteria","Rickettsiales","Mitochondria",NA,NA
"ASV5784","Bacteria","Pseudomonadota","Gammaproteobacteria","Burkholderiales","Burkholderiaceae","Robbsia",NA
"ASV5785","Bacteria","Pseudomonadota","Gammaproteobacteria","Rickettsiellales","Rickettsiellaceae","Aquicella",NA
"ASV5786","Bacteria","Pseudomonadota","Gammaproteobacteria","Rickettsiellales","Rickettsiellaceae","Aquicella",NA
"ASV5787","Bacteria","Planctomycetota","Planctomycetes","Planctomycetales","Rubinisphaeraceae","Planctomicrobium",NA
"ASV5788","Bacteria","Planctomycetota","Planctomycetes","Gemmatales","Gemmataceae",NA,NA
"ASV5789","Bacteria","Bacteroidota","Bacteroidia","Sphingobacteriales","Sphingobacteriaceae","Mucilaginibacter",NA
"ASV5790","Bacteria","Pseudomonadota","Alphaproteobacteria","Parvibaculales","Parvibaculaceae","Parvibaculum",NA
"ASV5791","Bacteria","Acidobacteriota","Vicinamibacteria","Vicinamibacterales","Vicinamibacteraceae",NA,NA
"ASV5792","Bacteria","Pseudomonadota","Gammaproteobacteria","Gammaproteobacteria Incertae Sedis","Unknown Family","Candidatus Ovatusbacter",NA
"ASV5793","Bacteria","Planctomycetota","Planctomycetes","Isosphaerales","Isosphaeraceae","Paludisphaera",NA
"ASV5794","Bacteria","Pseudomonadota","Gammaproteobacteria",NA,NA,NA,NA
"ASV5795","Bacteria","Gemmatimonadota","Gemmatimonadia","Gemmatimonadales","Gemmatimonadaceae","Gemmatimonas",NA
"ASV5796","Bacteria","Actinomycetota","Thermoleophilia","Solirubrobacterales","67-14",NA,NA
"ASV5797","Bacteria","Pseudomonadota","Alphaproteobacteria","Hyphomicrobiales","Beijerinckiaceae","Lichenibacterium",NA
"ASV5798","Bacteria","Gemmatimonadota","Gemmatimonadia","Gemmatimonadales","Gemmatimonadaceae","Gemmatimonas",NA
"ASV5799","Bacteria","Pseudomonadota","Alphaproteobacteria","Acetobacterales","Acetobacteraceae",NA,NA
"ASV5800","Bacteria","Pseudomonadota","Gammaproteobacteria","Legionellales","Legionellaceae","Legionella",NA
"ASV5801","Bacteria","Chlamydiota","Chlamydiia","Chlamydiales","Parachlamydiaceae","Candidatus Protochlamydia",NA
"ASV5802","Bacteria","Dependentiae","Babeliae","Babeliales","Incertae Sedis","UBA12409",NA
"ASV5803","Bacteria","Pseudomonadota","Alphaproteobacteria","Elsterales","URHD0088",NA,NA
"ASV5804","Bacteria","Pseudomonadota","Alphaproteobacteria","Rhodospirillales","Magnetospirillaceae",NA,NA
"ASV5805","Bacteria","Pseudomonadota","Alphaproteobacteria","Tistrellales","Geminicoccaceae","Candidatus Alysiosphaera",NA
"ASV5806","Bacteria","Actinomycetota","Actinobacteria","Catenulisporales","Actinospicaceae",NA,NA
"ASV5807","Bacteria","Actinomycetota","Acidimicrobiia","Microtrichales","Microtrichaceae",NA,NA
"ASV5808","Bacteria","Gemmatimonadota","Gemmatimonadia","Gemmatimonadales","Gemmatimonadaceae","Gemmatimonas",NA
"ASV5809","Bacteria","Planctomycetota","Planctomycetes","Planctomycetales","Rubinisphaeraceae","SH-PL14",NA
"ASV5810","Bacteria","Bdellovibrionota","Oligoflexia","0319-6G20",NA,NA,NA
"ASV5811","Bacteria","Bacteroidota","Bacteroidia","Cytophagales","Microscillaceae","Chryseotalea",NA
"ASV5812","Bacteria","Bacteroidota","Bacteroidia","Chitinophagales","Chitinophagaceae","Taibaiella",NA
"ASV5813","Bacteria","Chlamydiota","Chlamydiia","Chlamydiales","Parachlamydiaceae","Neochlamydia",NA
"ASV5814","Bacteria","Pseudomonadota","Gammaproteobacteria",NA,NA,NA,NA
"ASV5815","Bacteria","Cyanobacteriota","Vampirivibrionia","Vampirovibrionales","Vampirovibrionaceae","Vampirovibrio",NA
"ASV5816","Bacteria","Bacteroidota","Bacteroidia","Chitinophagales","Chitinophagaceae","Flavisolibacter","metallilatus"
"ASV5817","Bacteria","Planctomycetota","Planctomycetes","Gemmatales","Gemmataceae",NA,NA
"ASV5818","Bacteria","Pseudomonadota","Gammaproteobacteria","Rickettsiellales","Rickettsiellaceae",NA,NA
"ASV5819","Bacteria","Pseudomonadota","Alphaproteobacteria","Rickettsiales","SM2D12",NA,NA
"ASV5820","Bacteria","Dependentiae","Babeliae","Babeliales",NA,NA,NA
"ASV5821","Bacteria","Pseudomonadota","Gammaproteobacteria","Rickettsiellales","Rickettsiellaceae","Aquicella",NA
"ASV5822","Bacteria","Verrucomicrobiota","Verrucomicrobiia","Opitutales","Opitutaceae","Opitutus",NA
"ASV5823","Bacteria","Pseudomonadota","Alphaproteobacteria","Hyphomicrobiales","Xanthobacteraceae","Pseudolabrys",NA
"ASV5824","Bacteria","Planctomycetota","Planctomycetes","Isosphaerales","Isosphaeraceae","Paludisphaera",NA
"ASV5825","Bacteria","Candidatus Eremiobacterota","Eremiobacteria",NA,NA,NA,NA
"ASV5826","Bacteria","Pseudomonadota","Gammaproteobacteria","Coxiellales","Coxiellaceae","Coxiella",NA
"ASV5827","Bacteria","Patescibacteria","Saccharimonadia","Saccharimonadales",NA,NA,NA
"ASV5828","Bacteria","Pseudomonadota","Alphaproteobacteria","Caulobacterales","Caulobacteraceae","Phenylobacterium",NA
"ASV5829","Bacteria","Pseudomonadota","Alphaproteobacteria","Caulobacterales","Caulobacteraceae","Caulobacter",NA
"ASV5830","Bacteria","Pseudomonadota","Alphaproteobacteria","Paracaedibacterales","Paracaedibacteraceae","Candidatus Finniella",NA
"ASV5831","Bacteria","Pseudomonadota","Gammaproteobacteria","Rickettsiellales","Rickettsiellaceae",NA,NA
"ASV5832","Bacteria","Pseudomonadota","Alphaproteobacteria","Rhodospirillales",NA,NA,NA
"ASV5833","Bacteria","Pseudomonadota","Alphaproteobacteria","Sphingomonadales","Sphingomonadaceae",NA,NA
"ASV5834","Bacteria","Gemmatimonadota","S0134 terrestrial group",NA,NA,NA,NA
"ASV5835","Bacteria","Acidobacteriota","Acidobacteriae","Bryobacterales","Bryobacteraceae","Bryobacter",NA
"ASV5836","Bacteria","Pseudomonadota","Gammaproteobacteria","Rickettsiellales","Rickettsiellaceae",NA,NA
"ASV5837","Bacteria","Planctomycetota","Planctomycetes","Planctomycetales","Rubinisphaeraceae","Planctomicrobium",NA
"ASV5838","Bacteria","Pseudomonadota","Alphaproteobacteria","Holosporales","Holosporaceae",NA,NA
"ASV5839","Bacteria","Bacteroidota","Bacteroidia","Chitinophagales","Chitinophagaceae","Nemorincola",NA
"ASV5840","Bacteria","Pseudomonadota","Alphaproteobacteria","Rickettsiales","Mitochondria",NA,NA
"ASV5841","Bacteria","Planctomycetota","Planctomycetes","Gemmatales","Gemmataceae","Gemmata",NA
"ASV5842","Bacteria","Thermodesulfobacteriota","Desulfuromonadia","PB19",NA,NA,NA
"ASV5843","Bacteria","Patescibacteria","Saccharimonadia","Saccharimonadales","LWQ8",NA,NA
"ASV5844","Bacteria","Armatimonadota",NA,NA,NA,NA,NA
"ASV5845","Bacteria","Pseudomonadota","Gammaproteobacteria",NA,NA,NA,NA
"ASV5846","Bacteria","Bacteroidota","Bacteroidia","Cytophagales","Spirosomataceae","Dyadobacter",NA
"ASV5847","Bacteria","Bdellovibrionota","Oligoflexia","0319-6G20",NA,NA,NA
"ASV5848","Bacteria","Bdellovibrionota","Bdellovibrionia","Bdellovibrionales","Pseudobdellovibrionaceae",NA,NA
"ASV5849","Bacteria","Chloroflexota","TK10",NA,NA,NA,NA
"ASV5850","Bacteria","Pseudomonadota","Gammaproteobacteria","Legionellales","Legionellaceae","Legionella",NA
"ASV5851","Bacteria","Armatimonadota","Fimbriimonadia","Fimbriimonadales","Fimbriimonadaceae",NA,NA
"ASV5852","Bacteria","Pseudomonadota","Gammaproteobacteria","I3A",NA,NA,NA
"ASV5853","Bacteria","Cyanobacteriota","Cyanobacteriia","Chloroplast",NA,NA,NA
"ASV5854","Bacteria","Pseudomonadota","Gammaproteobacteria",NA,NA,NA,NA
"ASV5855","Bacteria","Bdellovibrionota","Oligoflexia","0319-6G20",NA,NA,NA
"ASV5856","Bacteria","Patescibacteria","Saccharimonadia","Saccharimonadales","Saccharimonadaceae","TM7a",NA
"ASV5857","Bacteria","Pseudomonadota","Gammaproteobacteria","Salinisphaerales","Nevskiaceae","Stenotrophobium",NA
"ASV5858","Bacteria","Dependentiae","Babeliae","Babeliales","Vermiphilaceae",NA,NA
"ASV5859","Bacteria","Chlamydiota","Chlamydiia","Chlamydiales","cvE6",NA,NA
"ASV5860","Bacteria","Acidobacteriota","Acidobacteriae","Terriglobales","Acidobacteriaceae (Subgroup 1)","Granulicella",NA
"ASV5861","Bacteria","Bacteroidota","Bacteroidia","Chitinophagales","Chitinophagaceae","Terrimonas",NA
"ASV5862","Bacteria","Patescibacteria","Gracilibacteria",NA,NA,NA,NA
"ASV5863","Bacteria","Pseudomonadota","Alphaproteobacteria","Hyphomicrobiales","Beijerinckiaceae","Methylocystis",NA
"ASV5864","Bacteria","Bdellovibrionota","Oligoflexia","0319-6G20",NA,NA,NA
"ASV5865","Bacteria","Bdellovibrionota","Oligoflexia","0319-6G20",NA,NA,NA
"ASV5866","Bacteria","Actinomycetota","Thermoleophilia","Solirubrobacterales","67-14",NA,NA
"ASV5867","Bacteria","Pseudomonadota","Gammaproteobacteria","Rickettsiellales","Rickettsiellaceae","Aquicella",NA
"ASV5868","Bacteria","Bacteroidota","Bacteroidia","Chitinophagales","Chitinophagaceae","Taibaiella",NA
"ASV5869","Bacteria","Abditibacteriota","Abditibacteriia","Abditibacteriales","Abditibacteriaceae","Abditibacterium",NA
"ASV5870","Bacteria","Bacteroidota","Bacteroidia","Chitinophagales","Saprospiraceae","Phaeodactylibacter",NA
"ASV5871","Bacteria","Bacillota","Bacilli","Paenibacillales","Paenibacillaceae","Paenibacillus","cathormii"
"ASV5872","Bacteria","Myxococcota","Polyangiia","Haliangiales","Haliangiaceae",NA,NA
"ASV5873","Bacteria","Planctomycetota","Planctomycetes","Isosphaerales","Isosphaeraceae","Aquisphaera",NA
"ASV5874","Bacteria","Pseudomonadota","Alphaproteobacteria","Caulobacterales","Caulobacteraceae",NA,NA
"ASV5875","Bacteria","Bdellovibrionota","Oligoflexia","Oligoflexales","Oligoflexaceae",NA,NA
"ASV5876","Bacteria","Acidobacteriota","Acidobacteriae","Bryobacterales","Bryobacteraceae","Bryobacter",NA
"ASV5877","Bacteria","Bacillota","Bacilli","Thermoactinomycetales","Thermoactinomycetaceae","Pasteuria",NA
"ASV5878","Bacteria","Dependentiae","Babeliae","Babeliales",NA,NA,NA
"ASV5879","Bacteria","Bacillota","Bacilli","Paenibacillales","Paenibacillaceae","Paenibacillus",NA
"ASV5880","Bacteria","Pseudomonadota","Gammaproteobacteria","Legionellales","Legionellaceae","Legionella",NA
"ASV5881","Bacteria","Patescibacteria","Saccharimonadia","Saccharimonadales","LWQ8",NA,NA
"ASV5882","Bacteria","Patescibacteria","Parcubacteria","Candidatus Zambryskibacteria",NA,NA,NA
"ASV5883","Bacteria","Pseudomonadota","Alphaproteobacteria","Rickettsiales","SM2D12",NA,NA
"ASV5884","Bacteria","Pseudomonadota","Alphaproteobacteria","Rickettsiales","Mitochondria",NA,NA
"ASV5885","Bacteria","Bacillota","Bacilli","Paenibacillales","Paenibacillaceae","Paenibacillus",NA
"ASV5886","Bacteria","Pseudomonadota","Alphaproteobacteria","Hyphomicrobiales",NA,NA,NA
"ASV5887","Bacteria","Patescibacteria","Saccharimonadia","Saccharimonadales","Saccharimonadaceae","TM7a",NA
"ASV5888","Bacteria","Planctomycetota","Planctomycetes","Pirellulales","Pirellulaceae",NA,NA
"ASV5889","Bacteria","Pseudomonadota","Alphaproteobacteria","Reyranellales","Reyranellaceae","Reyranella",NA
"ASV5890","Bacteria","Pseudomonadota","Gammaproteobacteria",NA,NA,NA,NA
"ASV5891","Bacteria","Pseudomonadota","Alphaproteobacteria","Rickettsiales","SM2D12",NA,NA
"ASV5892","Bacteria","Bdellovibrionota","Oligoflexia","0319-6G20",NA,NA,NA
"ASV5893","Bacteria","Patescibacteria","Parcubacteria","Candidatus Nomurabacteria",NA,NA,NA
"ASV5894","Bacteria","Pseudomonadota","Gammaproteobacteria","Legionellales","Legionellaceae","Legionella",NA
"ASV5895","Bacteria","Bacteroidota","Bacteroidia","Flavobacteriales","Flavobacteriaceae","Flavobacterium",NA
"ASV5896","Bacteria","Pseudomonadota","Alphaproteobacteria","Hyphomicrobiales","Rhizobiaceae","Aureimonas",NA
"ASV5897","Bacteria","Bacteroidota","Bacteroidia","Flavobacteriales","Flavobacteriaceae","Flavobacterium",NA
"ASV5898","Bacteria","Bacteroidota","Bacteroidia","Sphingobacteriales","NS11-12 marine group",NA,NA
"ASV5899","Bacteria","Pseudomonadota","Gammaproteobacteria","Burkholderiales",NA,NA,NA
"ASV5900","Bacteria","Bacteroidota","Bacteroidia","Flavobacteriales","Flavobacteriaceae","Flavobacterium",NA
"ASV5901","Bacteria","Pseudomonadota","Gammaproteobacteria","Burkholderiales","Nitrosomonadaceae","IS-44",NA
"ASV5902","Bacteria","Pseudomonadota","Alphaproteobacteria","Sphingomonadales","Sphingomonadaceae","Rhizorhapis",NA
"ASV5903","Bacteria","Pseudomonadota","Alphaproteobacteria","Hyphomicrobiales","Rhizobiaceae","Rhizobium",NA
"ASV5904","Bacteria","Pseudomonadota","Gammaproteobacteria","Burkholderiales","Alcaligenaceae","Bordetella",NA
"ASV5905","Bacteria","Chlamydiota","Chlamydiia","Chlamydiales",NA,NA,NA
"ASV5906","Bacteria","Pseudomonadota","Alphaproteobacteria","Caulobacterales","Caulobacteraceae","Phenylobacterium",NA
"ASV5907","Bacteria","Pseudomonadota","Alphaproteobacteria","Sphingomonadales","Sphingomonadaceae","Plot4-2H12",NA
"ASV5908","Bacteria","Pseudomonadota","Alphaproteobacteria","Zavarziniales",NA,NA,NA
"ASV5909","Bacteria","Pseudomonadota","Alphaproteobacteria","Caulobacterales","Hyphomonadaceae","Hirschia",NA
"ASV5910","Bacteria","Pseudomonadota","Alphaproteobacteria","Micavibrionales",NA,NA,NA
"ASV5911","Bacteria","Pseudomonadota","Alphaproteobacteria","Micavibrionales","Micavibrionaceae",NA,NA
"ASV5912","Bacteria","Pseudomonadota","Gammaproteobacteria",NA,NA,NA,NA
"ASV5913","Bacteria","Bdellovibrionota","Oligoflexia","Silvanigrellales","Silvanigrellaceae","Fluviispira",NA
"ASV5914","Bacteria","Bdellovibrionota","Oligoflexia","0319-6G20",NA,NA,NA
"ASV5915","Bacteria","Pseudomonadota","Alphaproteobacteria","Sphingomonadales","Sphingomonadaceae","Rhizorhabdus",NA
"ASV5916","Bacteria","Bdellovibrionota","Oligoflexia","0319-6G20",NA,NA,NA
"ASV5917","Bacteria","Pseudomonadota","Gammaproteobacteria","Rickettsiellales","Rickettsiellaceae",NA,NA
"ASV5918","Bacteria","Actinomycetota","Actinobacteria","Propionibacteriales","Nocardioidaceae","Nocardioides",NA
"ASV5919","Bacteria","Pseudomonadota","Alphaproteobacteria","Hyphomicrobiales","Beijerinckiaceae","alphaI cluster",NA
"ASV5920","Bacteria","Pseudomonadota","Alphaproteobacteria","Caulobacterales","Caulobacteraceae","Brevundimonas",NA
"ASV5921","Bacteria","Pseudomonadota","Alphaproteobacteria","Rickettsiales","Mitochondria",NA,NA
"ASV5922","Bacteria","Bacteroidota","Bacteroidia","Sphingobacteriales","Sphingobacteriaceae",NA,NA
"ASV5923","Bacteria","Myxococcota","Polyangiia","Polyangiales","Polyangiaceae","Pajaroellobacter",NA
"ASV5924","Bacteria","Chlamydiota","Chlamydiia","Chlamydiales","Parachlamydiaceae","Candidatus Protochlamydia",NA
"ASV5925","Bacteria","Bacillota","Bacilli","Bacillales","Planococcaceae","Planococcus",NA
"ASV5926","Bacteria","Pseudomonadota","Alphaproteobacteria","Rickettsiales","Mitochondria",NA,NA
"ASV5927","Bacteria","Pseudomonadota","Alphaproteobacteria","Hyphomicrobiales","Beijerinckiaceae","Rhodoblastus",NA
"ASV5928","Bacteria","Pseudomonadota","Gammaproteobacteria","Salinisphaerales","Nevskiaceae","Stenotrophobium",NA
"ASV5929","Bacteria","Myxococcota","Polyangiia","Polyangiales","Phaselicystaceae","Phaselicystis",NA
"ASV5930","Bacteria","Armatimonadota",NA,NA,NA,NA,NA
"ASV5931","Bacteria","Pseudomonadota","Gammaproteobacteria","Rickettsiellales","Rickettsiellaceae",NA,NA
"ASV5932","Bacteria","Bacteroidota","Bacteroidia","Cytophagales","Spirosomataceae","Tellurirhabdus",NA
"ASV5933","Bacteria","Pseudomonadota","Gammaproteobacteria","Rickettsiellales","Rickettsiellaceae",NA,NA
"ASV5934","Bacteria","Pseudomonadota","Alphaproteobacteria","Hyphomicrobiales","Hyphomicrobiales Incertae Sedis",NA,NA
"ASV5935","Bacteria","Pseudomonadota","Alphaproteobacteria","Hyphomicrobiales","Hyphomicrobiales Incertae Sedis","Bauldia",NA
"ASV5936","Bacteria","Planctomycetota","Planctomycetes","Isosphaerales","Isosphaeraceae",NA,NA
"ASV5937","Bacteria","Pseudomonadota","Gammaproteobacteria","Pseudomonadales","Pseudomonadaceae","Pseudomonas",NA
"ASV5938","Bacteria","Pseudomonadota","Alphaproteobacteria","Hyphomicrobiales","Beijerinckiaceae","Methylobacterium",NA
"ASV5939","Bacteria","Pseudomonadota","Gammaproteobacteria","Burkholderiales","Comamonadaceae","Ramlibacter",NA
"ASV5940","Bacteria","Chlamydiota","Chlamydiia","Chlamydiales","Parachlamydiaceae",NA,NA
"ASV5941","Bacteria","Pseudomonadota","Alphaproteobacteria","Hyphomicrobiales","Xanthobacteraceae",NA,NA
"ASV5942","Bacteria","Armatimonadota",NA,NA,NA,NA,NA
"ASV5943","Bacteria","Pseudomonadota","Gammaproteobacteria",NA,NA,NA,NA
"ASV5944","Bacteria","Bdellovibrionota","Oligoflexia","0319-6G20",NA,NA,NA
"ASV5945","Bacteria","Dependentiae","Babeliae","Babeliales",NA,NA,NA
"ASV5946","Bacteria","Pseudomonadota","Alphaproteobacteria","Caulobacterales","Caulobacteraceae","Caulobacter",NA
"ASV5947","Bacteria","Chloroflexota","Anaerolineae","Anaerolineales","Anaerolineaceae","Anaerolineaceae UCG-001",NA
"ASV5948","Bacteria","Actinomycetota","Acidimicrobiia","Acidimicrobiales","Acidimicrobiaceae","Acidiferrimicrobium",NA
"ASV5949","Bacteria","Pseudomonadota","Alphaproteobacteria","Elsterales",NA,NA,NA
"ASV5950","Bacteria","Acidobacteriota","Acidobacteriae","Bryobacterales","Bryobacteraceae","Bryobacter",NA
"ASV5951","Bacteria","Chloroflexota","Chloroflexia","Thermomicrobiales","JG30-KF-CM45",NA,NA
"ASV5952","Bacteria","Planctomycetota","Planctomycetes","Isosphaerales","Isosphaeraceae","Singulisphaera",NA
"ASV5953","Bacteria","Verrucomicrobiota","Verrucomicrobiia","Chthoniobacterales","Chthoniobacteraceae","LD29",NA
"ASV5954","Bacteria","Pseudomonadota","Alphaproteobacteria","Micropepsales","Micropepsaceae",NA,NA
"ASV5955","Bacteria","Pseudomonadota","Alphaproteobacteria","Hyphomicrobiales","Rhizobiaceae","Pseudaminobacter",NA
"ASV5956","Bacteria","Bdellovibrionota","Bacteriovoracia","Bacteriovoracales","Bacteriovoracaceae","Bacteriovorax",NA
"ASV5957","Bacteria","Verrucomicrobiota","Verrucomicrobiia","Verrucomicrobiales","Verrucomicrobiaceae",NA,NA
"ASV5958","Bacteria","Gemmatimonadota","Gemmatimonadia","Gemmatimonadales","Gemmatimonadaceae","Gemmatimonas",NA
"ASV5959","Bacteria","Bacteroidota","Bacteroidia","Cytophagales",NA,NA,NA
"ASV5960","Bacteria","Verrucomicrobiota","Verrucomicrobiia","Verrucomicrobiales","Verrucomicrobiaceae",NA,NA
"ASV5961","Bacteria","Bdellovibrionota","Bdellovibrionia","Bdellovibrionales","Pseudobdellovibrionaceae",NA,NA
"ASV5962","Bacteria","Bacteroidota","Bacteroidia","Chitinophagales","Chitinophagaceae",NA,NA
"ASV5963","Bacteria","Bacteroidota","Bacteroidia","Chitinophagales","Chitinophagaceae",NA,NA
"ASV5964","Bacteria","Bacillota","Thermacetogenia","Thermacetogeniales","Thermacetogeniaceae","Syntrophaceticus",NA
"ASV5965","Bacteria","Bacteroidota","Bacteroidia","Chitinophagales","Chitinophagaceae",NA,NA
"ASV5966","Bacteria","Bacillota","Bacilli","Bacillales","Planococcaceae","Planococcus",NA
"ASV5967","Bacteria","Actinomycetota","Actinobacteria","Propionibacteriales","Propionibacteriaceae","Microlunatus","ginsengiterrae"
"ASV5968","Bacteria","Chlamydiota","Chlamydiia","Chlamydiales","Simkaniaceae",NA,NA
"ASV5969","Bacteria","Pseudomonadota","Alphaproteobacteria","Rickettsiales","Rickettsiaceae","Candidatus Megaira",NA
"ASV5970","Bacteria","Acidobacteriota","Vicinamibacteria","Vicinamibacterales","Vicinamibacteraceae",NA,NA
"ASV5971","Bacteria","Actinomycetota","Actinobacteria","PeM15",NA,NA,NA
"ASV5972","Bacteria","Pseudomonadota","Gammaproteobacteria","Rickettsiellales","Rickettsiellaceae","Aquicella",NA
"ASV5973","Bacteria","Pseudomonadota","Alphaproteobacteria","Sphingomonadales","Sphingomonadaceae","Sphingobium",NA
"ASV5974","Bacteria","Acidobacteriota","Acidobacteriae","Bryobacterales","Bryobacteraceae","Bryobacter",NA
"ASV5975","Bacteria","Planctomycetota","Planctomycetes","Gemmatales","Gemmataceae","Fimbriiglobus",NA
"ASV5976","Bacteria","Bdellovibrionota","Oligoflexia","0319-6G20",NA,NA,NA
"ASV5977","Bacteria","Pseudomonadota","Gammaproteobacteria","Legionellales","Legionellaceae","Legionella",NA
"ASV5978","Bacteria","Pseudomonadota","Alphaproteobacteria","Acetobacterales","Acetobacteraceae","Rhodopila",NA
"ASV5979","Bacteria","Pseudomonadota","Alphaproteobacteria","Caulobacterales","Hyphomonadaceae","SWB02",NA
"ASV5980","Bacteria","Pseudomonadota","Alphaproteobacteria","Rickettsiales","SM2D12",NA,NA
"ASV5981","Bacteria","Bdellovibrionota","Oligoflexia","Oligoflexales","Oligoflexaceae",NA,NA
"ASV5982","Bacteria","Pseudomonadota","Gammaproteobacteria",NA,NA,NA,NA
"ASV5983","Bacteria","Verrucomicrobiota","Verrucomicrobiia","Opitutales","Opitutaceae","IMCC26134",NA
"ASV5984","Bacteria","Pseudomonadota","Alphaproteobacteria","Hyphomicrobiales","Pleomorphomonadaceae","Chthonobacter",NA
"ASV5985","Bacteria","Myxococcota","Polyangiia","Polyangiales","Sandaracinaceae",NA,NA
"ASV5986","Bacteria","Planctomycetota","Planctomycetes","Pirellulales","Pirellulaceae",NA,NA
"ASV5987","Bacteria","Bdellovibrionota","Bdellovibrionia","Bdellovibrionales","Pseudobdellovibrionaceae",NA,NA
"ASV5988","Bacteria","Bacillota","Clostridia","Lachnospirales","Lachnospiraceae","Anaerocolumna","xylanovorans"
"ASV5989","Bacteria","Verrucomicrobiota","Omnitrophia","Omnitrophales","Omnitrophaceae","Candidatus Omnitrophus",NA
"ASV5990","Bacteria","Pseudomonadota","Gammaproteobacteria",NA,NA,NA,NA
"ASV5991","Bacteria","Pseudomonadota","Alphaproteobacteria","Rickettsiales","Mitochondria",NA,NA
"ASV5992","Bacteria","Pseudomonadota","Gammaproteobacteria","Legionellales","Legionellaceae","Legionella",NA
"ASV5993","Bacteria","Pseudomonadota","Alphaproteobacteria","Hyphomicrobiales","Methylopilaceae","Chenggangzhangella","methanolivorans"
"ASV5994","Bacteria","Bacillota",NA,NA,NA,NA,NA
"ASV5995","Bacteria","Actinomycetota","Actinobacteria",NA,NA,NA,NA
"ASV5996","Bacteria","Pseudomonadota","Alphaproteobacteria","Rickettsiales","Mitochondria",NA,NA
"ASV5997","Bacteria","Patescibacteria","Saccharimonadia","Saccharimonadales",NA,NA,NA
"ASV5998","Bacteria","Verrucomicrobiota","Verrucomicrobiia","Opitutales","Opitutaceae",NA,NA
"ASV5999","Bacteria","Chloroflexota","Chloroflexia","Thermomicrobiales","JG30-KF-CM45",NA,NA
"ASV6000","Bacteria","Bdellovibrionota","Oligoflexia","0319-6G20",NA,NA,NA
"ASV6001","Bacteria","Actinomycetota","Acidimicrobiia","Acidimicrobiales","Acidimicrobiaceae",NA,NA
"ASV6002","Bacteria","Patescibacteria","Saccharimonadia","Saccharimonadales","Saccharimonadaceae","TM7a",NA
"ASV6003","Bacteria","Patescibacteria","Saccharimonadia","Saccharimonadales","LWQ8",NA,NA
"ASV6004","Bacteria","Acidobacteriota","Acidobacteriae","Terriglobales","Acidobacteriaceae (Subgroup 1)",NA,NA
"ASV6005","Bacteria","Pseudomonadota","Alphaproteobacteria","Elsterales",NA,NA,NA
"ASV6006","Bacteria","Acidobacteriota","Acidobacteriae","Terriglobales","Acidobacteriaceae (Subgroup 1)","Occallatibacter",NA
"ASV6007","Bacteria","Pseudomonadota","Gammaproteobacteria","Rickettsiellales","Rickettsiellaceae",NA,NA
"ASV6008","Bacteria","Actinomycetota","Acidimicrobiia","Acidimicrobiales","Acidimicrobiaceae","Acidiferrimicrobium",NA
"ASV6009","Bacteria","Actinomycetota","Actinobacteria","Micrococcales",NA,NA,NA
"ASV6010","Bacteria","Pseudomonadota","Gammaproteobacteria","Legionellales","Legionellaceae","Legionella",NA
"ASV6011","Bacteria","Dependentiae","Babeliae","Babeliales","Vermiphilaceae",NA,NA
"ASV6012","Bacteria","Pseudomonadota","Alphaproteobacteria","Rhodospirillales","Rhodospirillaceae",NA,NA
"ASV6013","Bacteria","Pseudomonadota","Alphaproteobacteria","Acetobacterales","Acetobacteraceae",NA,NA
"ASV6014","Bacteria","Pseudomonadota","Alphaproteobacteria","Elsterales",NA,NA,NA
"ASV6015","Bacteria","Actinomycetota","Actinobacteria","Micrococcales","Intrasporangiaceae","Pedococcus-Phycicoccus",NA
"ASV6016","Bacteria","Pseudomonadota","Alphaproteobacteria","Acetobacterales","Acetobacteraceae",NA,NA
"ASV6017","Bacteria","Actinomycetota","Thermoleophilia","Solirubrobacterales","Solirubrobacteraceae","Conexibacter",NA
"ASV6018","Bacteria","Pseudomonadota","Alphaproteobacteria","Elsterales",NA,NA,NA
"ASV6019","Bacteria","Planctomycetota","Planctomycetes","Isosphaerales","Isosphaeraceae",NA,NA
"ASV6020","Bacteria","Sumerlaeota","Sumerlaeia","Sumerlaeales","Sumerlaeaceae","Sumerlaea",NA
"ASV6021","Bacteria","SAR324 clade(Marine group B)","Incertae Sedis","Incertae Sedis","Incertae Sedis","Candidatus Nitrosoarchaeum",NA
"ASV6022","Bacteria","Pseudomonadota","Gammaproteobacteria","Legionellales","Legionellaceae","Legionella",NA
"ASV6023","Bacteria","Pseudomonadota","Gammaproteobacteria","Rickettsiellales","Rickettsiellaceae",NA,NA
"ASV6024","Bacteria","Rhodothermota","Rhodothermia","Rhodothermales","Rhodothermaceae",NA,NA
"ASV6025","Bacteria","Dependentiae","Babeliae","Babeliales","Incertae Sedis","UBA12409",NA
"ASV6026","Bacteria","Pseudomonadota","Alphaproteobacteria",NA,NA,NA,NA
"ASV6027","Bacteria","Planctomycetota","Planctomycetes","Isosphaerales","Isosphaeraceae","Singulisphaera",NA
"ASV6028","Bacteria","Pseudomonadota","Gammaproteobacteria","Legionellales","Legionellaceae","Legionella",NA
"ASV6029","Bacteria","Patescibacteria","Berkelbacteria",NA,NA,NA,NA
"ASV6030","Bacteria","Bacteroidota","Bacteroidia","Cytophagales","Microscillaceae","Chryseotalea",NA
"ASV6031","Bacteria","Pseudomonadota","Gammaproteobacteria","Legionellales","Legionellaceae","Legionella",NA
"ASV6032","Bacteria","Planctomycetota","Planctomycetes","Gemmatales","Gemmataceae","Gemmata",NA
"ASV6033","Bacteria","Pseudomonadota","Gammaproteobacteria","Gammaproteobacteria Incertae Sedis","Unknown Family","Candidatus Ovatusbacter",NA
"ASV6034","Bacteria","Actinomycetota","Actinobacteria","Micrococcales","Microbacteriaceae","Diaminobutyricimonas",NA
"ASV6035","Bacteria","Bacteroidota","Bacteroidia","Cytophagales","Microscillaceae",NA,NA
"ASV6036","Bacteria","Candidatus Eremiobacterota","Eremiobacteria",NA,NA,NA,NA
"ASV6037","Bacteria","Pseudomonadota","Gammaproteobacteria","Rickettsiellales","Rickettsiellaceae","Aquicella",NA
"ASV6038","Bacteria","Pseudomonadota","Alphaproteobacteria","Hyphomicrobiales","D05-2",NA,NA
"ASV6039","Bacteria","Pseudomonadota","Gammaproteobacteria",NA,NA,NA,NA
"ASV6040","Bacteria","Sumerlaeota","Sumerlaeia","Sumerlaeales","Sumerlaeaceae","Sumerlaea",NA
"ASV6041","Bacteria","Pseudomonadota","Alphaproteobacteria","Rickettsiales","Rickettsiaceae",NA,NA
"ASV6042","Bacteria",NA,NA,NA,NA,NA,NA
"ASV6043","Bacteria","Pseudomonadota","Gammaproteobacteria","Gammaproteobacteria Incertae Sedis","Unknown Family","Candidatus Ovatusbacter",NA
"ASV6044","Bacteria","Pseudomonadota","Alphaproteobacteria","Acetobacterales","Acetobacteraceae",NA,NA
"ASV6045","Bacteria","Pseudomonadota","Gammaproteobacteria","Rickettsiellales","Rickettsiellaceae",NA,NA
"ASV6046","Bacteria","Pseudomonadota","Gammaproteobacteria",NA,NA,NA,NA
"ASV6047","Bacteria","Pseudomonadota","Alphaproteobacteria",NA,NA,NA,NA
"ASV6048","Bacteria","Pseudomonadota","Alphaproteobacteria","Defluviicoccales",NA,NA,NA
"ASV6049","Bacteria","Pseudomonadota","Alphaproteobacteria","Rickettsiales","Rickettsiaceae",NA,NA
"ASV6050","Bacteria","Pseudomonadota","Gammaproteobacteria","Salinisphaerales","Nevskiaceae","Solimonas",NA
"ASV6051","Bacteria","Pseudomonadota","Gammaproteobacteria","Coxiellales","Coxiellaceae","Coxiella",NA
"ASV6052","Bacteria","Armatimonadota","Fimbriimonadia","Fimbriimonadales","Fimbriimonadaceae","Fimbriimonas",NA
"ASV6053",NA,NA,NA,NA,NA,NA,NA
"ASV6054","Bacteria","Planctomycetota","Planctomycetes","Gemmatales","Gemmataceae","Fimbriiglobus",NA
"ASV6055","Bacteria","Pseudomonadota","Alphaproteobacteria","Rickettsiales","Mitochondria",NA,NA
"ASV6056","Bacteria","Planctomycetota","Planctomycetes","Pirellulales","Pirellulaceae",NA,NA
"ASV6057","Bacteria","Patescibacteria","Microgenomatia",NA,NA,NA,NA
"ASV6058","Bacteria","Patescibacteria","Saccharimonadia","Saccharimonadales","Saccharimonadaceae","TM7a",NA
"ASV6059","Bacteria","FCPU426",NA,NA,NA,NA,NA
"ASV6060","Bacteria","Sumerlaeota","Sumerlaeia","Sumerlaeales","Sumerlaeaceae","Sumerlaea",NA
"ASV6061","Bacteria","Chlamydiota","Chlamydiia","Chlamydiales","Parachlamydiaceae","Candidatus Protochlamydia",NA
"ASV6062","Bacteria","Chlamydiota","Chlamydiia","Chlamydiales","Parachlamydiaceae",NA,NA
"ASV6063","Bacteria","Cyanobacteriota","Vampirivibrionia","Obscuribacterales","Obscuribacteraceae",NA,NA
"ASV6064","Bacteria","Dependentiae","Babeliae","Babeliales","Babeliaceae",NA,NA
"ASV6065","Bacteria","Pseudomonadota","Gammaproteobacteria",NA,NA,NA,NA
"ASV6066","Bacteria","Pseudomonadota","Alphaproteobacteria","Holosporales","Holosporaceae",NA,NA
"ASV6067","Bacteria","Pseudomonadota","Alphaproteobacteria",NA,NA,NA,NA
"ASV6068","Bacteria",NA,NA,NA,NA,NA,NA
"ASV6069","Bacteria","Sumerlaeota","Sumerlaeia","Sumerlaeales","Sumerlaeaceae","Sumerlaea",NA
"ASV6070","Bacteria","Pseudomonadota","Gammaproteobacteria","Legionellales","Legionellaceae","Legionella",NA
"ASV6071","Bacteria","Patescibacteria","Parcubacteria","Candidatus Zambryskibacteria",NA,NA,NA
"ASV6072","Bacteria","Patescibacteria","Parcubacteria",NA,NA,NA,NA
"ASV6073","Bacteria","Chlamydiota","Chlamydiia","Chlamydiales","cvE6",NA,NA
"ASV6074","Bacteria","Pseudomonadota","Alphaproteobacteria","Micavibrionales",NA,NA,NA
"ASV6075","Bacteria","Bacillota","Bacilli","Alicyclobacillales","Alicyclobacillaceae","Alicyclobacillus",NA
"ASV6076","Bacteria","Pseudomonadota","Gammaproteobacteria","Rickettsiellales","Rickettsiellaceae",NA,NA
"ASV6077","Bacteria","Acidobacteriota","Acidobacteriae","Bryobacterales","Bryobacteraceae","Bryobacter",NA
"ASV6078","Bacteria","Bdellovibrionota","Oligoflexia","0319-6G20",NA,NA,NA
"ASV6079","Bacteria","Pseudomonadota","Gammaproteobacteria","Pseudomonadales","Pseudomonadaceae","Pseudomonas",NA
"ASV6080","Bacteria","Bacteroidota","Bacteroidia","Sphingobacteriales","Sphingobacteriaceae","Mucilaginibacter",NA
"ASV6081","Bacteria","Pseudomonadota","Alphaproteobacteria","Elsterales",NA,NA,NA
"ASV6082","Bacteria","Pseudomonadota","Alphaproteobacteria","Micavibrionales",NA,NA,NA
"ASV6083","Bacteria","Pseudomonadota","Alphaproteobacteria","Rickettsiales","Rickettsiaceae",NA,NA
"ASV6084","Bacteria","Bacillota","Bacilli","Paenibacillales","Paenibacillaceae","Paenibacillus",NA
"ASV6085","Bacteria","Chloroflexota","AD3",NA,NA,NA,NA
"ASV6086","Bacteria","Actinomycetota","Actinobacteria","Pseudonocardiales","Pseudonocardiaceae","Actinomycetospora",NA
"ASV6087","Bacteria","Bacteroidota","Bacteroidia","Chitinophagales","Chitinophagaceae",NA,NA
"ASV6088","Bacteria","Pseudomonadota","Alphaproteobacteria","Hyphomicrobiales","Devosiaceae","Devosia",NA
"ASV6089","Bacteria","Planctomycetota","Planctomycetes","Pirellulales","Pirellulaceae",NA,NA
"ASV6090","Bacteria","Pseudomonadota","Alphaproteobacteria","Rhodospirillales",NA,NA,NA
"ASV6091","Bacteria","Patescibacteria","Parcubacteria","Candidatus Zambryskibacteria",NA,NA,NA
"ASV6092","Bacteria",NA,NA,NA,NA,NA,NA
"ASV6093","Bacteria","Actinomycetota","Actinobacteria","Frankiales","Acidothermaceae","Acidothermus",NA
"ASV6094","Bacteria","Patescibacteria","Parcubacteria",NA,NA,NA,NA
"ASV6095","Bacteria","Planctomycetota","Planctomycetes","Isosphaerales","Isosphaeraceae","Tundrisphaera",NA
"ASV6096","Bacteria","Chloroflexota","Chloroflexia","Thermomicrobiales","JG30-KF-CM45",NA,NA
"ASV6097","Bacteria","Pseudomonadota","Alphaproteobacteria","Sphingomonadales","Sphingomonadaceae","Novosphingobium",NA
"ASV6098","Bacteria","Pseudomonadota","Gammaproteobacteria",NA,NA,NA,NA
"ASV6099","Bacteria","Actinomycetota","Actinobacteria","Propionibacteriales","Nocardioidaceae","Nocardioides",NA
"ASV6100","Bacteria","Chlamydiota","Chlamydiia","Chlamydiales","Simkaniaceae","Simkania",NA
"ASV6101","Bacteria","Pseudomonadota","Gammaproteobacteria","Rickettsiellales","Rickettsiellaceae",NA,NA
"ASV6102","Bacteria","Patescibacteria","Saccharimonadia","Saccharimonadales",NA,NA,NA
"ASV6103","Bacteria","Actinomycetota","Actinobacteria","Micrococcales","Micrococcaceae","Pseudarthrobacter",NA
"ASV6104","Bacteria","Actinomycetota","Actinobacteria","Frankiales","Geodermatophilaceae","Blastococcus","saxobsidens"
"ASV6105","Bacteria","Planctomycetota","Planctomycetes","Gemmatales","Gemmataceae","Gemmata",NA
"ASV6106","Bacteria","Pseudomonadota","Alphaproteobacteria","Hyphomicrobiales","Hyphomicrobiales Incertae Sedis",NA,NA
"ASV6107","Bacteria","Pseudomonadota","Gammaproteobacteria","Lysobacterales","Lysobacteraceae","Stenotrophomonas",NA
"ASV6108","Bacteria","Pseudomonadota","Alphaproteobacteria","Caulobacterales","Hyphomonadaceae","Hirschia",NA
"ASV6109","Bacteria","Acidobacteriota","Vicinamibacteria","Vicinamibacterales",NA,NA,NA
"ASV6110","Bacteria","Pseudomonadota","Alphaproteobacteria","Rickettsiales","Midichloriaceae","Candidatus Jidaibacter",NA
"ASV6111","Bacteria","Pseudomonadota","Alphaproteobacteria","Micavibrionales",NA,NA,NA
"ASV6112","Bacteria","Bacteroidota","Bacteroidia","Flavobacteriales","Crocinitomicaceae","Fluviicola",NA
"ASV6113","Bacteria","Bacteroidota","Bacteroidia","Chitinophagales","Chitinophagaceae","Taibaiella",NA
"ASV6114","Bacteria","Verrucomicrobiota","Verrucomicrobiia","Opitutales","Opitutaceae","IMCC26134",NA
"ASV6115","Bacteria","Bdellovibrionota","Bdellovibrionia","Bdellovibrionales","Pseudobdellovibrionaceae","Bdellovibrio",NA
"ASV6116","Bacteria","Pseudomonadota","Gammaproteobacteria","Burkholderiales","Oxalobacteraceae","Massilia",NA
"ASV6117","Bacteria","Pseudomonadota","Alphaproteobacteria","Rickettsiales","Mitochondria",NA,NA
"ASV6118","Bacteria","Bacteroidota","Bacteroidia","Chitinophagales","Chitinophagaceae","Cnuella",NA
"ASV6119","Bacteria","Pseudomonadota","Gammaproteobacteria","Burkholderiales","Rhodocyclaceae","Azospira",NA
"ASV6120","Bacteria","Cyanobacteriota","Cyanobacteriia","Chloroplast",NA,NA,NA
"ASV6121","Bacteria","Elusimicrobiota","Elusimicrobia","Lineage IV",NA,NA,NA
"ASV6122","Bacteria","Pseudomonadota","Gammaproteobacteria","Burkholderiales","Comamonadaceae",NA,NA
"ASV6123","Bacteria","Patescibacteria","Saccharimonadia","Saccharimonadales","Saccharimonadaceae","TM7a",NA
"ASV6124","Bacteria","Pseudomonadota","Alphaproteobacteria","Azospirillales","Inquilinaceae","Inquilinus",NA
"ASV6125","Bacteria","Actinomycetota","Actinobacteria","Propionibacteriales","Nocardioidaceae","Nocardioides",NA
"ASV6126","Bacteria","Actinomycetota","Acidimicrobiia","Acidimicrobiales","Acidimicrobiaceae",NA,NA
"ASV6127","Bacteria","Actinomycetota","Acidimicrobiia","Acidimicrobiales","Acidimicrobiaceae",NA,NA
"ASV6128","Bacteria","Actinomycetota","Acidimicrobiia","Acidimicrobiales","Acidimicrobiaceae",NA,NA
"ASV6129","Bacteria","Pseudomonadota","Gammaproteobacteria","Burkholderiales","Comamonadaceae",NA,NA
"ASV6130","Bacteria","Pseudomonadota","Alphaproteobacteria","Rickettsiales","Mitochondria",NA,NA
"ASV6131","Bacteria","Bdellovibrionota","Oligoflexia","0319-6G20",NA,NA,NA
"ASV6132","Bacteria","Pseudomonadota","Alphaproteobacteria","Hyphomicrobiales","Beijerinckiaceae","Enterovirga",NA
"ASV6133","Bacteria","Verrucomicrobiota","Verrucomicrobiia","Pedosphaerales","Pedosphaeraceae","Ellin517",NA
"ASV6134","Bacteria","Pseudomonadota","Gammaproteobacteria","Legionellales","Legionellaceae","Legionella",NA
"ASV6135","Bacteria","Pseudomonadota","Alphaproteobacteria","Sphingomonadales","Sphingomonadaceae","Sphingobium",NA
"ASV6136","Bacteria","Bacteroidota","Bacteroidia","Flavobacteriales","NS9 marine group",NA,NA
"ASV6137","Bacteria","Bacteroidota","Bacteroidia","Sphingobacteriales","Sphingobacteriaceae","Pedobacter",NA
"ASV6138","Bacteria","Bacteroidota","Bacteroidia","Sphingobacteriales","Sphingobacteriaceae","Sphingobacterium",NA
"ASV6139","Bacteria","Bacteroidota","Bacteroidia","Cytophagales","Spirosomataceae","Dyadobacter",NA
"ASV6140","Bacteria","Pseudomonadota","Gammaproteobacteria","Burkholderiales","Methylophilaceae","Methylovorus",NA
"ASV6141","Bacteria","Pseudomonadota","Alphaproteobacteria","Hyphomicrobiales","Xanthobacteraceae",NA,NA
"ASV6142","Bacteria","Pseudomonadota","Alphaproteobacteria",NA,NA,NA,NA
"ASV6143","Bacteria","Bacteroidota","Bacteroidia","Sphingobacteriales","env.OPS 17",NA,NA
"ASV6144","Bacteria","Pseudomonadota","Gammaproteobacteria",NA,NA,NA,NA
"ASV6145","Bacteria","Actinomycetota","Thermoleophilia","Solirubrobacterales","Solirubrobacteraceae",NA,NA
"ASV6146","Bacteria","Pseudomonadota","Alphaproteobacteria","Paracaedibacterales","Paracaedibacteraceae","Candidatus Paracaedibacter",NA
"ASV6147","Bacteria","Actinomycetota","Actinobacteria","Micrococcales","Micrococcaceae","Kocuria",NA
"ASV6148","Bacteria","Planctomycetota","Planctomycetes","Isosphaerales","Isosphaeraceae","Tautonia",NA
"ASV6149","Bacteria","Bacteroidota","Bacteroidia","Sphingobacteriales","Sphingobacteriaceae","Pedobacter",NA
"ASV6150","Bacteria","Pseudomonadota","Alphaproteobacteria","Sphingomonadales","Sphingomonadaceae","Sphingobium","xanthum"
"ASV6151","Bacteria","Pseudomonadota","Alphaproteobacteria","Hyphomicrobiales","Xanthobacteraceae",NA,NA
"ASV6152","Bacteria","Pseudomonadota","Alphaproteobacteria",NA,NA,NA,NA
"ASV6153","Bacteria","Cyanobacteriota","Vampirivibrionia","Obscuribacterales","Obscuribacteraceae",NA,NA
"ASV6154","Bacteria","Pseudomonadota","Alphaproteobacteria",NA,NA,NA,NA
"ASV6155","Bacteria","Pseudomonadota","Gammaproteobacteria","Burkholderiales","Burkholderiaceae","Limnobacter",NA
"ASV6156","Bacteria","Gemmatimonadota","Gemmatimonadia","Gemmatimonadales","Gemmatimonadaceae","Gemmatimonas",NA
"ASV6157","Bacteria","Planctomycetota","Phycisphaerae","Tepidisphaerales","WD2101 soil group",NA,NA
"ASV6158","Bacteria","Bdellovibrionota","Oligoflexia","Oligoflexales","Oligoflexaceae",NA,NA
"ASV6159","Bacteria","Planctomycetota","Planctomycetes","Isosphaerales","Isosphaeraceae","Aquisphaera",NA
"ASV6160","Bacteria","Myxococcota","Myxococcia","Myxococcales","Myxococcaceae",NA,NA
"ASV6161","Bacteria","Bacillota","Bacilli","Paenibacillales","Paenibacillaceae","Paenibacillus",NA
"ASV6162","Bacteria","Chlamydiota","Chlamydiia","Chlamydiales",NA,NA,NA
"ASV6163","Bacteria","Pseudomonadota","Alphaproteobacteria","Elsterales",NA,NA,NA
"ASV6164","Bacteria","Bacteroidota","Bacteroidia","Chitinophagales","Chitinophagaceae",NA,NA
"ASV6165","Bacteria","Pseudomonadota","Gammaproteobacteria","Lysobacterales","Rhodanobacteraceae","Rhodanobacter",NA
"ASV6166","Bacteria","Bacillota","Bacilli","Paenibacillales","Paenibacillaceae",NA,NA
"ASV6167","Bacteria","Bacillota","Bacilli","Paenibacillales","Paenibacillaceae",NA,NA
"ASV6168","Bacteria","Verrucomicrobiota","Verrucomicrobiia","Chthoniobacterales","Chthoniobacteraceae","LD29",NA
"ASV6169","Bacteria","Bacillota","Bacilli","Paenibacillales","Paenibacillaceae","Paenibacillus",NA
"ASV6170","Bacteria","Pseudomonadota","Gammaproteobacteria",NA,NA,NA,NA
"ASV6171","Bacteria","Bdellovibrionota","Bacteriovoracia","Bacteriovoracales","Bacteriovoracaceae",NA,NA
"ASV6172","Bacteria","Pseudomonadota","Gammaproteobacteria","Burkholderiales",NA,NA,NA
"ASV6173","Bacteria","Pseudomonadota","Gammaproteobacteria","Pseudomonadales",NA,NA,NA
"ASV6174","Bacteria","Dependentiae","Babeliae","Babeliales","Vermiphilaceae",NA,NA
"ASV6175","Bacteria","Fibrobacterota","Fibrobacteria","Fibrobacterales","Fibrobacteraceae","possible genus 04",NA
"ASV6176","Bacteria","Bdellovibrionota","Oligoflexia","Oligoflexales","Oligoflexaceae",NA,NA
"ASV6177","Bacteria","Pseudomonadota","Alphaproteobacteria","Acetobacterales","Acetobacteraceae","Acidisphaera",NA
"ASV6178","Bacteria","Pseudomonadota","Alphaproteobacteria","Hyphomicrobiales",NA,NA,NA
"ASV6179","Bacteria","Pseudomonadota","Alphaproteobacteria","Rickettsiales","SM2D12",NA,NA
"ASV6180","Bacteria","Pseudomonadota","Alphaproteobacteria","Micavibrionales",NA,NA,NA
"ASV6181","Bacteria","Pseudomonadota","Alphaproteobacteria","Parvibaculales","Parvibaculaceae","Parvibaculum",NA
"ASV6182","Bacteria","Pseudomonadota","Alphaproteobacteria","Rickettsiales","Mitochondria",NA,NA
"ASV6183","Bacteria","Pseudomonadota","Gammaproteobacteria","Rickettsiellales","Rickettsiellaceae",NA,NA
"ASV6184","Bacteria","Acidobacteriota","Vicinamibacteria","Vicinamibacterales",NA,NA,NA
"ASV6185","Bacteria","Pseudomonadota","Alphaproteobacteria","Rickettsiales","Rickettsiaceae",NA,NA
"ASV6186","Bacteria","Actinomycetota","Actinobacteria","Streptosporangiales","Streptosporangiaceae","Sphaerisporangium",NA
"ASV6187","Bacteria","Dependentiae","Babeliae","Babeliales",NA,NA,NA
"ASV6188","Bacteria","Pseudomonadota","Gammaproteobacteria","Burkholderiales","TRA3-20",NA,NA
"ASV6189","Bacteria","Pseudomonadota","Alphaproteobacteria","Elsterales",NA,NA,NA
"ASV6190","Bacteria","Pseudomonadota","Alphaproteobacteria","Micavibrionales",NA,NA,NA
"ASV6191","Bacteria","Bdellovibrionota","Oligoflexia","0319-6G20",NA,NA,NA
"ASV6192","Bacteria","Chloroflexota","Ktedonobacteria","C0119",NA,NA,NA
"ASV6193","Bacteria","Pseudomonadota","Alphaproteobacteria","Rhodospirillales",NA,NA,NA
"ASV6194","Bacteria","Pseudomonadota","Alphaproteobacteria","Acetobacterales","Acetobacteraceae","Rhodovastum",NA
"ASV6195","Bacteria","Actinomycetota","Actinobacteria","Pseudonocardiales","Pseudonocardiaceae","Pseudonocardia",NA
"ASV6196","Bacteria","Cyanobacteriota","Cyanobacteriia","Chloroplast",NA,NA,NA
"ASV6197","Bacteria","Acidobacteriota","Acidobacteriae","Terriglobales","Koribacteraceae","Candidatus Koribacter",NA
"ASV6198","Bacteria","Pseudomonadota","Alphaproteobacteria",NA,NA,NA,NA
"ASV6199","Bacteria","Dependentiae","Babeliae","Babeliales",NA,NA,NA
"ASV6200","Bacteria","Pseudomonadota","Alphaproteobacteria","Rhodobacterales","Paracoccaceae","Amaricoccus",NA
"ASV6201","Bacteria","Pseudomonadota","Alphaproteobacteria","Hyphomicrobiales",NA,NA,NA
"ASV6202","Bacteria","Pseudomonadota","Alphaproteobacteria","Azospirillales","Azospirillaceae","Nitrospirillum",NA
"ASV6203","Bacteria","Acidobacteriota","Vicinamibacteria","Vicinamibacterales","Vicinamibacteraceae",NA,NA
"ASV6204","Bacteria","Bdellovibrionota","Oligoflexia","Oligoflexales","Oligoflexaceae","Oligoflexus",NA
"ASV6205","Bacteria","Pseudomonadota","Alphaproteobacteria",NA,NA,NA,NA
"ASV6206","Bacteria","Pseudomonadota","Alphaproteobacteria",NA,NA,NA,NA
"ASV6207","Bacteria","Pseudomonadota","Gammaproteobacteria",NA,NA,NA,NA
"ASV6208","Bacteria","Pseudomonadota","Alphaproteobacteria",NA,NA,NA,NA
"ASV6209","Bacteria","Pseudomonadota","Gammaproteobacteria",NA,NA,NA,NA
"ASV6210","Bacteria","Bdellovibrionota","Bdellovibrionia","Bdellovibrionales","Pseudobdellovibrionaceae",NA,NA
"ASV6211","Bacteria","Pseudomonadota","Alphaproteobacteria",NA,NA,NA,NA
"ASV6212","Bacteria","Bdellovibrionota","Bacteriovoracia","Bacteriovoracales","Bacteriovoracaceae","Peredibacter",NA
"ASV6213","Bacteria","Bacteroidota","Bacteroidia","Sphingobacteriales","Sphingobacteriaceae","Arcticibacter",NA
"ASV6214","Bacteria","Pseudomonadota","Alphaproteobacteria","Reyranellales","Reyranellaceae","Reyranella",NA
"ASV6215","Bacteria","Actinomycetota","Actinobacteria","Micrococcales","Intrasporangiaceae","Intrasporangium",NA
"ASV6216","Bacteria","Acidobacteriota","Acidobacteriae","Terriglobales","Koribacteraceae","Candidatus Koribacter",NA
"ASV6217","Bacteria","Acidobacteriota","Acidobacteriae","Terriglobales",NA,NA,NA
"ASV6218","Bacteria","Acidobacteriota","Acidobacteriae","Terriglobales","Acidobacteriaceae (Subgroup 1)","Granulicella",NA
"ASV6219","Bacteria","Actinomycetota","Actinobacteria","Micrococcales","Microbacteriaceae","Amnibacterium",NA
"ASV6220","Bacteria","Acidobacteriota","Acidobacteriae","Terriglobales","Acidobacteriaceae (Subgroup 1)","Edaphobacter",NA
"ASV6221","Bacteria","Bacillota","Bacilli","Staphylococcales","Staphylococcaceae","Staphylococcus",NA
"ASV6222","Bacteria","Actinomycetota","Acidimicrobiia","Acidimicrobiales","Acidimicrobiaceae","Acidiferrimicrobium",NA
"ASV6223","Bacteria","Bdellovibrionota","Oligoflexia","Silvanigrellales","Silvanigrellaceae",NA,NA
"ASV6224","Bacteria","Pseudomonadota","Alphaproteobacteria","Paracaedibacterales","Paracaedibacteraceae",NA,NA
"ASV6225","Bacteria","Pseudomonadota","Alphaproteobacteria","Reyranellales","Reyranellaceae","Reyranella",NA
"ASV6226","Bacteria","Acidobacteriota","Acidobacteriae","Terriglobales","Acidobacteriaceae (Subgroup 1)","Occallatibacter",NA
"ASV6227","Bacteria","Pseudomonadota","Alphaproteobacteria","Elsterales",NA,NA,NA
"ASV6228","Bacteria","Pseudomonadota","Alphaproteobacteria","Elsterales",NA,NA,NA
"ASV6229","Bacteria","Candidatus Eremiobacterota","Eremiobacteria",NA,NA,NA,NA
"ASV6230","Bacteria","Actinomycetota","Acidimicrobiia","Acidimicrobiales","Acidimicrobiaceae",NA,NA
"ASV6231","Bacteria","Actinomycetota","Actinobacteria","Frankiales","Acidothermaceae","Acidothermus",NA
"ASV6232","Bacteria","Pseudomonadota","Alphaproteobacteria","Rhodospirillales","Magnetospirillaceae",NA,NA
"ASV6233","Bacteria","Pseudomonadota","Alphaproteobacteria","Acetobacterales","Acetobacteraceae",NA,NA
"ASV6234","Bacteria","Chlamydiota","Chlamydiia","Chlamydiales",NA,NA,NA
"ASV6235","Bacteria","Actinomycetota","Thermoleophilia","Solirubrobacterales","67-14",NA,NA
"ASV6236","Bacteria","Planctomycetota","Planctomycetes","Isosphaerales","Isosphaeraceae","Singulisphaera",NA
"ASV6237","Bacteria","Pseudomonadota","Alphaproteobacteria","Rickettsiales","AB1",NA,NA
"ASV6238","Bacteria","Pseudomonadota","Gammaproteobacteria","Gammaproteobacteria Incertae Sedis","Unknown Family",NA,NA
"ASV6239","Bacteria","Candidatus Eremiobacterota","Eremiobacteria",NA,NA,NA,NA
"ASV6240","Bacteria","Gemmatimonadota","Gemmatimonadia","Gemmatimonadales","Gemmatimonadaceae","Gemmatimonas",NA
"ASV6241","Bacteria","Gemmatimonadota","Gemmatimonadia","Gemmatimonadales","Gemmatimonadaceae",NA,NA
"ASV6242","Bacteria","Planctomycetota","Planctomycetes","Planctomycetales","Rubinisphaeraceae","Planctomicrobium",NA
"ASV6243","Bacteria","Pseudomonadota","Gammaproteobacteria","Burkholderiales","Neisseriaceae",NA,NA
"ASV6244","Bacteria","Pseudomonadota","Alphaproteobacteria","Parvibaculales","Parvibaculaceae","Parvibaculum",NA
"ASV6245","Bacteria","Pseudomonadota","Gammaproteobacteria","Legionellales","Legionellaceae","Legionella",NA
"ASV6246","Bacteria","Planctomycetota","Planctomycetes","Gemmatales","Gemmataceae","Gemmata",NA
"ASV6247","Bacteria","Actinomycetota","Thermoleophilia","Solirubrobacterales","67-14",NA,NA
"ASV6248","Bacteria","Pseudomonadota","Gammaproteobacteria","Legionellales","Legionellaceae","Legionella",NA
"ASV6249","Bacteria","Pseudomonadota","Gammaproteobacteria","Coxiellales","Coxiellaceae","Coxiella",NA
"ASV6250","Bacteria","Gemmatimonadota","Gemmatimonadia","Gemmatimonadales","Gemmatimonadaceae",NA,NA
"ASV6251","Bacteria","Pseudomonadota","Alphaproteobacteria","Rhodospirillales",NA,NA,NA
"ASV6252","Bacteria","Actinomycetota","Thermoleophilia","Solirubrobacterales","Solirubrobacteraceae","Conexibacter",NA
"ASV6253","Bacteria","Pseudomonadota","Alphaproteobacteria","Rickettsiales","SM2D12",NA,NA
"ASV6254","Bacteria","Planctomycetota","Planctomycetes","Planctomycetales","Schlesneriaceae","Schlesneria",NA
"ASV6255","Bacteria","Actinomycetota","Actinobacteria","Frankiales","Frankiaceae","Jatrophihabitans",NA
"ASV6256","Bacteria","Bacteroidota","Bacteroidia","Cytophagales","Cytophagaceae","Sporocytophaga",NA
"ASV6257","Bacteria","Gemmatimonadota","S0134 terrestrial group",NA,NA,NA,NA
"ASV6258","Bacteria","Bacillota","Bacilli","Alicyclobacillales","Alicyclobacillaceae","Alicyclobacillus",NA
"ASV6259","Bacteria","Acidobacteriota","Vicinamibacteria","Vicinamibacterales",NA,NA,NA
"ASV6260","Bacteria","Pseudomonadota","Gammaproteobacteria","Burkholderiales","Burkholderiaceae","Lautropia",NA
"ASV6261","Bacteria","Chlamydiota","Chlamydiia","Chlamydiales","cvE6",NA,NA
"ASV6262","Bacteria","Pseudomonadota","Gammaproteobacteria","Gammaproteobacteria Incertae Sedis","Unknown Family","Candidatus Ovatusbacter",NA
"ASV6263","Bacteria","Pseudomonadota","Gammaproteobacteria","Ectothiorhodospirales","Thioalkalispiraceae",NA,NA
"ASV6264","Bacteria","Pseudomonadota","Gammaproteobacteria","Gammaproteobacteria Incertae Sedis","Unknown Family","Candidatus Berkiella",NA
"ASV6265","Bacteria","Bacteroidota","Bacteroidia","Cytophagales","Microscillaceae",NA,NA
"ASV6266","Bacteria","Bacteroidota","Bacteroidia","Sphingobacteriales","Sphingobacteriaceae","Mucilaginibacter",NA
"ASV6267","Bacteria","Bdellovibrionota","Oligoflexia","0319-6G20",NA,NA,NA
"ASV6268","Bacteria","Pseudomonadota","Gammaproteobacteria",NA,NA,NA,NA
"ASV6269","Bacteria","Planctomycetota","Phycisphaerae","Tepidisphaerales","WD2101 soil group",NA,NA
"ASV6270","Bacteria","Bacillota","Bacilli","Paenibacillales","Paenibacillaceae","Paenibacillus",NA
"ASV6271","Bacteria","Planctomycetota","Planctomycetes","Gemmatales","Gemmataceae",NA,NA
"ASV6272","Bacteria","Bacteroidota","Bacteroidia","Chitinophagales","Chitinophagaceae","Edaphobaculum",NA
"ASV6273","Bacteria","Pseudomonadota","Gammaproteobacteria","Rickettsiellales","Rickettsiellaceae",NA,NA
"ASV6274","Bacteria","Pseudomonadota","Alphaproteobacteria","Rickettsiales","Mitochondria",NA,NA
"ASV6275","Bacteria","Planctomycetota","Phycisphaerae","Tepidisphaerales","WD2101 soil group",NA,NA
"ASV6276","Bacteria","Actinomycetota","Thermoleophilia","Gaiellales",NA,NA,NA
"ASV6277","Bacteria","Pseudomonadota","Gammaproteobacteria","Rickettsiellales","Rickettsiellaceae",NA,NA
"ASV6278","Bacteria","Bacillota","Bacilli","Paenibacillales","Paenibacillaceae",NA,NA
"ASV6279","Bacteria","Pseudomonadota","Alphaproteobacteria","Elsterales",NA,NA,NA
"ASV6280","Bacteria","Planctomycetota","Planctomycetes","Gemmatales","Gemmataceae",NA,NA
"ASV6281","Bacteria","Bacteroidota","Bacteroidia","Sphingobacteriales","Sphingobacteriaceae","Olivibacter",NA
"ASV6282","Bacteria","Pseudomonadota","Gammaproteobacteria","Rickettsiellales","Rickettsiellaceae",NA,NA
"ASV6283","Bacteria","Pseudomonadota","Gammaproteobacteria",NA,NA,NA,NA
"ASV6284","Bacteria","Pseudomonadota","Alphaproteobacteria","Rickettsiales","Rickettsiaceae",NA,NA
"ASV6285","Bacteria","Chlamydiota","Chlamydiia","Chlamydiales","cvE6",NA,NA
"ASV6286","Bacteria","Pseudomonadota","Alphaproteobacteria","Rickettsiales","Mitochondria",NA,NA
"ASV6287","Bacteria","Planctomycetota","Planctomycetes","Planctomycetales",NA,NA,NA
"ASV6288","Bacteria","Planctomycetota","Planctomycetes","Planctomycetales","Rubinisphaeraceae","SH-PL14",NA
"ASV6289","Bacteria","Pseudomonadota","Gammaproteobacteria","Legionellales","Legionellaceae","Legionella",NA
"ASV6290","Bacteria","Pseudomonadota","Alphaproteobacteria","Hyphomicrobiales","Xanthobacteraceae","Rhodoplanes",NA
"ASV6291","Bacteria","Chlamydiota","Chlamydiia","Chlamydiales","Parachlamydiaceae",NA,NA
"ASV6292","Bacteria","Bacteroidota","Bacteroidia","Cytophagales","Cytophagaceae","Cytophaga",NA
"ASV6293","Bacteria","Dependentiae","Babeliae","Babeliales","Vermiphilaceae",NA,NA
"ASV6294","Bacteria","Pseudomonadota","Alphaproteobacteria","Paracaedibacterales","Paracaedibacteraceae",NA,NA
"ASV6295","Bacteria","Pseudomonadota","Alphaproteobacteria","Rickettsiales","Mitochondria",NA,NA
"ASV6296","Bacteria","Pseudomonadota","Gammaproteobacteria",NA,NA,NA,NA
"ASV6297","Bacteria","Pseudomonadota","Alphaproteobacteria","Acetobacterales","Acetobacteraceae","Roseomonas",NA
"ASV6298","Bacteria","Pseudomonadota","Alphaproteobacteria","Rhodobacterales","Paracoccaceae","Rubellimicrobium",NA
"ASV6299","Bacteria","Bacteroidota","Bacteroidia","Chitinophagales","Chitinophagaceae",NA,NA
"ASV6300","Bacteria","Verrucomicrobiota","Omnitrophia","Omnitrophales","Omnitrophaceae","Candidatus Omnitrophus",NA
"ASV6301","Bacteria","Bdellovibrionota","Oligoflexia","0319-6G20",NA,NA,NA
"ASV6302","Bacteria","Pseudomonadota","Gammaproteobacteria","Coxiellales","Coxiellaceae","Coxiella",NA
"ASV6303","Bacteria","Candidatus Kapabacteria","Kapabacteria","Kapabacteriales",NA,NA,NA
"ASV6304","Bacteria","Pseudomonadota","Gammaproteobacteria","EV818SWSAP88",NA,NA,NA
"ASV6305","Bacteria","Pseudomonadota","Alphaproteobacteria",NA,NA,NA,NA
"ASV6306","Bacteria","Pseudomonadota","Alphaproteobacteria",NA,NA,NA,NA
"ASV6307","Bacteria","Pseudomonadota","Alphaproteobacteria","Rickettsiales","SM2D12",NA,NA
"ASV6308","Bacteria","Pseudomonadota","Gammaproteobacteria","Rickettsiellales","Rickettsiellaceae",NA,NA
"ASV6309","Bacteria","Bdellovibrionota","Oligoflexia","Oligoflexales","Oligoflexaceae",NA,NA
"ASV6310","Bacteria","Myxococcota","Polyangiia","Polyangiales","BIrii41",NA,NA
"ASV6311","Bacteria","Patescibacteria","Berkelbacteria",NA,NA,NA,NA
"ASV6312","Bacteria","Cyanobacteriota","Vampirivibrionia","Vampirovibrionales",NA,NA,NA
"ASV6313","Bacteria","Bdellovibrionota","Bdellovibrionia","Bdellovibrionales","Pseudobdellovibrionaceae",NA,NA
"ASV6314","Bacteria","Acidobacteriota","Blastocatellia","Blastocatellales","Blastocatellaceae","Blastocatella",NA
"ASV6315","Bacteria","Pseudomonadota","Gammaproteobacteria",NA,NA,NA,NA
"ASV6316","Bacteria","Pseudomonadota","Alphaproteobacteria",NA,NA,NA,NA
"ASV6317","Bacteria","Planctomycetota","Planctomycetes","Planctomycetales",NA,NA,NA
"ASV6318","Bacteria","Actinomycetota","Thermoleophilia","Solirubrobacterales","Solirubrobacteraceae",NA,NA
"ASV6319","Bacteria","Myxococcota","Myxococcia","Myxococcales","Anaeromyxobacteraceae","Anaeromyxobacter",NA
"ASV6320","Bacteria","Pseudomonadota","Alphaproteobacteria","Acetobacterales","Acetobacteraceae",NA,NA
"ASV6321","Bacteria","Chlamydiota","Chlamydiia","Chlamydiales","Parachlamydiaceae","Neochlamydia",NA
"ASV6322","Bacteria","Patescibacteria","Parcubacteria","Candidatus Kaiserbacteria",NA,NA,NA
"ASV6323","Bacteria","Pseudomonadota","Gammaproteobacteria","Legionellales","Legionellaceae","Legionella",NA
"ASV6324","Bacteria","Pseudomonadota","Alphaproteobacteria","Hyphomicrobiales","Devosiaceae","Devosia",NA
"ASV6325","Bacteria","Bdellovibrionota","Oligoflexia","0319-6G20",NA,NA,NA
"ASV6326","Bacteria","Pseudomonadota","Alphaproteobacteria","Incertae Sedis","Incertae Sedis","Hypericibacter",NA
"ASV6327","Bacteria","Pseudomonadota","Alphaproteobacteria","Hyphomicrobiales","Xanthobacteraceae","Rhodoplanes",NA
"ASV6328","Bacteria","Chlamydiota","Chlamydiia","Chlamydiales","cvE6",NA,NA
"ASV6329","Bacteria","Bdellovibrionota","Oligoflexia","Oligoflexales","Oligoflexaceae",NA,NA
"ASV6330","Bacteria","Pseudomonadota","Gammaproteobacteria","Legionellales","Legionellaceae","Legionella",NA
"ASV6331","Bacteria","Bacillota","Negativicutes","Veillonellales-Selenomonadales","Sporomusaceae","Anaerospora",NA
"ASV6332","Bacteria","Pseudomonadota","Gammaproteobacteria","Legionellales","Legionellaceae","Legionella",NA
"ASV6333","Bacteria","Bdellovibrionota","Oligoflexia","0319-6G20",NA,NA,NA
"ASV6334","Bacteria","Pseudomonadota","Alphaproteobacteria","Rickettsiales","Mitochondria",NA,NA
"ASV6335","Bacteria","Pseudomonadota","Gammaproteobacteria","Burkholderiales","Nitrosomonadaceae","Ellin6067",NA
"ASV6336","Bacteria","Acidobacteriota","Vicinamibacteria","Vicinamibacterales",NA,NA,NA
"ASV6337","Bacteria",NA,NA,NA,NA,NA,NA
"ASV6338","Bacteria","Pseudomonadota","Alphaproteobacteria","Rickettsiales","SM2D12",NA,NA
"ASV6339","Bacteria","Bacteroidota","Bacteroidia","Chitinophagales","37-13",NA,NA
"ASV6340","Bacteria","Planctomycetota","Planctomycetes","Pirellulales","Pirellulaceae",NA,NA
"ASV6341","Bacteria","Pseudomonadota","Alphaproteobacteria","Hyphomicrobiales","Rhizobiaceae",NA,NA
"ASV6342","Bacteria","Planctomycetota","Planctomycetes","Gemmatales","Gemmataceae","Gemmata",NA
"ASV6343","Bacteria","Pseudomonadota","Alphaproteobacteria","Acetobacterales","Acetobacteraceae","Roseomonas","aquatica"
"ASV6344","Bacteria","Actinomycetota","Thermoleophilia","Solirubrobacterales","Solirubrobacteraceae",NA,NA
"ASV6345","Bacteria","Pseudomonadota","Gammaproteobacteria","Burkholderiales","Methylophilaceae","Methylobacillus",NA
"ASV6346","Bacteria","Pseudomonadota","Gammaproteobacteria","Rickettsiellales","Rickettsiellaceae",NA,NA
"ASV6347","Bacteria","Bacteroidota","Bacteroidia","Cytophagales","Cytophagaceae","Cytophaga",NA
"ASV6348","Bacteria","Actinomycetota","Actinobacteria","Micrococcales","Microbacteriaceae","Diaminobutyricimonas",NA
"ASV6349","Bacteria","Chlamydiota","Chlamydiia","Chlamydiales","Parachlamydiaceae","Neochlamydia",NA
"ASV6350","Bacteria","Bacillota","Bacilli","Alicyclobacillales","Alicyclobacillaceae","Alicyclobacillus",NA
"ASV6351","Bacteria","Bacillota","Bacilli","Alicyclobacillales","Alicyclobacillaceae","Alicyclobacillus",NA
"ASV6352","Bacteria","Myxococcota","Myxococcia","Myxococcales","Myxococcaceae","P3OB-42",NA
"ASV6353","Bacteria",NA,NA,NA,NA,NA,NA
"ASV6354","Bacteria","Pseudomonadota","Alphaproteobacteria","Rickettsiales","SM2D12",NA,NA
"ASV6355","Bacteria","Patescibacteria","Saccharimonadia","Saccharimonadales","LWQ8",NA,NA
"ASV6356","Bacteria","Actinomycetota","Actinobacteria","Frankiales","Frankiaceae","Jatrophihabitans",NA
"ASV6357","Bacteria","Actinomycetota","Actinobacteria","Micrococcales","Microbacteriaceae",NA,NA
"ASV6358","Bacteria","Pseudomonadota","Alphaproteobacteria","Rickettsiales","Mitochondria",NA,NA
"ASV6359","Bacteria","Spirochaetota","Leptospirae","Leptospirales","Leptospiraceae","Leptospira",NA
"ASV6360","Bacteria","Bacteroidota","Bacteroidia","Sphingobacteriales","env.OPS 17",NA,NA
"ASV6361","Bacteria","Bacteroidota","Bacteroidia","Cytophagales","Hymenobacteraceae","Hymenobacter",NA
"ASV6362","Bacteria","Bacillota","Clostridia","Oscillospirales","Oscillospiraceae","Ruminiclostridium",NA
"ASV6363","Bacteria","Pseudomonadota","Gammaproteobacteria","Lysobacterales","Lysobacteraceae","Pseudoxanthomonas",NA
"ASV6364","Bacteria","Patescibacteria","Parcubacteria","Candidatus Campbellbacteria",NA,NA,NA
"ASV6365","Bacteria","Bdellovibrionota","Bdellovibrionia","Bdellovibrionales","Pseudobdellovibrionaceae",NA,NA
"ASV6366","Bacteria","Bacteroidota","Bacteroidia","Flavobacteriales","Flavobacteriaceae","Flavobacterium",NA
"ASV6367","Bacteria","Bdellovibrionota","Oligoflexia","0319-6G20",NA,NA,NA
"ASV6368","Bacteria","Patescibacteria","Saccharimonadia","Saccharimonadales","LWQ8",NA,NA
"ASV6369","Bacteria","Pseudomonadota","Alphaproteobacteria","Rickettsiales","SM2D12",NA,NA
"ASV6370","Bacteria","Actinomycetota","Acidimicrobiia","Acidimicrobiales","Acidimicrobiaceae","Acidiferrimicrobium",NA
"ASV6371","Bacteria","Pseudomonadota","Gammaproteobacteria","Gammaproteobacteria Incertae Sedis","Unknown Family",NA,NA
"ASV6372","Bacteria",NA,NA,NA,NA,NA,NA
"ASV6373","Bacteria","Pseudomonadota","Alphaproteobacteria","Rickettsiales","Rickettsiaceae",NA,NA
"ASV6374","Bacteria","Cyanobacteriota","Cyanobacteriia","Chloroplast",NA,NA,NA
"ASV6375","Bacteria","Bacillota","Bacilli","Paenibacillales","Paenibacillaceae","Paenibacillus",NA
"ASV6376","Bacteria","Actinomycetota","Actinobacteria","Kitasatosporales","Streptomycetaceae","Streptomyces",NA
"ASV6377","Bacteria","Bacillota","Negativicutes","Veillonellales-Selenomonadales",NA,NA,NA
"ASV6378","Bacteria","Pseudomonadota","Alphaproteobacteria","Caulobacterales","Caulobacteraceae",NA,NA
"ASV6379","Bacteria","Pseudomonadota","Alphaproteobacteria","Hyphomicrobiales","Xanthobacteraceae",NA,NA
"ASV6380","Bacteria","Bacillota","Bacilli","Paenibacillales","Paenibacillaceae","Paenibacillus",NA
"ASV6381","Bacteria","Pseudomonadota","Gammaproteobacteria","Burkholderiales","Comamonadaceae",NA,NA
"ASV6382","Bacteria","Bacillota","Bacilli","Lactobacillales",NA,NA,NA
"ASV6383","Bacteria","Deinococcota","Deinococci","Deinococcales","Trueperaceae","Truepera",NA
"ASV6384","Bacteria","Pseudomonadota","Alphaproteobacteria","Hyphomicrobiales","Rhizobiaceae","Pararhizobium",NA
"ASV6385","Bacteria","Pseudomonadota","Gammaproteobacteria","Burkholderiales","Comamonadaceae","Hydrogenophaga",NA
"ASV6386","Bacteria","Bacillota","Bacilli","Alicyclobacillales","Alicyclobacillaceae","Alicyclobacillus",NA
"ASV6387","Bacteria","Patescibacteria","Saccharimonadia","Saccharimonadales","Saccharimonadaceae","TM7a",NA
"ASV6388","Bacteria","Bacillota","Bacilli",NA,NA,NA,NA
"ASV6389","Bacteria","Pseudomonadota","Alphaproteobacteria","Paracaedibacterales","Paracaedibacteraceae","Candidatus Captivus",NA
"ASV6390","Bacteria","Pseudomonadota","Gammaproteobacteria","Burkholderiales","Oxalobacteraceae","Duganella",NA
"ASV6391","Bacteria","Pseudomonadota","Alphaproteobacteria","Hyphomicrobiales",NA,NA,NA
"ASV6392","Bacteria","Pseudomonadota","Alphaproteobacteria","Hyphomicrobiales","Xanthobacteraceae",NA,NA
"ASV6393","Bacteria","Planctomycetota","Planctomycetes","Pirellulales","Pirellulaceae","Pirellula",NA
"ASV6394","Bacteria","Patescibacteria","Parcubacteria","Candidatus Nomurabacteria",NA,NA,NA
"ASV6395","Bacteria","Pseudomonadota","Alphaproteobacteria","Sphingomonadales","Sphingomonadaceae","Sphingoaurantiacus","polygranulatus"
"ASV6396","Bacteria","Pseudomonadota","Alphaproteobacteria","Sphingomonadales","Sphingomonadaceae",NA,NA
"ASV6397","Bacteria","Pseudomonadota","Gammaproteobacteria","Burkholderiales","Oxalobacteraceae",NA,NA
"ASV6398","Bacteria","Pseudomonadota","Alphaproteobacteria","Micropepsales","Micropepsaceae",NA,NA
"ASV6399","Bacteria","Pseudomonadota","Gammaproteobacteria","Burkholderiales","Oxalobacteraceae","Pseudoduganella","eburnea"
"ASV6400","Bacteria","Deinococcota","Deinococci","Deinococcales","Trueperaceae","Truepera",NA
"ASV6401","Bacteria","Patescibacteria","Saccharimonadia","Saccharimonadales","Saccharimonadaceae","TM7a",NA
"ASV6402","Bacteria","Pseudomonadota","Alphaproteobacteria","Sphingomonadales","Sphingomonadaceae",NA,NA
"ASV6403","Bacteria","Bacillota","Bacilli","Paenibacillales","Paenibacillaceae","Cohnella",NA
"ASV6404","Bacteria","Actinomycetota","Actinobacteria","Micromonosporales","Micromonosporaceae","Actinoplanes",NA
"ASV6405","Bacteria","Verrucomicrobiota","Verrucomicrobiia","Pedosphaerales","Pedosphaeraceae",NA,NA
"ASV6406","Bacteria","Bacteroidota","Bacteroidia","Sphingobacteriales","Sphingobacteriaceae","Pedobacter","glacialis"
"ASV6407","Bacteria","Actinomycetota","Actinobacteria","Propionibacteriales","Nocardioidaceae","Aeromicrobium","tamlense"
"ASV6408","Bacteria","Bdellovibrionota","Bdellovibrionia","Bdellovibrionales","Pseudobdellovibrionaceae","Bdellovibrio",NA
"ASV6409","Bacteria","Bacteroidota","Bacteroidia","Chitinophagales","Chitinophagaceae",NA,NA
"ASV6410","Bacteria","Pseudomonadota","Gammaproteobacteria","Burkholderiales","Oxalobacteraceae","Massilia",NA
"ASV6411","Bacteria","Pseudomonadota","Gammaproteobacteria","Burkholderiales","Comamonadaceae","Pseudacidovorax",NA
"ASV6412","Bacteria","Cyanobacteriota","Cyanobacteriia","Chloroplast",NA,NA,NA
"ASV6413","Bacteria","Actinomycetota","Acidimicrobiia","Microtrichales",NA,NA,NA
"ASV6414","Bacteria","Pseudomonadota","Alphaproteobacteria","Sphingomonadales","Sphingomonadaceae",NA,NA
"ASV6415","Bacteria","Pseudomonadota","Gammaproteobacteria","Legionellales","Legionellaceae","Legionella",NA
"ASV6416","Bacteria","Planctomycetota","Phycisphaerae","Tepidisphaerales","Tepidisphaeraceae","Tepidisphaera",NA
"ASV6417","Bacteria","Bacillota","Bacilli","Bacillales","Planococcaceae","Psychrobacillus","soli"
"ASV6418","Bacteria","Verrucomicrobiota","Verrucomicrobiia","Pedosphaerales","Pedosphaeraceae",NA,NA
"ASV6419","Bacteria","Pseudomonadota","Alphaproteobacteria","Hyphomicrobiales","Rhizobiaceae","Mesorhizobium",NA
"ASV6420","Bacteria","Pseudomonadota","Alphaproteobacteria","Caulobacterales","Caulobacteraceae",NA,NA
"ASV6421","Bacteria","Pseudomonadota","Alphaproteobacteria","Sphingomonadales","Sphingomonadaceae",NA,NA
"ASV6422","Bacteria","Bacteroidota","Bacteroidia","Bacteroidales","Bacteroidaceae","Bacteroides",NA
"ASV6423","Bacteria","Pseudomonadota","Alphaproteobacteria","Hyphomicrobiales","Rhizobiaceae","Aurantimonas","aggregata"
"ASV6424","Bacteria","Pseudomonadota","Alphaproteobacteria",NA,NA,NA,NA
"ASV6425","Bacteria","Bacteroidota","Bacteroidia","Sphingobacteriales","NS11-12 marine group",NA,NA
"ASV6426","Bacteria","Patescibacteria","Saccharimonadia","Saccharimonadales","LWQ8",NA,NA
"ASV6427","Bacteria","Candidatus Kapabacteria","Kapabacteria","Kapabacteriales",NA,NA,NA
"ASV6428","Bacteria","Pseudomonadota","Alphaproteobacteria","Rickettsiales","bac2nit3",NA,NA
"ASV6429","Bacteria","Bacteroidota","Bacteroidia","Cytophagales","Cytophagaceae","Sporocytophaga",NA
"ASV6430","Bacteria","Bdellovibrionota","Bdellovibrionia","Bdellovibrionales","Pseudobdellovibrionaceae",NA,NA
"ASV6431","Bacteria","Bacillota","Bacilli","Bacillales","Planococcaceae","Lysinibacillus",NA
"ASV6432","Bacteria",NA,NA,NA,NA,NA,NA
"ASV6433","Bacteria","Pseudomonadota","Alphaproteobacteria","Rickettsiales","Rickettsiaceae",NA,NA
"ASV6434","Bacteria","Bacteroidota","Bacteroidia","Cytophagales","Cytophagaceae","Sporocytophaga",NA
"ASV6435","Bacteria","Bacillota","Bacilli","Thermoactinomycetales","Thermoactinomycetaceae","Pasteuria",NA
"ASV6436","Bacteria","Bacteroidota","Bacteroidia","Flavobacteriales","Cryomorphaceae","NS10 marine group",NA
"ASV6437","Bacteria","Actinomycetota","Actinobacteria","Micrococcales","Cellulomonadaceae","Cellulomonas",NA
"ASV6438","Bacteria","Myxococcota","Polyangiia","Polyangiales","Polyangiaceae","Sorangium",NA
"ASV6439","Bacteria","Pseudomonadota","Gammaproteobacteria","Burkholderiales","Oxalobacteraceae","Massilia",NA
"ASV6440","Bacteria","Sumerlaeota","Sumerlaeia","Sumerlaeales","Sumerlaeaceae","Sumerlaea",NA
"ASV6441","Bacteria","Pseudomonadota","Alphaproteobacteria","Paracaedibacterales","Paracaedibacteraceae",NA,NA
"ASV6442","Bacteria","Bdellovibrionota","Oligoflexia","Oligoflexales","Oligoflexaceae",NA,NA
"ASV6443","Bacteria","Cyanobacteriota","Cyanobacteriia","Chloroplast",NA,NA,NA
"ASV6444","Bacteria","Patescibacteria","Gracilibacteria",NA,NA,NA,NA
"ASV6445","Bacteria","Chlamydiota","Chlamydiia","Chlamydiales","Parachlamydiaceae",NA,NA
"ASV6446","Bacteria","Pseudomonadota","Alphaproteobacteria","Rickettsiales","SM2D12",NA,NA
"ASV6447","Bacteria","Bacteroidota","Bacteroidia","Flavobacteriales","Flavobacteriaceae","Flavobacterium","soli"
"ASV6448","Bacteria","Chloroflexota","TK10",NA,NA,NA,NA
"ASV6449","Bacteria","Chloroflexota","Dehalococcoidia","SAR202 clade",NA,NA,NA
"ASV6450","Bacteria","Verrucomicrobiota","Verrucomicrobiia","Chthoniobacterales","Chthoniobacteraceae","LD29",NA
"ASV6451","Bacteria","Pseudomonadota","Alphaproteobacteria","Hyphomicrobiales","Hyphomicrobiales Incertae Sedis","Bauldia",NA
"ASV6452","Bacteria","Pseudomonadota","Gammaproteobacteria",NA,NA,NA,NA
"ASV6453","Bacteria","Pseudomonadota","Alphaproteobacteria","Holosporales","Holosporaceae",NA,NA
"ASV6454","Bacteria","Acidobacteriota","Vicinamibacteria","Vicinamibacterales",NA,NA,NA
"ASV6455","Bacteria","Actinomycetota","Thermoleophilia","Gaiellales",NA,NA,NA
"ASV6456","Bacteria","Bacteroidota","Bacteroidia","Cytophagales","Microscillaceae","Chryseotalea",NA
"ASV6457","Bacteria","Pseudomonadota","Alphaproteobacteria","Sphingomonadales","Sphingomonadaceae","Sphingomonas",NA
"ASV6458","Bacteria","Bdellovibrionota","Bacteriovoracia","Bacteriovoracales","Bacteriovoracaceae","Peredibacter",NA
"ASV6459","Bacteria","Pseudomonadota","Alphaproteobacteria","Hyphomicrobiales","Hyphomicrobiaceae",NA,NA
"ASV6460","Bacteria","Patescibacteria","Parcubacteria",NA,NA,NA,NA
"ASV6461","Bacteria","Planctomycetota","Planctomycetes","Pirellulales","Pirellulaceae","Pirellula",NA
"ASV6462","Bacteria","Bdellovibrionota","Bdellovibrionia","Bdellovibrionales","Pseudobdellovibrionaceae",NA,NA
"ASV6463","Bacteria","Actinomycetota","Acidimicrobiia","Microtrichales","Microtrichaceae","IMCC26207",NA
"ASV6464","Bacteria","Acidobacteriota","Acidobacteriae","Bryobacterales","Bryobacteraceae","Bryobacter",NA
"ASV6465","Bacteria","Hydrogenedentes","Hydrogenedentia","Hydrogenedentiales","Hydrogenedensaceae",NA,NA
"ASV6466","Bacteria","Pseudomonadota",NA,NA,NA,NA,NA
"ASV6467","Bacteria","Pseudomonadota","Alphaproteobacteria","Hyphomicrobiales","Beijerinckiaceae","Methylobacterium",NA
"ASV6468","Bacteria","Planctomycetota","Planctomycetes","Planctomycetales",NA,NA,NA
"ASV6469","Bacteria","Patescibacteria","Saccharimonadia","Saccharimonadales",NA,NA,NA
"ASV6470","Bacteria","Verrucomicrobiota","Verrucomicrobiia","Verrucomicrobiales","Verrucomicrobiaceae",NA,NA
"ASV6471","Bacteria","Pseudomonadota","Alphaproteobacteria","Micavibrionales",NA,NA,NA
"ASV6472","Bacteria","SAR324 clade(Marine group B)","Incertae Sedis","Incertae Sedis","Incertae Sedis","Candidatus Nitrosoarchaeum",NA
"ASV6473","Bacteria","SAR324 clade(Marine group B)","Incertae Sedis","Incertae Sedis","Incertae Sedis","Candidatus Nitrosoarchaeum",NA
"ASV6474","Bacteria","FCPU426",NA,NA,NA,NA,NA
"ASV6475","Bacteria","WS2",NA,NA,NA,NA,NA
"ASV6476","Bacteria","Deinococcota","Deinococci","Deinococcales","Deinococcaceae","Deinococcus","phoenicis"
"ASV6477","Bacteria","Acidobacteriota","Acidobacteriae","Terriglobales","Acidobacteriaceae (Subgroup 1)","Occallatibacter",NA
"ASV6478","Bacteria","Pseudomonadota","Gammaproteobacteria","Steroidobacterales","Steroidobacteraceae","Steroidobacter",NA
"ASV6479","Bacteria","Pseudomonadota","Alphaproteobacteria","Rickettsiales","Mitochondria",NA,NA
"ASV6480","Bacteria","Pseudomonadota","Alphaproteobacteria","Paracaedibacterales","Paracaedibacteraceae",NA,NA
"ASV6481","Bacteria","Bacteroidota","Bacteroidia","Chitinophagales","Chitinophagaceae",NA,NA
"ASV6482","Bacteria","Bacteroidota","Bacteroidia","Chitinophagales","Chitinophagaceae","Ferruginibacter",NA
"ASV6483","Bacteria","Bacteroidota","Bacteroidia","Chitinophagales","Chitinophagaceae","Rurimicrobium",NA
"ASV6484","Bacteria","Pseudomonadota","Alphaproteobacteria","Hyphomicrobiales","Beijerinckiaceae","Methylobacterium",NA
"ASV6485","Bacteria","RCP2-54",NA,NA,NA,NA,NA
"ASV6486","Bacteria","Candidatus Eremiobacterota","Eremiobacteria",NA,NA,NA,NA
"ASV6487","Bacteria","Planctomycetota","Planctomycetes","Isosphaerales","Isosphaeraceae",NA,NA
"ASV6488","Bacteria","Bdellovibrionota","Bacteriovoracia","Bacteriovoracales","Bacteriovoracaceae","Peredibacter",NA
"ASV6489","Bacteria","Pseudomonadota","Gammaproteobacteria","Rickettsiellales","Rickettsiellaceae",NA,NA
"ASV6490","Bacteria","Patescibacteria","Saccharimonadia","Saccharimonadales",NA,NA,NA
"ASV6491","Bacteria","Pseudomonadota","Gammaproteobacteria","Rickettsiellales","Rickettsiellaceae","Aquicella",NA
"ASV6492","Bacteria","Planctomycetota","Planctomycetes","Isosphaerales","Isosphaeraceae",NA,NA
"ASV6493","Bacteria","Pseudomonadota","Alphaproteobacteria","Rhodobacterales","Paracoccaceae","Paracoccus",NA
"ASV6494","Bacteria","Pseudomonadota","Alphaproteobacteria","Rickettsiales","Mitochondria",NA,NA
"ASV6495","Bacteria","Pseudomonadota","Gammaproteobacteria",NA,NA,NA,NA
"ASV6496","Bacteria","Armatimonadota","Armatimonadia","Armatimonadales","Armatimonadaceae",NA,NA
"ASV6497","Bacteria","Pseudomonadota","Alphaproteobacteria","Incertae Sedis","Incertae Sedis","Hypericibacter",NA
"ASV6498","Bacteria","Actinomycetota","Actinobacteria","Frankiales","Acidothermaceae","Acidothermus",NA
"ASV6499","Bacteria","Pseudomonadota","Gammaproteobacteria","Legionellales","Legionellaceae","Legionella",NA
"ASV6500","Bacteria","Pseudomonadota","Alphaproteobacteria","Elsterales",NA,NA,NA
"ASV6501","Bacteria","Pseudomonadota","Gammaproteobacteria",NA,NA,NA,NA
"ASV6502","Bacteria","Pseudomonadota","Alphaproteobacteria","Caulobacterales","Caulobacteraceae",NA,NA
"ASV6503","Bacteria","Pseudomonadota","Gammaproteobacteria","Gammaproteobacteria Incertae Sedis","Unknown Family","Acidibacter",NA
"ASV6504","Bacteria","Pseudomonadota","Gammaproteobacteria","Rickettsiellales","Rickettsiellaceae","Aquicella",NA
"ASV6505","Bacteria","Pseudomonadota","Alphaproteobacteria","Hyphomicrobiales","Xanthobacteraceae","Pseudolabrys",NA
"ASV6506","Bacteria","Dependentiae","Babeliae","Babeliales","Vermiphilaceae",NA,NA
"ASV6507","Bacteria","Actinomycetota","Actinobacteria","Kitasatosporales","Streptomycetaceae",NA,NA
"ASV6508","Bacteria","Pseudomonadota","Gammaproteobacteria",NA,NA,NA,NA
"ASV6509","Bacteria","Dependentiae","Babeliae","Babeliales",NA,NA,NA
"ASV6510","Bacteria","Verrucomicrobiota","Verrucomicrobiia","Opitutales","Opitutaceae","Oleiharenicola",NA
"ASV6511","Bacteria","Pseudomonadota","Gammaproteobacteria","Legionellales","Legionellaceae","Legionella",NA
"ASV6512","Bacteria","Bacteroidota","Bacteroidia","Chitinophagales","Chitinophagaceae","Niastella",NA
"ASV6513","Bacteria","Pseudomonadota","Alphaproteobacteria","Rickettsiales","SM2D12",NA,NA
"ASV6514","Bacteria","Planctomycetota","Planctomycetes","Gemmatales","Gemmataceae","Gemmata",NA
"ASV6515","Bacteria","Pseudomonadota","Gammaproteobacteria","Lysobacterales","Rhodanobacteraceae",NA,NA
"ASV6516","Bacteria","Bacillota","Bacilli",NA,NA,NA,NA
"ASV6517","Bacteria","Pseudomonadota","Alphaproteobacteria","Micavibrionales",NA,NA,NA
"ASV6518","Bacteria","Pseudomonadota","Alphaproteobacteria","Paracaedibacterales","Paracaedibacteraceae","Candidatus Captivus",NA
"ASV6519","Bacteria","Pseudomonadota","Alphaproteobacteria","Acetobacterales","Acetobacteraceae",NA,NA
"ASV6520","Bacteria","Pseudomonadota","Alphaproteobacteria","Rickettsiales","Mitochondria",NA,NA
"ASV6521","Bacteria","Pseudomonadota","Alphaproteobacteria","Micavibrionales",NA,NA,NA
"ASV6522","Bacteria","Bacteroidota","Bacteroidia","Chitinophagales",NA,NA,NA
"ASV6523","Bacteria","Pseudomonadota","Alphaproteobacteria","Hyphomicrobiales","Beijerinckiaceae","Enterovirga",NA
"ASV6524","Bacteria","Pseudomonadota","Alphaproteobacteria","Rhodospirillales",NA,NA,NA
"ASV6525","Bacteria","Pseudomonadota","Alphaproteobacteria","Azospirillales","Azospirillales Incertae Sedis","Stella",NA
"ASV6526","Bacteria","Pseudomonadota","Alphaproteobacteria","Elsterales",NA,NA,NA
"ASV6527","Bacteria","Pseudomonadota","Gammaproteobacteria","Rickettsiellales","Rickettsiellaceae",NA,NA
"ASV6528","Bacteria","Bacillota","Bacilli","Alicyclobacillales","Alicyclobacillaceae","Alicyclobacillus",NA
"ASV6529","Bacteria","Candidatus Kapabacteria","Kapabacteria","Kapabacteriales",NA,NA,NA
"ASV6530","Bacteria","SAR324 clade(Marine group B)","Incertae Sedis","Incertae Sedis","Incertae Sedis","Candidatus Nitrosoarchaeum",NA
"ASV6531","Bacteria","Bacillota","Bacilli","Paenibacillales","Paenibacillaceae",NA,NA
"ASV6532","Bacteria","Pseudomonadota","Alphaproteobacteria","Kiloniellales","Fodinicurvataceae",NA,NA
"ASV6533","Bacteria","Acidobacteriota","Acidobacteriae","Bryobacterales","Bryobacteraceae","Paludibaculum",NA
"ASV6534","Bacteria","Pseudomonadota","Gammaproteobacteria","Legionellales","Legionellaceae","Legionella",NA
"ASV6535","Bacteria","Planctomycetota","Planctomycetes","Pirellulales","Pirellulaceae","Pirellula",NA
"ASV6536","Bacteria","Pseudomonadota","Alphaproteobacteria","Hyphomicrobiales","Xanthobacteraceae","Rhodoplanes",NA
"ASV6537","Bacteria","Planctomycetota","Planctomycetes","Planctomycetales","Schlesneriaceae","Planctopirus",NA
"ASV6538","Bacteria","Bacteroidota","Bacteroidia","Chitinophagales","Chitinophagaceae","Haoranjiania",NA
"ASV6539","Bacteria","Planctomycetota","Planctomycetes","Isosphaerales","Isosphaeraceae",NA,NA
"ASV6540","Bacteria","Abditibacteriota","Abditibacteriia","Abditibacteriales","Abditibacteriaceae","Abditibacterium",NA
"ASV6541","Bacteria","Gemmatimonadota","Gemmatimonadia","Gemmatimonadales","Gemmatimonadaceae",NA,NA
"ASV6542","Bacteria","Planctomycetota","Planctomycetes","Isosphaerales","Isosphaeraceae","Paludisphaera",NA
"ASV6543","Bacteria","Pseudomonadota","Alphaproteobacteria","Rickettsiales","Rickettsiaceae",NA,NA
"ASV6544","Bacteria","Pseudomonadota","Alphaproteobacteria","Rickettsiales","Mitochondria",NA,NA
"ASV6545","Bacteria","Chlamydiota","Chlamydiia","Chlamydiales","Parachlamydiaceae",NA,NA
"ASV6546","Bacteria","Planctomycetota","Planctomycetes","Gemmatales","Gemmataceae","Gemmata",NA
"ASV6547","Bacteria","Bacteroidota","Bacteroidia","Chitinophagales","Chitinophagaceae","Terrimonas",NA
"ASV6548","Bacteria","Pseudomonadota","Gammaproteobacteria","Rickettsiellales","Rickettsiellaceae",NA,NA
"ASV6549","Bacteria","Verrucomicrobiota","Verrucomicrobiia","Chthoniobacterales","Chthoniobacteraceae","LD29",NA
"ASV6550","Bacteria","Pseudomonadota","Gammaproteobacteria",NA,NA,NA,NA
"ASV6551","Bacteria","Pseudomonadota","Alphaproteobacteria","Thalassobaculales",NA,NA,NA
"ASV6552","Bacteria","Pseudomonadota","Gammaproteobacteria","Rickettsiellales","Rickettsiellaceae","Aquicella",NA
"ASV6553","Bacteria","Planctomycetota","Planctomycetes","Pirellulales","Pirellulaceae",NA,NA
"ASV6554","Bacteria","Bdellovibrionota","Oligoflexia","0319-6G20",NA,NA,NA
"ASV6555","Bacteria","Pseudomonadota","Gammaproteobacteria","Rickettsiellales","Rickettsiellaceae",NA,NA
"ASV6556","Bacteria","Planctomycetota","Planctomycetes","Isosphaerales","Isosphaeraceae","Candidatus Nostocoida",NA
"ASV6557","Bacteria","Chlamydiota","Chlamydiia","Chlamydiales","cvE6",NA,NA
"ASV6558","Bacteria","Pseudomonadota","Gammaproteobacteria","Legionellales","Legionellaceae","Legionella",NA
"ASV6559","Bacteria","Bacteroidota","Bacteroidia","Flavobacteriales","Cryomorphaceae","NS10 marine group",NA
"ASV6560","Bacteria","Verrucomicrobiota","Verrucomicrobiia","Opitutales","Opitutaceae","Oleiharenicola",NA
"ASV6561","Bacteria","Planctomycetota","Planctomycetes","Isosphaerales","Isosphaeraceae","Tautonia",NA
"ASV6562","Bacteria","Actinomycetota","Acidimicrobiia","Microtrichales","Iamiaceae","Aquihabitans",NA
"ASV6563","Bacteria","Bacteroidota","Bacteroidia","Cytophagales","Cytophagaceae","Cytophaga",NA
"ASV6564","Bacteria","Planctomycetota","Planctomycetes","Isosphaerales","Isosphaeraceae",NA,NA
"ASV6565","Bacteria","Pseudomonadota","Alphaproteobacteria","Rickettsiales","Mitochondria",NA,NA
"ASV6566","Bacteria","Actinomycetota","Actinobacteria","Frankiales","Frankiaceae","Jatrophihabitans",NA
"ASV6567","Bacteria","Pseudomonadota","Alphaproteobacteria","Rickettsiales","Mitochondria",NA,NA
"ASV6568","Bacteria","Bacillota","Bacilli","Thermoactinomycetales","Thermoactinomycetaceae",NA,NA
"ASV6569","Bacteria","Planctomycetota","Planctomycetes","Isosphaerales","Isosphaeraceae","Singulisphaera",NA
"ASV6570","Bacteria","Candidatus Eremiobacterota","Eremiobacteria",NA,NA,NA,NA
"ASV6571","Bacteria","Cyanobacteriota","Vampirivibrionia","Vampirovibrionales","Vampirovibrionaceae",NA,NA
"ASV6572","Bacteria","Abditibacteriota","Abditibacteriia","Abditibacteriales","Abditibacteriaceae","Abditibacterium",NA
"ASV6573","Bacteria","Dependentiae","Babeliae","Babeliales","Incertae Sedis","UBA12409",NA
"ASV6574","Bacteria","Bdellovibrionota","Oligoflexia","0319-6G20",NA,NA,NA
"ASV6575","Bacteria","Planctomycetota","Planctomycetes","Isosphaerales","Isosphaeraceae","Tundrisphaera",NA
"ASV6576","Bacteria","Pseudomonadota","Alphaproteobacteria",NA,NA,NA,NA
"ASV6577","Bacteria","Bdellovibrionota","Oligoflexia","Oligoflexales","Oligoflexaceae",NA,NA
"ASV6578","Bacteria","Pseudomonadota","Alphaproteobacteria",NA,NA,NA,NA
"ASV6579","Bacteria","Verrucomicrobiota","Verrucomicrobiia","Chthoniobacterales","Terrimicrobiaceae","Terrimicrobium",NA
"ASV6580","Bacteria","Chloroflexota","Chloroflexia","Thermomicrobiales","JG30-KF-CM45",NA,NA
"ASV6581","Bacteria","Pseudomonadota","Alphaproteobacteria","Hyphomicrobiales","Rhizobiaceae","Endobacterium",NA
"ASV6582","Bacteria","Actinomycetota","Acidimicrobiia","Microtrichales",NA,NA,NA
"ASV6583","Bacteria","Pseudomonadota","Gammaproteobacteria","Burkholderiales","Neisseriaceae",NA,NA
"ASV6584","Bacteria","Bdellovibrionota","Oligoflexia","0319-6G20",NA,NA,NA
"ASV6585","Bacteria","Bacteroidota","Bacteroidia","Chitinophagales","Chitinophagaceae","Ferruginibacter",NA
"ASV6586","Bacteria","Pseudomonadota","Alphaproteobacteria","Rhodospirillales",NA,NA,NA
"ASV6587","Bacteria","Bacteroidota","Bacteroidia","Cytophagales","Hymenobacteraceae","Adhaeribacter",NA
"ASV6588","Bacteria","Bacillota","Bacilli","Alicyclobacillales","Alicyclobacillaceae","Alicyclobacillus",NA
"ASV6589","Bacteria","Chlamydiota","Chlamydiia","Chlamydiales","Parachlamydiaceae","Neochlamydia",NA
"ASV6590","Bacteria","Actinomycetota","Actinobacteria",NA,NA,NA,NA
"ASV6591","Bacteria","Pseudomonadota","Gammaproteobacteria","Coxiellales","Coxiellaceae","Coxiella",NA
"ASV6592","Bacteria","Pseudomonadota","Alphaproteobacteria","Hyphomicrobiales","Xanthobacteraceae",NA,NA
"ASV6593","Bacteria","Pseudomonadota","Gammaproteobacteria","Legionellales","Legionellaceae","Legionella",NA
"ASV6594","Bacteria","Patescibacteria","Saccharimonadia","Saccharimonadales","LWQ8",NA,NA
"ASV6595","Bacteria","Pseudomonadota","Alphaproteobacteria","Rickettsiales","Rickettsiaceae",NA,NA
"ASV6596","Bacteria",NA,NA,NA,NA,NA,NA
"ASV6597","Bacteria","Pseudomonadota","Alphaproteobacteria","Elsterales",NA,NA,NA
"ASV6598","Bacteria","Bacillota","Clostridia","Oscillospirales","Ruminococcaceae",NA,NA
"ASV6599","Bacteria","Dependentiae","Babeliae","Babeliales",NA,NA,NA
"ASV6600","Bacteria","Dependentiae","Babeliae","Babeliales","Vermiphilaceae",NA,NA
"ASV6601","Bacteria","Pseudomonadota","Alphaproteobacteria","Hyphomicrobiales",NA,NA,NA
"ASV6602","Bacteria","Pseudomonadota","Alphaproteobacteria","Hyphomicrobiales","Hyphomicrobiaceae",NA,NA
"ASV6603","Bacteria","Verrucomicrobiota","Verrucomicrobiia","Pedosphaerales","Pedosphaeraceae",NA,NA
"ASV6604","Bacteria","Pseudomonadota","Alphaproteobacteria","Acetobacterales","Acetobacteraceae","Rhodovastum",NA
"ASV6605","Bacteria","Bdellovibrionota","Oligoflexia","Oligoflexales","Oligoflexaceae",NA,NA
"ASV6606","Bacteria","Planctomycetota","Planctomycetes","Isosphaerales","Isosphaeraceae","Singulisphaera",NA
"ASV6607","Bacteria","Pseudomonadota","Alphaproteobacteria","Rickettsiales","Rickettsiaceae",NA,NA
"ASV6608","Bacteria","Pseudomonadota","Alphaproteobacteria","Hyphomicrobiales","KF-JG30-B3",NA,NA
"ASV6609","Bacteria","Gemmatimonadota","Gemmatimonadia","Gemmatimonadales","Gemmatimonadaceae",NA,NA
"ASV6610","Bacteria","Bacillota","Bacilli","Paenibacillales","Paenibacillaceae","Paenibacillus",NA
"ASV6611","Bacteria","Margulisbacteria",NA,NA,NA,NA,NA
"ASV6612","Bacteria","Actinomycetota","Thermoleophilia","Gaiellales",NA,NA,NA
"ASV6613","Bacteria","Gemmatimonadota","Gemmatimonadia","Gemmatimonadales","Gemmatimonadaceae","Gemmatimonas",NA
"ASV6614","Bacteria","Chloroflexota","Anaerolineae","RBG-13-54-9",NA,NA,NA
"ASV6615","Bacteria","Chlamydiota","Chlamydiia","Chlamydiales","Parachlamydiaceae","Candidatus Protochlamydia",NA
"ASV6616","Bacteria","Verrucomicrobiota","Verrucomicrobiia","Chthoniobacterales","Chthoniobacteraceae","Chthoniobacter",NA
"ASV6617","Bacteria","Pseudomonadota","Alphaproteobacteria","Rhodospirillales",NA,NA,NA
"ASV6618","Bacteria","Pseudomonadota","Alphaproteobacteria","Reyranellales","Reyranellaceae","Reyranella",NA
"ASV6619","Bacteria","Actinomycetota","Actinobacteria","Frankiales","Geodermatophilaceae","Geodermatophilus",NA
"ASV6620","Bacteria","Chlamydiota","Chlamydiia","Chlamydiales","Parachlamydiaceae",NA,NA
"ASV6621","Bacteria","Planctomycetota","Planctomycetes","Pirellulales","Pirellulaceae","Pirellula",NA
"ASV6622","Bacteria","Bacillota","Bacilli","Alicyclobacillales","Alicyclobacillaceae","Alicyclobacillus",NA
"ASV6623","Bacteria","Patescibacteria","Parcubacteria","Candidatus Nomurabacteria",NA,NA,NA
"ASV6624","Bacteria","Bdellovibrionota","Oligoflexia","Oligoflexales","Oligoflexaceae",NA,NA
"ASV6625","Bacteria","Dependentiae","Babeliae","Babeliales","Vermiphilaceae",NA,NA
"ASV6626","Bacteria","Bacteroidota","Bacteroidia","Chitinophagales","Chitinophagaceae",NA,NA
"ASV6627","Bacteria","SAR324 clade(Marine group B)","Incertae Sedis","Incertae Sedis","Incertae Sedis","Candidatus Nitrosoarchaeum",NA
"ASV6628","Bacteria","Dependentiae","Babeliae","Babeliales","Vermiphilaceae",NA,NA
"ASV6629","Bacteria","Planctomycetota","Planctomycetes","Gemmatales","Gemmataceae","Gemmata",NA
"ASV6630","Bacteria","Actinomycetota","Actinobacteria","Frankiales","Geodermatophilaceae",NA,NA
"ASV6631","Bacteria","Patescibacteria","ABY1","Candidatus Magasanikbacteria",NA,NA,NA
"ASV6632","Bacteria","Bdellovibrionota","Bdellovibrionia","Bdellovibrionales","Pseudobdellovibrionaceae",NA,NA
"ASV6633","Bacteria","Bacteroidota","Bacteroidia","Chitinophagales","Chitinophagaceae","Flavitalea",NA
"ASV6634","Bacteria","Pseudomonadota","Alphaproteobacteria","Caulobacterales","Caulobacteraceae","Asticcacaulis",NA
"ASV6635","Bacteria","Pseudomonadota","Alphaproteobacteria","Elsterales",NA,NA,NA
"ASV6636","Bacteria","Pseudomonadota","Alphaproteobacteria","Micavibrionales",NA,NA,NA
"ASV6637","Bacteria","Bacteroidota","Bacteroidia","Chitinophagales","Chitinophagaceae","Nemorincola",NA
"ASV6638","Bacteria","Bacteroidota","Bacteroidia","Chitinophagales","Chitinophagaceae","Edaphobaculum",NA
"ASV6639","Bacteria","Pseudomonadota","Alphaproteobacteria","Micavibrionales","Micavibrionaceae",NA,NA
"ASV6640","Bacteria","Actinomycetota","Acidimicrobiia","Microtrichales","Ilumatobacteraceae","CL500-29 marine group",NA
"ASV6641","Bacteria","Chlamydiota","Chlamydiia","Chlamydiales",NA,NA,NA
"ASV6642","Bacteria","Chloroflexota","Dehalococcoidia","S085",NA,NA,NA
"ASV6643","Bacteria","Cyanobacteriota","Cyanobacteriia","Chloroplast",NA,NA,NA
"ASV6644","Bacteria","Bacteroidota","Bacteroidia","Bacteroidales","Tannerellaceae","Parabacteroides","distasonis"
"ASV6645","Bacteria","Bacteroidota","Bacteroidia","Flavobacteriales","Weeksellaceae","Chryseobacterium",NA
"ASV6646","Bacteria","Pseudomonadota","Gammaproteobacteria","Ga0077536",NA,NA,NA
"ASV6647","Bacteria","Pseudomonadota","Gammaproteobacteria","Gammaproteobacteria Incertae Sedis","Unknown Family","Candidatus Endonucleariobacter",NA
"ASV6648","Bacteria","Pseudomonadota","Gammaproteobacteria","Burkholderiales","Burkholderiaceae","Burkholderia-Caballeronia-Paraburkholderia",NA
"ASV6649","Bacteria","Bacillota","Bacilli","Bacillales","Bacillaceae","Mesobacillus",NA
"ASV6650","Bacteria","Pseudomonadota","Alphaproteobacteria","Hyphomicrobiales","Xanthobacteraceae","Bradyrhizobium",NA
"ASV6651","Bacteria","Pseudomonadota","Alphaproteobacteria","Rickettsiales","Mitochondria",NA,NA
"ASV6652","Bacteria","Pseudomonadota","Alphaproteobacteria","Rickettsiales","Mitochondria",NA,NA
"ASV6653","Bacteria","Pseudomonadota","Alphaproteobacteria","Rickettsiales","Midichloriaceae","Candidatus Jidaibacter",NA
"ASV6654","Bacteria","Pseudomonadota","Alphaproteobacteria","Rhodobacterales","Paracoccaceae","Rubellimicrobium",NA
"ASV6655","Bacteria","Bacteroidota","Bacteroidia","Sphingobacteriales","Sphingobacteriaceae","Pedobacter",NA
"ASV6656","Bacteria","Pseudomonadota","Gammaproteobacteria","Pseudomonadales","Pseudomonadaceae","Pseudomonas",NA
"ASV6657","Bacteria","Bacteroidota","Bacteroidia","Sphingobacteriales","env.OPS 17",NA,NA
"ASV6658","Bacteria","Pseudomonadota","Gammaproteobacteria","Burkholderiales","Rhodocyclaceae","Zoogloea",NA
"ASV6659","Bacteria","Bacillota","Bacilli","Paenibacillales","Paenibacillaceae","Paenibacillus",NA
"ASV6660","Bacteria","Cyanobacteriota","Cyanobacteriia","Chloroplast",NA,NA,NA
"ASV6661","Bacteria","Pseudomonadota","Alphaproteobacteria","Hyphomicrobiales",NA,NA,NA
"ASV6662","Bacteria","Patescibacteria","Saccharimonadia","Saccharimonadales","LWQ8",NA,NA
"ASV6663","Bacteria","Pseudomonadota","Gammaproteobacteria",NA,NA,NA,NA
"ASV6664","Bacteria","Planctomycetota","Planctomycetes","Gemmatales","Gemmataceae","Gemmata",NA
"ASV6665","Bacteria","Pseudomonadota","Gammaproteobacteria","Burkholderiales",NA,NA,NA
"ASV6666","Bacteria","Cyanobacteriota","Cyanobacteriia","Chloroplast",NA,NA,NA
"ASV6667","Bacteria","Pseudomonadota","Alphaproteobacteria","Rhodospirillales",NA,NA,NA
"ASV6668","Bacteria","Bdellovibrionota","Bacteriovoracia","Bacteriovoracales","Bacteriovoracaceae","Peredibacter",NA
"ASV6669","Bacteria","Patescibacteria","Saccharimonadia","Saccharimonadales",NA,NA,NA
"ASV6670","Bacteria","Pseudomonadota","Alphaproteobacteria",NA,NA,NA,NA
"ASV6671","Bacteria","Bacteroidota","Bacteroidia","Bacteroidales","Bacteroidaceae","Bacteroides",NA
"ASV6672","Bacteria","Actinomycetota","Actinobacteria","Propionibacteriales","Propionibacteriaceae",NA,NA
"ASV6673","Bacteria","Pseudomonadota","Gammaproteobacteria","Rickettsiellales","Rickettsiellaceae","Aquicella",NA
"ASV6674","Bacteria","Actinomycetota","Actinobacteria","Propionibacteriales","Nocardioidaceae","Nocardioides",NA
"ASV6675","Bacteria","Patescibacteria","Saccharimonadia","Saccharimonadales","LWQ8",NA,NA
"ASV6676","Bacteria","Pseudomonadota","Alphaproteobacteria","Caedibacterales","Caedibacteraceae","Caedibacter",NA
"ASV6677","Bacteria","Myxococcota","Polyangiia","Polyangiales","Phaselicystaceae","Phaselicystis",NA
"ASV6678","Bacteria","Bacteroidota","Bacteroidia","Flavobacteriales","Crocinitomicaceae","Fluviicola",NA
"ASV6679","Bacteria","Bacillota","Bacilli","Paenibacillales","Paenibacillaceae","Cohnella",NA
"ASV6680","Bacteria","Pseudomonadota","Alphaproteobacteria","Hyphomicrobiales","Xanthobacteraceae","Afipia",NA
"ASV6681","Bacteria","Cyanobacteriota","Cyanobacteriia","Cyanobacteriales","Chroococcidiopsaceae","Gloeocapsa PCC-7428",NA
"ASV6682","Bacteria","Pseudomonadota","Gammaproteobacteria","Piscirickettsiales","Piscirickettsiaceae","Candidatus Endoecteinascidia",NA
"ASV6683","Bacteria","Bacillota","Bacilli","Paenibacillales","Paenibacillaceae","Paenibacillus",NA
"ASV6684","Bacteria","Actinomycetota","Actinobacteria","Propionibacteriales","Nocardioidaceae","Nocardioides",NA
"ASV6685","Bacteria","Bdellovibrionota","Oligoflexia","0319-6G20",NA,NA,NA
"ASV6686","Bacteria","Verrucomicrobiota","Verrucomicrobiia","Opitutales","Opitutaceae","IMCC26134",NA
"ASV6687","Bacteria","Bacteroidota","Bacteroidia","Flavobacteriales","Weeksellaceae","Chryseobacterium","psychrotolerans"
"ASV6688","Bacteria","Bacteroidota","Bacteroidia","Bacteroidales","Bacteroidaceae","Bacteroides",NA
"ASV6689","Bacteria","Bacillota","Bacilli","Bacillales","Bacillaceae","Lederbergia",NA
"ASV6690","Bacteria","Pseudomonadota","Gammaproteobacteria","Salinisphaerales","Nevskiaceae",NA,NA
"ASV6691","Bacteria","Pseudomonadota","Alphaproteobacteria","Hyphomicrobiales","Rhizobiaceae","Brucella",NA
"ASV6692","Bacteria","Bdellovibrionota","Bdellovibrionia","Bdellovibrionales","Pseudobdellovibrionaceae",NA,NA
"ASV6693","Bacteria","Pseudomonadota","Alphaproteobacteria","Hyphomicrobiales","Hyphomicrobiaceae","Hyphomicrobium",NA
"ASV6694","Bacteria","Cyanobacteriota","Sericytochromatia",NA,NA,NA,NA
"ASV6695","Bacteria","Pseudomonadota","Gammaproteobacteria","Salinisphaerales","Nevskiaceae","Stenotrophobium",NA
"ASV6696","Bacteria","Actinomycetota","Actinobacteria","Micrococcales","Dermacoccaceae","Flexivirga",NA
"ASV6697","Bacteria","Bacteroidota","Bacteroidia","Sphingobacteriales","Sphingobacteriaceae","Daejeonella",NA
"ASV6698","Bacteria","Actinomycetota","Thermoleophilia","Solirubrobacterales","67-14",NA,NA
"ASV6699","Bacteria","Acidobacteriota","Blastocatellia","Blastocatellales","Blastocatellaceae","Blastocatella",NA
"ASV6700","Bacteria","Acidobacteriota","Acidobacteriae","Bryobacterales","Bryobacteraceae","Bryobacter",NA
"ASV6701","Bacteria","Pseudomonadota","Alphaproteobacteria","Rhodospirillales","Magnetospirillaceae","Telmatospirillum",NA
"ASV6702","Bacteria","Bacteroidota","Bacteroidia","Chitinophagales","Chitinophagaceae","Vibrionimonas",NA
"ASV6703","Bacteria","Pseudomonadota","Gammaproteobacteria","Steroidobacterales","Steroidobacteraceae","Steroidobacter","flavus"
"ASV6704","Bacteria","Actinomycetota","Actinobacteria","Kineosporiales","Kineosporiaceae","Angustibacter","peucedani"
"ASV6705","Bacteria","Patescibacteria","Saccharimonadia","Saccharimonadales","Saccharimonadaceae","TM7a",NA
"ASV6706","Bacteria","Pseudomonadota","Alphaproteobacteria","Caulobacterales","Caulobacteraceae","Brevundimonas","diminuta"
"ASV6707","Bacteria","Bdellovibrionota","Bdellovibrionia","Bdellovibrionales","Pseudobdellovibrionaceae",NA,NA
"ASV6708","Bacteria","Pseudomonadota","Alphaproteobacteria","Rickettsiales","Mitochondria",NA,NA
"ASV6709","Bacteria","Verrucomicrobiota","Verrucomicrobiia","Verrucomicrobiales","Rubritaleaceae","Luteolibacter",NA
"ASV6710","Bacteria","Actinomycetota","Acidimicrobiia","Acidimicrobiales","Acidimicrobiaceae",NA,NA
"ASV6711","Bacteria","Actinomycetota","Actinobacteria","Propionibacteriales","Propionibacteriaceae",NA,NA
"ASV6712","Bacteria","Pseudomonadota","Gammaproteobacteria","Francisellales","Francisellaceae","Allofrancisella",NA
"ASV6713","Bacteria","Chloroflexota","Chloroflexia","Thermomicrobiales","JG30-KF-CM45",NA,NA
"ASV6714","Bacteria","Planctomycetota","Planctomycetes","Planctomycetales","Schlesneriaceae","Schlesneria",NA
"ASV6715","Bacteria","Cyanobacteriota","Cyanobacteriia","Chloroplast",NA,NA,NA
"ASV6716","Bacteria","Chlamydiota","Chlamydiia","Chlamydiales","cvE6",NA,NA
"ASV6717","Bacteria","Bacillota","Bacilli","Paenibacillales","Paenibacillaceae","Paenibacillus",NA
"ASV6718","Bacteria","Dependentiae","Babeliae","Babeliales","Babeliaceae",NA,NA
"ASV6719","Bacteria","Pseudomonadota","Alphaproteobacteria","Caulobacterales","Caulobacteraceae",NA,NA
"ASV6720","Bacteria","Pseudomonadota","Alphaproteobacteria","Caulobacterales","Caulobacteraceae",NA,NA
"ASV6721","Bacteria","Pseudomonadota","Alphaproteobacteria","Rickettsiales","Mitochondria",NA,NA
"ASV6722","Bacteria","Bacteroidota","Bacteroidia","Chitinophagales","Saprospiraceae",NA,NA
"ASV6723","Bacteria","Bacteroidota","Bacteroidia","Cytophagales","Cytophagaceae","Sporocytophaga",NA
"ASV6724","Bacteria","Bacillota","Clostridia","Clostridia vadinBB60 group",NA,NA,NA
"ASV6725","Bacteria","Bdellovibrionota","Bdellovibrionia","Bdellovibrionales","Pseudobdellovibrionaceae",NA,NA
"ASV6726","Bacteria","Patescibacteria","Saccharimonadia","Saccharimonadales","LWQ8",NA,NA
"ASV6727","Bacteria","Bacillota","Sulfobacillia","Sulfobacillales","Sulfobacillaceae",NA,NA
"ASV6728","Bacteria","Bdellovibrionota","Bacteriovoracia","Bacteriovoracales","Bacteriovoracaceae","Bacteriovorax",NA
"ASV6729","Bacteria","Bacillota","Bacilli","Paenibacillales","Paenibacillaceae","Thermobacillus",NA
"ASV6730","Bacteria","Patescibacteria",NA,NA,NA,NA,NA
"ASV6731","Bacteria","Pseudomonadota","Alphaproteobacteria","Dongiales","Dongiaceae","Dongia",NA
"ASV6732","Bacteria","Actinomycetota","Thermoleophilia","Solirubrobacterales","67-14",NA,NA
"ASV6733","Bacteria","Bacillota","Clostridia","Oscillospirales","Ethanoligenenaceae",NA,NA
"ASV6734","Bacteria","Planctomycetota","Planctomycetes","Pirellulales","Pirellulaceae","Pirellula",NA
"ASV6735","Bacteria","Pseudomonadota","Alphaproteobacteria","Sphingomonadales","Sphingomonadaceae","Novosphingobium",NA
"ASV6736","Bacteria","Gemmatimonadota","Gemmatimonadia","Gemmatimonadales","Gemmatimonadaceae",NA,NA
"ASV6737","Bacteria","Actinomycetota","Thermoleophilia","Solirubrobacterales","Solirubrobacteraceae","Conexibacter",NA
"ASV6738","Bacteria","Pseudomonadota","Alphaproteobacteria","Rickettsiales","Mitochondria",NA,NA
"ASV6739","Bacteria","Pseudomonadota","Alphaproteobacteria","AT-s3-44",NA,NA,NA
"ASV6740","Bacteria","Actinomycetota","Acidimicrobiia",NA,NA,NA,NA
"ASV6741","Bacteria","Acidobacteriota","Blastocatellia","11-24",NA,NA,NA
"ASV6742","Bacteria","Gemmatimonadota","Gemmatimonadia","Gemmatimonadales","Gemmatimonadaceae",NA,NA
"ASV6743","Bacteria","Pseudomonadota","Gammaproteobacteria",NA,NA,NA,NA
"ASV6744","Bacteria","Pseudomonadota","Alphaproteobacteria","Rhodospirillales",NA,NA,NA
"ASV6745","Bacteria","Pseudomonadota","Alphaproteobacteria","Rickettsiales","Midichloriaceae","Candidatus Jidaibacter",NA
"ASV6746","Bacteria","Chloroflexota","Ktedonobacteria","Ktedonobacterales","Ktedonobacteraceae",NA,NA
"ASV6747","Bacteria","Bacillota","Thermoanaerobacteria","Thermoanaerobacterales","Thermoanaerobacteraceae","Caldanaerobius",NA
"ASV6748","Bacteria","Pseudomonadota","Alphaproteobacteria","Paracaedibacterales","Paracaedibacteraceae",NA,NA
"ASV6749","Bacteria","Hydrogenedentes","Hydrogenedentia","Hydrogenedentiales","Hydrogenedensaceae",NA,NA
"ASV6750","Bacteria","Chloroflexota","Ktedonobacteria","Ktedonobacterales","Ktedonobacteraceae","FCPS473",NA
"ASV6751","Bacteria","Pseudomonadota","Alphaproteobacteria","Micavibrionales",NA,NA,NA
"ASV6752","Bacteria","Pseudomonadota","Alphaproteobacteria","Micavibrionales",NA,NA,NA
"ASV6753","Bacteria","Pseudomonadota","Alphaproteobacteria",NA,NA,NA,NA
"ASV6754","Bacteria","Chloroflexota","Chloroflexia","Thermomicrobiales","JG30-KF-CM45",NA,NA
"ASV6755","Bacteria","Pseudomonadota","Alphaproteobacteria","Hyphomicrobiales","Hyphomicrobiaceae","Pedomicrobium",NA
"ASV6756","Bacteria","Acidobacteriota","Acidobacteriae","Bryobacterales","Bryobacteraceae","Bryobacter",NA
"ASV6757","Bacteria","Pseudomonadota","Alphaproteobacteria","Rickettsiales","Mitochondria",NA,NA
"ASV6758","Bacteria","Pseudomonadota","Alphaproteobacteria","Hyphomicrobiales",NA,NA,NA
"ASV6759","Bacteria","Planctomycetota","Planctomycetes","Gemmatales","Gemmataceae","Fimbriiglobus",NA
"ASV6760","Bacteria","Armatimonadota","Fimbriimonadia","Fimbriimonadales","Fimbriimonadaceae","Fimbriimonas",NA
"ASV6761","Bacteria","Planctomycetota","Planctomycetes","Gemmatales","Gemmataceae","Gemmata",NA
"ASV6762","Bacteria","Pseudomonadota","Alphaproteobacteria","Azospirillales","Azospirillaceae",NA,NA
"ASV6763","Bacteria","Planctomycetota","Phycisphaerae","Tepidisphaerales","WD2101 soil group",NA,NA
"ASV6764","Bacteria",NA,NA,NA,NA,NA,NA
"ASV6765","Bacteria","Actinomycetota","Actinobacteria","Frankiales","Geodermatophilaceae","Antricoccus","suffuscus"
"ASV6766","Bacteria","Actinomycetota","Thermoleophilia","Solirubrobacterales","67-14",NA,NA
"ASV6767","Bacteria","Bacillota","Bacilli","Bacillales","Planococcaceae","Planococcus",NA
"ASV6768","Bacteria","Acidobacteriota","Acidobacteriae","Terriglobales","Acidobacteriaceae (Subgroup 1)","Granulicella",NA
"ASV6769","Bacteria","Pseudomonadota","Alphaproteobacteria","Micropepsales","Micropepsaceae",NA,NA
"ASV6770","Bacteria","Patescibacteria","Saccharimonadia","Saccharimonadales",NA,NA,NA
"ASV6771","Bacteria","Bacteroidota","Bacteroidia","Bacteroidales","Tannerellaceae","Parabacteroides","distasonis"
"ASV6772","Bacteria","Candidatus Eremiobacterota","Eremiobacteria",NA,NA,NA,NA
"ASV6773","Bacteria","Pseudomonadota","Gammaproteobacteria","Rickettsiellales","Rickettsiellaceae","Aquicella",NA
"ASV6774","Bacteria","Bacteroidota","Bacteroidia","Cytophagales","Hymenobacteraceae","Pontibacter",NA
"ASV6775","Bacteria","Pseudomonadota","Alphaproteobacteria","Acetobacterales","Acetobacteraceae","Acidocella",NA
"ASV6776","Bacteria","Actinomycetota","Thermoleophilia","Gaiellales",NA,NA,NA
"ASV6777","Bacteria","Bdellovibrionota","Oligoflexia","0319-6G20",NA,NA,NA
"ASV6778","Bacteria","Pseudomonadota","Gammaproteobacteria","Rickettsiellales","Rickettsiellaceae",NA,NA
"ASV6779","Bacteria","RCP2-54",NA,NA,NA,NA,NA
"ASV6780","Bacteria","Patescibacteria","Saccharimonadia","Saccharimonadales","LWQ8",NA,NA
"ASV6781","Bacteria","Pseudomonadota","Alphaproteobacteria","Acetobacterales","Acetobacteraceae","Acidiphilium",NA
"ASV6782","Bacteria","Pseudomonadota","Alphaproteobacteria",NA,NA,NA,NA
"ASV6783","Bacteria","Chloroflexota","Ktedonobacteria","B12-WMSP1",NA,NA,NA
"ASV6784","Bacteria","Verrucomicrobiota","Verrucomicrobiia","Pedosphaerales","Pedosphaeraceae",NA,NA
"ASV6785","Bacteria","Pseudomonadota","Alphaproteobacteria","Paracaedibacterales","Paracaedibacteraceae","Candidatus Paracaedibacter",NA
"ASV6786","Bacteria","Pseudomonadota","Alphaproteobacteria","Elsterales",NA,NA,NA
"ASV6787","Bacteria","Actinomycetota","Actinobacteria","Pseudonocardiales","Pseudonocardiaceae","Amycolatopsis",NA
"ASV6788","Bacteria","Patescibacteria","Saccharimonadia","Saccharimonadales","LWQ8",NA,NA
"ASV6789","Bacteria","Patescibacteria","Saccharimonadia","Saccharimonadales","WWH38",NA,NA
"ASV6790","Bacteria","Dependentiae","Babeliae","Babeliales",NA,NA,NA
"ASV6791","Bacteria","Pseudomonadota","Gammaproteobacteria","Gammaproteobacteria Incertae Sedis","Unknown Family","Candidatus Ovatusbacter",NA
"ASV6792","Bacteria","Actinomycetota","Actinobacteria","Frankiales",NA,NA,NA
"ASV6793","Bacteria","Chlamydiota","Chlamydiia","Chlamydiales","Parachlamydiaceae","Neochlamydia",NA
"ASV6794","Bacteria","Planctomycetota","Planctomycetes","Gemmatales","Gemmataceae",NA,NA
"ASV6795","Bacteria","Pseudomonadota","Gammaproteobacteria",NA,NA,NA,NA
"ASV6796","Bacteria","Dependentiae","Babeliae","Babeliales",NA,NA,NA
"ASV6797","Bacteria","Dependentiae","Babeliae","Babeliales","Incertae Sedis","UBA12409",NA
"ASV6798","Bacteria","Gemmatimonadota","Gemmatimonadia","Gemmatimonadales","Gemmatimonadaceae","Gemmatimonas",NA
"ASV6799","Bacteria","RCP2-54",NA,NA,NA,NA,NA
"ASV6800","Eukaryota",NA,NA,NA,NA,NA,NA
"ASV6801","Bacteria","Acidobacteriota","Acidobacteriae","Bryobacterales","Bryobacteraceae","Bryobacter",NA
"ASV6802","Bacteria","Chlamydiota","Chlamydiia","Chlamydiales","Waddliaceae","Waddlia",NA
"ASV6803","Bacteria","Bacillota","Bacilli","Paenibacillales","Paenibacillaceae","Paenibacillus",NA
"ASV6804","Bacteria","Actinomycetota","Actinobacteria","Streptosporangiales","Streptosporangiaceae","Streptosporangium",NA
"ASV6805","Bacteria","Patescibacteria","Saccharimonadia","Saccharimonadales","Saccharimonadaceae","TM7a",NA
"ASV6806","Bacteria","Patescibacteria","Saccharimonadia","Saccharimonadales","Saccharimonadaceae","TM7a",NA
"ASV6807","Bacteria","Pseudomonadota","Gammaproteobacteria",NA,NA,NA,NA
"ASV6808","Bacteria","Pseudomonadota","Alphaproteobacteria","Rickettsiales","Rickettsiaceae",NA,NA
"ASV6809","Bacteria","Bdellovibrionota","Oligoflexia","Oligoflexales","Oligoflexaceae","Oligoflexus",NA
"ASV6810","Bacteria","Cyanobacteriota","Vampirivibrionia","Vampirovibrionales","Vampirovibrionaceae","Vampirovibrio",NA
"ASV6811","Bacteria","Bacillota","Bacilli","Thermoactinomycetales","Thermoactinomycetaceae","Pasteuria",NA
"ASV6812","Bacteria","Myxococcota","Polyangiia","Blfdi19",NA,NA,NA
"ASV6813","Bacteria","Pseudomonadota","Gammaproteobacteria","Pseudomonadales","Moraxellaceae",NA,NA
"ASV6814","Bacteria","Pseudomonadota","Alphaproteobacteria","Hyphomicrobiales","Hyphomicrobiaceae","Hyphomicrobium",NA
"ASV6815","Bacteria","Pseudomonadota","Alphaproteobacteria","Hyphomicrobiales","Rhizobiaceae",NA,NA
"ASV6816","Bacteria","Bdellovibrionota","Oligoflexia","0319-6G20",NA,NA,NA
"ASV6817","Bacteria","Pseudomonadota","Alphaproteobacteria",NA,NA,NA,NA
"ASV6818","Bacteria","Pseudomonadota","Gammaproteobacteria","Burkholderiales","TRA3-20",NA,NA
"ASV6819","Bacteria","Chloroflexota","Chloroflexia","Thermomicrobiales","JG30-KF-CM45",NA,NA
"ASV6820","Bacteria","Pseudomonadota","Gammaproteobacteria","Legionellales","Legionellaceae","Legionella",NA
"ASV6821","Bacteria","Cyanobacteriota","Cyanobacteriia","Chloroplast",NA,NA,NA
"ASV6822","Bacteria","Acidobacteriota","Vicinamibacteria","Vicinamibacterales",NA,NA,NA
"ASV6823","Bacteria","Pseudomonadota","Gammaproteobacteria","Burkholderiales",NA,NA,NA
"ASV6824","Bacteria","Cyanobacteriota","Sericytochromatia",NA,NA,NA,NA
"ASV6825","Bacteria","Chlamydiota","Chlamydiia","Chlamydiales","Parachlamydiaceae","Neochlamydia",NA
"ASV6826","Bacteria","Bacillota","Bacilli","Bacillales","Planococcaceae","Chryseomicrobium",NA
"ASV6827","Bacteria","Pseudomonadota","Gammaproteobacteria","Rickettsiellales","Rickettsiellaceae",NA,NA
"ASV6828","Bacteria","WS2",NA,NA,NA,NA,NA
"ASV6829","Bacteria","Planctomycetota","Planctomycetes","Gemmatales","Gemmataceae","Gemmata",NA
"ASV6830","Bacteria","Abditibacteriota","Abditibacteriia","Abditibacteriales","Abditibacteriaceae","Abditibacterium",NA
"ASV6831","Bacteria","Bacteroidota","Bacteroidia","Cytophagales","Spirosomataceae",NA,NA
"ASV6832","Bacteria","Pseudomonadota","Alphaproteobacteria","Sphingomonadales","Sphingomonadaceae","Rhizorhabdus",NA
"ASV6833","Bacteria","Pseudomonadota","Gammaproteobacteria","Rickettsiellales","Rickettsiellaceae","Aquicella",NA
"ASV6834","Bacteria","Bacteroidota","Bacteroidia","Sphingobacteriales","Sphingobacteriaceae",NA,NA
"ASV6835","Bacteria","Pseudomonadota","Gammaproteobacteria",NA,NA,NA,NA
"ASV6836","Bacteria","Planctomycetota","Pla4 lineage",NA,NA,NA,NA
"ASV6837","Bacteria","Pseudomonadota","Alphaproteobacteria","Hyphomicrobiales","Beijerinckiaceae",NA,NA
"ASV6838","Bacteria","Bacillota","Sulfobacillia","Sulfobacillales","Sulfobacillaceae","Sulfobacillus",NA
"ASV6839","Bacteria","Acidobacteriota","Acidobacteriae","Bryobacterales","Bryobacteraceae","Bryobacter",NA
"ASV6840","Bacteria","Acidobacteriota","Vicinamibacteria","Vicinamibacterales","Vicinamibacteraceae",NA,NA
"ASV6841","Bacteria","Actinomycetota","Thermoleophilia","Gaiellales",NA,NA,NA
"ASV6842","Bacteria","Patescibacteria","Parcubacteria",NA,NA,NA,NA
"ASV6843","Bacteria","Pseudomonadota","Gammaproteobacteria","Rickettsiellales","Rickettsiellaceae",NA,NA
"ASV6844","Bacteria","Bacillota","Clostridia","Clostridiales","Clostridiaceae","Clostridium",NA
"ASV6845","Bacteria","Cyanobacteriota","Vampirivibrionia","Caenarcaniphilales",NA,NA,NA
"ASV6846","Bacteria",NA,NA,NA,NA,NA,NA
"ASV6847","Bacteria","Chlamydiota","Chlamydiia","Chlamydiales","Parachlamydiaceae",NA,NA
"ASV6848","Bacteria","Actinomycetota","Actinobacteria","Propionibacteriales","Nocardioidaceae","Nocardioides",NA
"ASV6849","Bacteria","Bacteroidota","Bacteroidia","Chitinophagales","Chitinophagaceae",NA,NA
"ASV6850","Bacteria","Bdellovibrionota","Bdellovibrionia","Bdellovibrionales","Pseudobdellovibrionaceae",NA,NA
"ASV6851","Bacteria","Pseudomonadota","Alphaproteobacteria","Hyphomicrobiales","Xanthobacteraceae",NA,NA
"ASV6852","Bacteria","Candidatus Kapabacteria","Kapabacteria","Kapabacteriales",NA,NA,NA
"ASV6853","Bacteria","Pseudomonadota","Alphaproteobacteria","Rhodospirillales",NA,NA,NA
"ASV6854","Bacteria","Chloroflexota","TK10",NA,NA,NA,NA
"ASV6855","Bacteria","Patescibacteria","Saccharimonadia","Saccharimonadales","LWQ8",NA,NA
"ASV6856","Bacteria","Pseudomonadota","Gammaproteobacteria","Legionellales","Legionellaceae","Legionella",NA
"ASV6857","Bacteria","Chloroflexota","Anaerolineae","Caldilineales","Caldilineaceae",NA,NA
"ASV6858","Bacteria","Dependentiae","Babeliae","Babeliales","Vermiphilaceae",NA,NA
"ASV6859","Bacteria","Bacteroidota","Bacteroidia","Sphingobacteriales","env.OPS 17",NA,NA
"ASV6860","Bacteria","Dependentiae","Babeliae","Babeliales","Incertae Sedis","UBA12409",NA
"ASV6861","Bacteria","Myxococcota","Polyangiia","Polyangiales","BIrii41",NA,NA
"ASV6862","Bacteria","Bdellovibrionota","Bdellovibrionia","Bdellovibrionales","Pseudobdellovibrionaceae",NA,NA
"ASV6863","Bacteria","Chlamydiota","Chlamydiia","Chlamydiales",NA,NA,NA
"ASV6864","Bacteria","Planctomycetota","Planctomycetes","Gemmatales","Gemmataceae","Gemmata",NA
"ASV6865","Bacteria","Cyanobacteriota","Vampirivibrionia","Vampirovibrionales",NA,NA,NA
"ASV6866","Bacteria","Planctomycetota","Phycisphaerae","Tepidisphaerales","WD2101 soil group",NA,NA
"ASV6867","Bacteria","Pseudomonadota","Alphaproteobacteria","Rickettsiales","Rickettsiaceae",NA,NA
"ASV6868","Bacteria","Chlamydiota","Chlamydiia","Chlamydiales","Parachlamydiaceae",NA,NA
"ASV6869","Bacteria","Bacteroidota","Bacteroidia","Cytophagales","Microscillaceae","Chryseolinea",NA
"ASV6870","Bacteria","Gemmatimonadota","S0134 terrestrial group",NA,NA,NA,NA
"ASV6871","Bacteria","Actinomycetota","Thermoleophilia","Gaiellales",NA,NA,NA
"ASV6872","Bacteria","Bdellovibrionota","Bdellovibrionia","Bdellovibrionales","Pseudobdellovibrionaceae",NA,NA
"ASV6873","Bacteria","Planctomycetota","Planctomycetes","Gemmatales","Gemmataceae",NA,NA
"ASV6874","Bacteria","Patescibacteria","Saccharimonadia","Saccharimonadales",NA,NA,NA
"ASV6875","Bacteria","Gemmatimonadota","Gemmatimonadia","Gemmatimonadales","Gemmatimonadaceae","Gemmatimonas",NA
"ASV6876","Bacteria","Bacteroidota","Bacteroidia","Cytophagales",NA,NA,NA
"ASV6877","Bacteria","Verrucomicrobiota","Verrucomicrobiia","Chthoniobacterales","Chthoniobacteraceae","Chthoniobacter",NA
"ASV6878","Bacteria","Pseudomonadota","Gammaproteobacteria",NA,NA,NA,NA
"ASV6879","Bacteria","Pseudomonadota","Gammaproteobacteria","Legionellales","Legionellaceae","Legionella",NA
"ASV6880","Bacteria","Patescibacteria","Gracilibacteria","Candidatus Peribacteria",NA,NA,NA
"ASV6881","Bacteria","Planctomycetota","Planctomycetes","Isosphaerales","Isosphaeraceae","Tautonia",NA
"ASV6882","Bacteria","Pseudomonadota","Gammaproteobacteria","Legionellales","Legionellaceae","Legionella",NA
"ASV6883","Bacteria","Planctomycetota","Phycisphaerae","Tepidisphaerales","CPla-3 termite group",NA,NA
"ASV6884","Bacteria","Patescibacteria","Parcubacteria","Candidatus Adlerbacteria",NA,NA,NA
"ASV6885","Bacteria","Pseudomonadota","Gammaproteobacteria",NA,NA,NA,NA
"ASV6886","Bacteria","Bacillota","Bacilli","Paenibacillales","Paenibacillaceae","Gorillibacterium",NA
"ASV6887","Bacteria","Patescibacteria","Parcubacteria","Candidatus Nomurabacteria",NA,NA,NA
"ASV6888","Bacteria","Pseudomonadota","Alphaproteobacteria","Rickettsiales","Rickettsiaceae",NA,NA
"ASV6889","Bacteria","Pseudomonadota","Alphaproteobacteria","Rhodospirillales",NA,NA,NA
"ASV6890","Bacteria","Patescibacteria","Saccharimonadia","Saccharimonadales",NA,NA,NA
"ASV6891","Bacteria","Chlamydiota","Chlamydiia","Chlamydiales","cvE6",NA,NA
"ASV6892","Bacteria","Patescibacteria","Saccharimonadia","Saccharimonadales","LWQ8",NA,NA
"ASV6893","Bacteria","Pseudomonadota","Gammaproteobacteria","Legionellales","Legionellaceae","Legionella",NA
"ASV6894","Bacteria","Bacteroidota","Bacteroidia","Cytophagales","Spirosomataceae","Dyadobacter",NA
"ASV6895","Bacteria","Patescibacteria","Saccharimonadia","Saccharimonadales",NA,NA,NA
"ASV6896","Bacteria","Pseudomonadota","Alphaproteobacteria","Rickettsiales","Rickettsiaceae",NA,NA
"ASV6897","Bacteria","Planctomycetota","Planctomycetes","Pirellulales","Pirellulaceae",NA,NA
"ASV6898","Bacteria","Actinomycetota","Acidimicrobiia","Microtrichales","Ilumatobacteraceae","CL500-29 marine group",NA
"ASV6899","Bacteria","Pseudomonadota","Gammaproteobacteria","Burkholderiales","Nitrosomonadaceae","Nitrosomonas",NA
"ASV6900","Bacteria","Bacillota","Bacilli","Paenibacillales","Paenibacillaceae","Paenibacillus",NA
"ASV6901","Bacteria","Chloroflexota","OLB14",NA,NA,NA,NA
"ASV6902","Bacteria","Verrucomicrobiota","Verrucomicrobiia","Chthoniobacterales","Chthoniobacteraceae","Chthoniobacter",NA
"ASV6903","Bacteria","Patescibacteria","Parcubacteria",NA,NA,NA,NA
"ASV6904","Bacteria","Cyanobacteriota","Cyanobacteriia","Cyanobacteriales","Xenococcaceae","Pleurocapsa PCC-7319",NA
"ASV6905","Bacteria","Patescibacteria","Saccharimonadia","Saccharimonadales","WWH38",NA,NA
"ASV6906","Bacteria","Planctomycetota","Planctomycetes","Pirellulales","Pirellulaceae",NA,NA
"ASV6907","Bacteria","Pseudomonadota","Gammaproteobacteria","Burkholderiales","Neisseriaceae",NA,NA
"ASV6908","Bacteria","Chloroflexota","Ktedonobacteria","C0119",NA,NA,NA
"ASV6909","Bacteria","Bdellovibrionota","Bacteriovoracia","Bacteriovoracales","Bacteriovoracaceae","Peredibacter",NA
"ASV6910","Bacteria","Pseudomonadota","Alphaproteobacteria","Rickettsiales","Midichloriaceae","Candidatus Jidaibacter",NA
"ASV6911","Bacteria","Pseudomonadota","Gammaproteobacteria","Enterobacterales",NA,NA,NA
"ASV6912","Bacteria","Verrucomicrobiota","Verrucomicrobiia","Opitutales","Opitutaceae","IMCC26134",NA
"ASV6913","Bacteria","Pseudomonadota","Gammaproteobacteria","Rickettsiellales","Rickettsiellaceae",NA,NA
"ASV6914","Bacteria","Pseudomonadota","Gammaproteobacteria",NA,NA,NA,NA
"ASV6915","Bacteria","Patescibacteria","Saccharimonadia","Saccharimonadales","Saccharimonadaceae","TM7a",NA
"ASV6916","Bacteria","Planctomycetota","Planctomycetes","Gemmatales","Gemmataceae","Gemmata",NA
"ASV6917","Bacteria","Bacteroidota","Bacteroidia","Chitinophagales",NA,NA,NA
"ASV6918","Bacteria","Pseudomonadota","Gammaproteobacteria","Burkholderiales","Nitrosomonadaceae","MND1",NA
"ASV6919","Bacteria","Cyanobacteriota","Vampirivibrionia","Obscuribacterales","Obscuribacteraceae","Candidatus Obscuribacter",NA
"ASV6920","Bacteria","Patescibacteria","Parcubacteria",NA,NA,NA,NA
"ASV6921","Bacteria","Verrucomicrobiota","Verrucomicrobiia","Pedosphaerales","Pedosphaeraceae",NA,NA
"ASV6922","Bacteria","Bdellovibrionota","Oligoflexia","Oligoflexales","Oligoflexaceae",NA,NA
"ASV6923","Bacteria","Verrucomicrobiota","Verrucomicrobiia","Chthoniobacterales","Chthoniobacteraceae","LD29",NA
"ASV6924","Bacteria","Planctomycetota","Planctomycetes","Pirellulales","Pirellulaceae",NA,NA
"ASV6925","Bacteria","Pseudomonadota","Alphaproteobacteria","Paracaedibacterales","Paracaedibacteraceae","Candidatus Captivus",NA
"ASV6926","Bacteria","Planctomycetota","Phycisphaerae","Tepidisphaerales","WD2101 soil group",NA,NA
"ASV6927","Bacteria","Pseudomonadota","Alphaproteobacteria","Rickettsiales","Rickettsiaceae",NA,NA
"ASV6928","Bacteria","Pseudomonadota","Alphaproteobacteria","Paracaedibacterales","Paracaedibacteraceae","Candidatus Paracaedibacter",NA
"ASV6929","Bacteria","Actinomycetota","Actinobacteria","Propionibacteriales","Propionibacteriaceae","Microlunatus",NA
"ASV6930","Bacteria","Pseudomonadota","Alphaproteobacteria","Sphingomonadales","Sphingomonadaceae",NA,NA
"ASV6931","Bacteria","Pseudomonadota","Gammaproteobacteria","Burkholderiales","Burkholderiaceae",NA,NA
"ASV6932","Bacteria","Pseudomonadota","Alphaproteobacteria","Sphingomonadales","Sphingomonadaceae","Rhizorhabdus",NA
"ASV6933","Bacteria","Verrucomicrobiota","Verrucomicrobiia","Pedosphaerales","Pedosphaeraceae","DEV008",NA
"ASV6934","Bacteria","Patescibacteria","Parcubacteria","Candidatus Kaiserbacteria",NA,NA,NA
"ASV6935","Bacteria","Bacillota","Bacilli","Paenibacillales","Paenibacillaceae","Paenibacillus",NA
"ASV6936","Bacteria","Abditibacteriota","Abditibacteriia","Abditibacteriales","Abditibacteriaceae","Abditibacterium",NA
"ASV6937","Bacteria","Actinomycetota","Thermoleophilia","Solirubrobacterales","Solirubrobacteraceae","Baekduia",NA
"ASV6938","Bacteria","Pseudomonadota","Gammaproteobacteria","Rickettsiellales","Rickettsiellaceae",NA,NA
"ASV6939","Bacteria",NA,NA,NA,NA,NA,NA
"ASV6940","Bacteria","Pseudomonadota","Gammaproteobacteria","Legionellales","Legionellaceae","Legionella",NA
"ASV6941","Bacteria","Pseudomonadota","Alphaproteobacteria","Rhodobacterales","Paracoccaceae","Rubellimicrobium",NA
"ASV6942","Bacteria","Candidatus Kryptonia","Kryptonia","Kryptoniales","BSV26",NA,NA
"ASV6943","Bacteria","Pseudomonadota","Alphaproteobacteria","Sphingomonadales","Sphingomonadaceae","Sphingobium",NA
"ASV6944","Bacteria","Pseudomonadota","Alphaproteobacteria","Sphingomonadales","Sphingomonadaceae",NA,NA
"ASV6945","Bacteria","Bacillota","Bacilli","Bacillales","Bacillaceae",NA,NA
"ASV6946","Bacteria","Cyanobacteriota","Cyanobacteriia","Chloroplast",NA,NA,NA
"ASV6947","Bacteria","Bacillota","Bacilli","RsaHf231",NA,NA,NA
"ASV6948","Bacteria","Bacteroidota","Bacteroidia","Chitinophagales","Chitinophagaceae","Aurantisolimonas",NA
"ASV6949","Bacteria","Actinomycetota","Actinobacteria","Micrococcales","Microbacteriaceae","Salinibacterium",NA
"ASV6950","Bacteria","Actinomycetota","Actinobacteria","Frankiales","Geodermatophilaceae","Geodermatophilus",NA
"ASV6951","Bacteria","Deinococcota","Deinococci","Deinococcales","Trueperaceae","Truepera",NA
"ASV6952","Bacteria","Bacillota","Bacilli","Exiguobacterales","Exiguobacteraceae","Exiguobacterium",NA
"ASV6953","Bacteria","Acidobacteriota","Acidobacteriae","Bryobacterales","Bryobacteraceae","Bryobacter",NA
"ASV6954","Bacteria","Pseudomonadota","Alphaproteobacteria","Hyphomicrobiales","Beijerinckiaceae","Methylobacterium","pseudosasicola"
"ASV6955","Bacteria","Patescibacteria","Saccharimonadia","Saccharimonadales","LWQ8",NA,NA
"ASV6956","Bacteria","Pseudomonadota","Alphaproteobacteria","Acetobacterales","Acetobacteraceae",NA,NA
"ASV6957","Bacteria","Pseudomonadota","Gammaproteobacteria","Pseudomonadales","Moraxellaceae",NA,NA
"ASV6958","Bacteria","Planctomycetota","Planctomycetes","Gemmatales","Gemmataceae","Fimbriiglobus",NA
"ASV6959","Bacteria","Pseudomonadota","Gammaproteobacteria","Salinisphaerales","Nevskiaceae","Hydrocarboniphaga",NA
"ASV6960","Bacteria","Planctomycetota","Planctomycetes","Isosphaerales","Isosphaeraceae","Paludisphaera",NA
"ASV6961","Bacteria","Verrucomicrobiota","Verrucomicrobiia","Pedosphaerales","Pedosphaeraceae",NA,NA
"ASV6962","Bacteria","Dependentiae","Babeliae","Babeliales",NA,NA,NA
"ASV6963","Bacteria","Pseudomonadota","Gammaproteobacteria","Rickettsiellales","Rickettsiellaceae",NA,NA
"ASV6964","Bacteria","Actinomycetota","Actinobacteria","Propionibacteriales","Nocardioidaceae","Nocardioides",NA
"ASV6965","Bacteria","Pseudomonadota","Alphaproteobacteria","Hyphomicrobiales","Hyphomicrobiales Incertae Sedis","Nordella",NA
"ASV6966","Bacteria","Bacteroidota","Bacteroidia","Flavobacteriales","Crocinitomicaceae","Fluviicola",NA
"ASV6967","Bacteria","Armatimonadota","Armatimonadia","Armatimonadales","Armatimonadaceae",NA,NA
"ASV6968","Bacteria","Pseudomonadota","Alphaproteobacteria","Acetobacterales","Acetobacteraceae",NA,NA
"ASV6969","Bacteria","Pseudomonadota","Gammaproteobacteria","Rickettsiellales","Rickettsiellaceae",NA,NA
"ASV6970","Bacteria","Pseudomonadota","Gammaproteobacteria",NA,NA,NA,NA
"ASV6971","Bacteria","Cyanobacteriota","Sericytochromatia",NA,NA,NA,NA
"ASV6972","Bacteria","Pseudomonadota","Alphaproteobacteria","Hyphomicrobiales","Amb-16S-1323",NA,NA
"ASV6973","Bacteria","Pseudomonadota","Alphaproteobacteria","Rickettsiales","Mitochondria",NA,NA
"ASV6974","Bacteria","Pseudomonadota","Alphaproteobacteria","Sphingomonadales","Sphingomonadaceae","Ellin6055",NA
"ASV6975","Bacteria","Pseudomonadota","Alphaproteobacteria","Rickettsiales","Mitochondria",NA,NA
"ASV6976","Bacteria","Pseudomonadota","Gammaproteobacteria","Burkholderiales","Burkholderiaceae","Limnobacter",NA
"ASV6977","Bacteria","Pseudomonadota","Alphaproteobacteria","Rickettsiales","SM2D12",NA,NA
"ASV6978","Bacteria","Pseudomonadota","Alphaproteobacteria","Sphingomonadales","Sphingomonadaceae","Sphingomonas",NA
"ASV6979","Bacteria","Pseudomonadota","Gammaproteobacteria","Burkholderiales","Alcaligenaceae","Achromobacter",NA
"ASV6980","Bacteria","Bacteroidota","Bacteroidia","Cytophagales","Spirosomataceae","Spirosoma",NA
"ASV6981","Bacteria","Bacillota","Bacilli","Lactobacillales","Streptococcaceae","Streptococcus",NA
"ASV6982","Bacteria","Pseudomonadota","Alphaproteobacteria","Rickettsiales","Mitochondria",NA,NA
"ASV6983","Bacteria","Pseudomonadota","Alphaproteobacteria","Hyphomicrobiales","Rhizobiaceae","Mesorhizobium",NA
"ASV6984","Bacteria","Pseudomonadota","Gammaproteobacteria","Lysobacterales","Lysobacteraceae","Stenotrophomonas","maltophilia"
"ASV6985","Bacteria","Bacteroidota","Bacteroidia","Flavobacteriales","Flavobacteriaceae","Flavobacterium",NA
"ASV6986","Bacteria","Fibrobacterota","Fibrobacteria","Fibrobacterales","Fibrobacteraceae","possible genus 04",NA
"ASV6987","Bacteria","Bacteroidota","Bacteroidia","Cytophagales","Spirosomataceae","Arsenicibacter",NA
"ASV6988","Bacteria","Bacteroidota","Bacteroidia","Flavobacteriales",NA,NA,NA
"ASV6989","Bacteria",NA,NA,NA,NA,NA,NA
"ASV6990","Bacteria","Pseudomonadota","Gammaproteobacteria","Burkholderiales","Comamonadaceae",NA,NA
"ASV6991","Bacteria","Pseudomonadota","Alphaproteobacteria","Reyranellales","Reyranellaceae","Reyranella",NA
"ASV6992","Bacteria","Actinomycetota","Actinobacteria","Micrococcales","Intrasporangiaceae","Aquipuribacter","hungaricus"
"ASV6993","Bacteria","Pseudomonadota","Alphaproteobacteria","Caulobacterales","Caulobacteraceae","Phenylobacterium",NA
"ASV6994","Bacteria","Pseudomonadota","Alphaproteobacteria","Hyphomicrobiales","Pleomorphomonadaceae","Oharaeibacter","diazotrophicus"
"ASV6995","Bacteria","Actinomycetota","Thermoleophilia","Solirubrobacterales","Solirubrobacteraceae","Paraconexibacter",NA
"ASV6996","Bacteria","Pseudomonadota","Gammaproteobacteria","F9P41300-M23",NA,NA,NA
"ASV6997","Bacteria","Chlamydiota","Chlamydiia","Chlamydiales","Simkaniaceae","Candidatus Fritschea",NA
"ASV6998","Bacteria","Pseudomonadota","Gammaproteobacteria","Salinisphaerales","Nevskiaceae","Stenotrophobium",NA
"ASV6999","Bacteria","Pseudomonadota","Gammaproteobacteria","Lysobacterales","Rhodanobacteraceae","Dokdonella",NA
"ASV7000","Bacteria","Cyanobacteriota","Cyanobacteriia","Chloroplast",NA,NA,NA
"ASV7001","Bacteria","Actinomycetota","Actinobacteria","Pseudonocardiales","Pseudonocardiaceae","Pseudonocardia",NA
"ASV7002","Bacteria","Bacteroidota","Bacteroidia","Chitinophagales","Chitinophagaceae","Cnuella","takakiae"
"ASV7003","Bacteria","Myxococcota","Polyangiia","mle1-27",NA,NA,NA
"ASV7004","Bacteria","Bdellovibrionota","Oligoflexia","0319-6G20",NA,NA,NA
"ASV7005","Bacteria",NA,NA,NA,NA,NA,NA
"ASV7006","Bacteria","Actinomycetota","Actinobacteria","Propionibacteriales","Propionibacteriaceae","Cutibacterium",NA
"ASV7007","Bacteria","Pseudomonadota","Alphaproteobacteria","Hyphomicrobiales","Devosiaceae","Arsenicitalea",NA
"ASV7008","Bacteria","Pseudomonadota","Alphaproteobacteria","Rickettsiales","Mitochondria",NA,NA
"ASV7009","Bacteria","Chlamydiota","Chlamydiia","Chlamydiales",NA,NA,NA
"ASV7010","Bacteria","Pseudomonadota","Alphaproteobacteria","Rickettsiales","Rickettsiaceae","Candidatus Megaira",NA
"ASV7011","Bacteria","Dependentiae","Babeliae","Babeliales","Babeliaceae",NA,NA
"ASV7012","Bacteria","Bdellovibrionota","Oligoflexia","0319-6G20",NA,NA,NA
"ASV7013","Bacteria","Bacillota","Clostridia","Oscillospirales","Ethanoligenenaceae",NA,NA
"ASV7014","Bacteria","Pseudomonadota","Alphaproteobacteria","Hyphomicrobiales","Beijerinckiaceae","Methylocystis",NA
"ASV7015","Bacteria","Bdellovibrionota","Bdellovibrionia","Bdellovibrionales","Pseudobdellovibrionaceae",NA,NA
"ASV7016","Bacteria","Gemmatimonadota","S0134 terrestrial group",NA,NA,NA,NA
"ASV7017","Bacteria","Myxococcota","Polyangiia","Polyangiales","Sandaracinaceae",NA,NA
"ASV7018","Bacteria","Pseudomonadota","Alphaproteobacteria","Caulobacterales","Caulobacteraceae",NA,NA
"ASV7019","Bacteria","Pseudomonadota","Alphaproteobacteria","Rickettsiales","SM2D12",NA,NA
"ASV7020","Bacteria","Bdellovibrionota","Oligoflexia","0319-6G20",NA,NA,NA
"ASV7021","Bacteria","Actinomycetota","Actinobacteria","Frankiales","Frankiaceae","Jatrophihabitans",NA
"ASV7022","Bacteria","Chloroflexota","TK10",NA,NA,NA,NA
"ASV7023","Bacteria","Candidatus Kapabacteria","Kapabacteria","Kapabacteriales",NA,NA,NA
"ASV7024","Bacteria","Planctomycetota","Planctomycetes","Pirellulales","Pirellulaceae","Pirellula",NA
"ASV7025","Bacteria","Bacteroidota","Bacteroidia","Chitinophagales",NA,NA,NA
"ASV7026","Bacteria","Armatimonadota",NA,NA,NA,NA,NA
"ASV7027","Bacteria","Bacillota","Negativicutes","Veillonellales-Selenomonadales","Sporomusaceae","Sporomusa",NA
"ASV7028","Bacteria","Bdellovibrionota","Oligoflexia","Oligoflexales","Oligoflexaceae",NA,NA
"ASV7029","Bacteria","Bacteroidota","Bacteroidia","Sphingobacteriales","NS11-12 marine group",NA,NA
"ASV7030","Bacteria","Dependentiae","Babeliae","Babeliales","Vermiphilaceae",NA,NA
"ASV7031","Bacteria","Pseudomonadota","Gammaproteobacteria",NA,NA,NA,NA
"ASV7032","Bacteria","Dependentiae","Babeliae","Babeliales","Incertae Sedis","UBA12409",NA
"ASV7033","Bacteria","Bacteroidota","Bacteroidia","Chitinophagales","Chitinophagaceae","Rurimicrobium",NA
"ASV7034","Bacteria","Actinomycetota","Thermoleophilia","Solirubrobacterales","Solirubrobacteraceae","Patulibacter",NA
"ASV7035","Bacteria","Chlamydiota","Chlamydiia","Chlamydiales",NA,NA,NA
"ASV7036","Bacteria","Bdellovibrionota","Bdellovibrionia","Bdellovibrionales","Pseudobdellovibrionaceae",NA,NA
"ASV7037","Bacteria","Gemmatimonadota","Longimicrobiia","Longimicrobiales","Longimicrobiaceae","Longimicrobium",NA
"ASV7038","Bacteria","Pseudomonadota","Alphaproteobacteria","Rickettsiales","Mitochondria",NA,NA
"ASV7039","Bacteria","Pseudomonadota","Gammaproteobacteria",NA,NA,NA,NA
"ASV7040","Bacteria","Pseudomonadota","Gammaproteobacteria","Steroidobacterales","Steroidobacteraceae","Steroidobacter",NA
"ASV7041","Bacteria","Pseudomonadota","Alphaproteobacteria","Rickettsiales","SM2D12",NA,NA
"ASV7042","Bacteria","Bdellovibrionota","Bdellovibrionia","Bdellovibrionales","Pseudobdellovibrionaceae",NA,NA
"ASV7043","Bacteria","Patescibacteria","Saccharimonadia","Saccharimonadales","LWQ8",NA,NA
"ASV7044","Bacteria","Bacillota","Bacilli","Alicyclobacillales","Alicyclobacillaceae","Alicyclobacillus",NA
"ASV7045","Bacteria","Planctomycetota","Planctomycetes","Gemmatales","Gemmataceae","Gemmata",NA
"ASV7046","Bacteria","Pseudomonadota","Gammaproteobacteria",NA,NA,NA,NA
"ASV7047","Bacteria","Armatimonadota","Fimbriimonadia","Fimbriimonadales","Fimbriimonadaceae",NA,NA
"ASV7048","Bacteria","Pseudomonadota","Gammaproteobacteria","Legionellales","Legionellaceae","Legionella",NA
"ASV7049","Bacteria","Planctomycetota","Planctomycetes","Isosphaerales","Isosphaeraceae","Aquisphaera",NA
"ASV7050","Bacteria","Chlamydiota","Chlamydiia","Chlamydiales",NA,NA,NA
"ASV7051","Bacteria","Pseudomonadota","Alphaproteobacteria","Hyphomicrobiales","Hyphomicrobiaceae","Pedomicrobium",NA
"ASV7052","Bacteria","Acidobacteriota","Blastocatellia","Blastocatellales","Blastocatellaceae","JGI 0001001-H03",NA
"ASV7053","Bacteria","Pseudomonadota","Alphaproteobacteria","Caulobacterales","Caulobacteraceae",NA,NA
"ASV7054","Bacteria","Pseudomonadota","Gammaproteobacteria","Pseudomonadales","Halomonadaceae","HdN1",NA
"ASV7055","Bacteria","Pseudomonadota","Gammaproteobacteria","PLTA13",NA,NA,NA
"ASV7056","Bacteria","Pseudomonadota","Gammaproteobacteria",NA,NA,NA,NA
"ASV7057","Bacteria","Acidobacteriota","Blastocatellia","Blastocatellales","Blastocatellaceae","Stenotrophobacter",NA
"ASV7058","Bacteria","Cyanobacteriota","Cyanobacteriia","Leptolyngbyales","Leptolyngbyaceae","Leptolyngbya PCC-6306",NA
"ASV7059","Bacteria","Planctomycetota","Phycisphaerae","Tepidisphaerales","CPla-3 termite group",NA,NA
"ASV7060","Bacteria","Bacteroidota","Bacteroidia","Chitinophagales","Chitinophagaceae",NA,NA
"ASV7061","Bacteria",NA,NA,NA,NA,NA,NA
"ASV7062","Bacteria","Pseudomonadota","Alphaproteobacteria","Rickettsiales","Mitochondria",NA,NA
"ASV7063","Bacteria","Pseudomonadota","Alphaproteobacteria","Hyphomicrobiales","Hyphomicrobiales Incertae Sedis","Bauldia",NA
"ASV7064","Bacteria","Chloroflexota","Ktedonobacteria","Ktedonobacterales","Ktedonobacteraceae",NA,NA
"ASV7065","Bacteria","Hydrogenedentes","Hydrogenedentia","Hydrogenedentiales","Hydrogenedensaceae",NA,NA
"ASV7066","Bacteria","Bdellovibrionota","Bdellovibrionia","Bdellovibrionales","Pseudobdellovibrionaceae",NA,NA
"ASV7067","Bacteria","Planctomycetota","Planctomycetes","Pirellulales","Pirellulaceae","Mariniblastus",NA
"ASV7068","Bacteria","Bdellovibrionota","Oligoflexia","0319-6G20",NA,NA,NA
"ASV7069","Bacteria","Pseudomonadota","Alphaproteobacteria","Rickettsiales","Rickettsiaceae",NA,NA
"ASV7070","Bacteria","Hydrogenedentes","Hydrogenedentia","Hydrogenedentiales","Hydrogenedensaceae",NA,NA
"ASV7071","Bacteria","Acidobacteriota","Acidobacteriae","Bryobacterales","Bryobacteraceae","Bryobacter",NA
"ASV7072","Bacteria","Armatimonadota",NA,NA,NA,NA,NA
"ASV7073","Bacteria","Bacillota","Bacilli","Paenibacillales","Paenibacillaceae",NA,NA
"ASV7074","Bacteria","Armatimonadota","Chthonomonadia","Chthonomonadales","Chthonomonadaceae","Chthonomonas",NA
"ASV7075","Bacteria","Pseudomonadota","Alphaproteobacteria",NA,NA,NA,NA
"ASV7076","Bacteria","Bdellovibrionota","Oligoflexia","0319-6G20",NA,NA,NA
"ASV7077","Bacteria","Bdellovibrionota","Bacteriovoracia","Bacteriovoracales","Bacteriovoracaceae","Peredibacter",NA
"ASV7078","Bacteria","Pseudomonadota","Alphaproteobacteria","Ferrovibrionales","Ferrovibrionaceae","Ferrovibrio",NA
"ASV7079","Bacteria","Pseudomonadota","Alphaproteobacteria","Rhodospirillales",NA,NA,NA
"ASV7080","Bacteria","Pseudomonadota","Alphaproteobacteria","Rickettsiales","SM2D12",NA,NA
"ASV7081","Bacteria","Bdellovibrionota","Bdellovibrionia","Bdellovibrionales","Pseudobdellovibrionaceae",NA,NA
"ASV7082","Bacteria","Planctomycetota","Planctomycetes","Isosphaerales","Isosphaeraceae","Singulisphaera",NA
"ASV7083","Bacteria","Pseudomonadota","Alphaproteobacteria","Tistrellales","Tistrellaceae","Tistrella",NA
"ASV7084","Bacteria","Pseudomonadota","Alphaproteobacteria","Rickettsiales","Mitochondria",NA,NA
"ASV7085","Bacteria","Pseudomonadota","Gammaproteobacteria","Legionellales","Legionellaceae","Legionella",NA
"ASV7086","Bacteria",NA,NA,NA,NA,NA,NA
"ASV7087","Bacteria","Dependentiae","Babeliae","Babeliales","Vermiphilaceae",NA,NA
"ASV7088","Bacteria","Verrucomicrobiota","Verrucomicrobiia","Opitutales","Opitutaceae",NA,NA
"ASV7089","Bacteria","Pseudomonadota","Gammaproteobacteria",NA,NA,NA,NA
"ASV7090","Bacteria","Bacteroidota","Bacteroidia","Sphingobacteriales","Sphingobacteriaceae","Pseudopedobacter",NA
"ASV7091","Bacteria","Pseudomonadota","Alphaproteobacteria",NA,NA,NA,NA
"ASV7092","Bacteria","Pseudomonadota","Alphaproteobacteria","Acetobacterales","Acetobacteraceae","Acidiphilium",NA
"ASV7093","Bacteria","Myxococcota","Polyangiia","Polyangiales","BIrii41",NA,NA
"ASV7094","Bacteria","Pseudomonadota","Alphaproteobacteria","Sphingomonadales","Sphingomonadaceae","Sphingomonas",NA
"ASV7095","Bacteria","Patescibacteria","Saccharimonadia","Saccharimonadales","WWH38",NA,NA
"ASV7096","Bacteria","Pseudomonadota","Alphaproteobacteria","Elsterales",NA,NA,NA
"ASV7097","Bacteria","Spirochaetota","Spirochaetia","Spirochaetales","Spirochaetaceae","Spirochaeta 2",NA
"ASV7098","Bacteria","Chlamydiota","Chlamydiia","Chlamydiales","Simkaniaceae",NA,NA
"ASV7099","Bacteria","Armatimonadota","Armatimonadia","Armatimonadales","Armatimonadaceae",NA,NA
"ASV7100","Bacteria","Actinomycetota","Actinobacteria","Mycobacteriales","Nocardiaceae",NA,NA
"ASV7101","Bacteria","Dependentiae","Babeliae","Babeliales","Vermiphilaceae",NA,NA
"ASV7102","Bacteria","Candidatus Eremiobacterota","Eremiobacteria",NA,NA,NA,NA
"ASV7103","Bacteria","Pseudomonadota","Alphaproteobacteria","Rickettsiales","Mitochondria",NA,NA
"ASV7104","Bacteria","Acidobacteriota","Acidobacteriae","Terriglobales","Koribacteraceae","Candidatus Koribacter",NA
"ASV7105","Bacteria","Pseudomonadota","Alphaproteobacteria","Paracaedibacterales","Paracaedibacteraceae","Candidatus Paracaedibacter",NA
"ASV7106","Bacteria","Cyanobacteriota","Vampirivibrionia","Obscuribacterales","Obscuribacteraceae",NA,NA
"ASV7107","Bacteria","Pseudomonadota","Gammaproteobacteria",NA,NA,NA,NA
"ASV7108","Bacteria","Pseudomonadota","Alphaproteobacteria","Holosporales","Holosporaceae",NA,NA
"ASV7109","Bacteria","Acidobacteriota","Acidobacteriae","Terriglobales","Acidobacteriaceae (Subgroup 1)",NA,NA
"ASV7110","Bacteria","Dependentiae","Babeliae","Babeliales","Babeliaceae",NA,NA
"ASV7111","Bacteria","Pseudomonadota","Gammaproteobacteria",NA,NA,NA,NA
"ASV7112","Bacteria","Pseudomonadota","Alphaproteobacteria","Reyranellales","Reyranellaceae","Reyranella",NA
"ASV7113","Bacteria","Pseudomonadota","Gammaproteobacteria",NA,NA,NA,NA
"ASV7114","Bacteria","Bacillota","Bacilli","Thermoactinomycetales","Thermoactinomycetaceae","Pasteuria",NA
"ASV7115","Bacteria","Pseudomonadota","Alphaproteobacteria","Acetobacterales","Acetobacteraceae",NA,NA
"ASV7116","Bacteria","Actinomycetota","Thermoleophilia","Gaiellales",NA,NA,NA
"ASV7117","Bacteria","Pseudomonadota","Alphaproteobacteria","Rhodospirillales",NA,NA,NA
"ASV7118","Bacteria","Pseudomonadota","Alphaproteobacteria","Hyphomicrobiales",NA,NA,NA
"ASV7119","Bacteria","Pseudomonadota","Gammaproteobacteria",NA,NA,NA,NA
"ASV7120","Bacteria","Verrucomicrobiota","Verrucomicrobiia","Pedosphaerales","Pedosphaeraceae","Ellin517",NA
"ASV7121","Bacteria","Actinomycetota","Actinobacteria","Propionibacteriales","Propionibacteriaceae",NA,NA
"ASV7122","Bacteria","Pseudomonadota","Alphaproteobacteria",NA,NA,NA,NA
"ASV7123","Bacteria","Pseudomonadota","Alphaproteobacteria","Caulobacterales","Caulobacteraceae","Phenylobacterium",NA
"ASV7124","Bacteria","Chloroflexota","Chloroflexia","Thermomicrobiales","JG30-KF-CM45",NA,NA
"ASV7125","Bacteria","Planctomycetota","Planctomycetes","Isosphaerales","Isosphaeraceae",NA,NA
"ASV7126","Bacteria","Pseudomonadota","Gammaproteobacteria","Burkholderiales","Nitrosomonadaceae","MND1",NA
"ASV7127","Bacteria","Pseudomonadota","Gammaproteobacteria","Salinisphaerales","Nevskiaceae","Solimonas",NA
"ASV7128","Bacteria","Pseudomonadota","Alphaproteobacteria","Hyphomicrobiales",NA,NA,NA
"ASV7129","Bacteria","Bdellovibrionota","Bdellovibrionia","Bdellovibrionales","Pseudobdellovibrionaceae",NA,NA
"ASV7130","Bacteria","Cyanobacteriota","Cyanobacteriia","Chloroplast",NA,NA,NA
"ASV7131","Bacteria","Actinomycetota","Thermoleophilia","Solirubrobacterales","Solirubrobacteraceae","Solirubrobacter",NA
"ASV7132","Bacteria","Pseudomonadota","Alphaproteobacteria","Rhodobacterales","Paracoccaceae","Amaricoccus",NA
"ASV7133","Bacteria","Actinomycetota","Thermoleophilia","Solirubrobacterales","Solirubrobacteraceae",NA,NA
"ASV7134","Bacteria","Pseudomonadota","Alphaproteobacteria","Rickettsiales","Mitochondria",NA,NA
"ASV7135","Bacteria","Verrucomicrobiota","Verrucomicrobiia","Opitutales","Opitutaceae",NA,NA
"ASV7136","Bacteria","Dependentiae","Babeliae","Babeliales",NA,NA,NA
"ASV7137","Bacteria","Pseudomonadota","Gammaproteobacteria","CCD24",NA,NA,NA
"ASV7138","Bacteria","Bdellovibrionota","Bdellovibrionia","Bdellovibrionales","Pseudobdellovibrionaceae",NA,NA
"ASV7139","Bacteria","Chloroflexota","Anaerolineae","Aggregatilineales","A4b",NA,NA
"ASV7140","Bacteria","Pseudomonadota","Alphaproteobacteria",NA,NA,NA,NA
"ASV7141","Bacteria","Pseudomonadota","Gammaproteobacteria","Rickettsiellales","Rickettsiellaceae",NA,NA
"ASV7142","Bacteria","Bacillota","Bacilli","Thermoactinomycetales","Thermoactinomycetaceae",NA,NA
"ASV7143","Bacteria","Planctomycetota","Planctomycetes","Isosphaerales","Isosphaeraceae",NA,NA
"ASV7144","Bacteria","Pseudomonadota","Alphaproteobacteria","Caulobacterales","Caulobacteraceae",NA,NA
"ASV7145","Bacteria","Pseudomonadota","Gammaproteobacteria","Legionellales","Legionellaceae","Legionella",NA
"ASV7146","Bacteria","Planctomycetota","Planctomycetes","Gemmatales","Gemmataceae",NA,NA
"ASV7147","Bacteria","Acidobacteriota","Acidobacteriae","Terriglobales",NA,NA,NA
"ASV7148","Bacteria","Pseudomonadota","Alphaproteobacteria","Rickettsiales","Mitochondria",NA,NA
"ASV7149","Bacteria","Cyanobacteriota","Cyanobacteriia","Chloroplast",NA,NA,NA
"ASV7150","Bacteria","Bacteroidota","Bacteroidia","Chitinophagales","Chitinophagaceae","Niabella",NA
"ASV7151","Bacteria","Rhodothermota","Rhodothermia","Rhodothermales","Rhodothermaceae",NA,NA
"ASV7152","Bacteria","Pseudomonadota","Alphaproteobacteria","Elsterales",NA,NA,NA
"ASV7153","Bacteria","Deinococcota","Deinococci","Deinococcales","Deinococcaceae","Deinococcus","budaensis"
"ASV7154","Bacteria","Pseudomonadota","Gammaproteobacteria","Legionellales","Legionellaceae","Legionella",NA
"ASV7155","Bacteria","Pseudomonadota","Alphaproteobacteria","Micavibrionales",NA,NA,NA
"ASV7156","Bacteria","Chloroflexota","Chloroflexia","Thermomicrobiales","JG30-KF-CM45",NA,NA
"ASV7157","Bacteria","Chlamydiota","Chlamydiia","Chlamydiales","Simkaniaceae",NA,NA
"ASV7158","Bacteria","Bdellovibrionota","Bdellovibrionia","Bdellovibrionales","Pseudobdellovibrionaceae",NA,NA
"ASV7159","Bacteria","Cyanobacteriota","Sericytochromatia",NA,NA,NA,NA
"ASV7160","Bacteria","Chlamydiota","Chlamydiia","Chlamydiales","Parachlamydiaceae","Neochlamydia",NA
"ASV7161","Bacteria","Bacteroidota","Bacteroidia","Chitinophagales","Chitinophagaceae","Nemorincola",NA
"ASV7162","Bacteria","Pseudomonadota","Alphaproteobacteria","Azospirillales","Azospirillaceae","Skermanella","aerolata"
"ASV7163","Bacteria","Planctomycetota","Planctomycetes","Pirellulales","Pirellulaceae",NA,NA
"ASV7164","Bacteria","Chlamydiota","Chlamydiia","Chlamydiales","Parachlamydiaceae","Neochlamydia",NA
"ASV7165","Bacteria","Pseudomonadota",NA,NA,NA,NA,NA
"ASV7166","Bacteria","Bacillota","Bacilli","Bacillales","Bacillaceae","Metabacillus",NA
"ASV7167","Bacteria","Pseudomonadota","Alphaproteobacteria","Micavibrionales",NA,NA,NA
"ASV7168","Bacteria","Pseudomonadota","Alphaproteobacteria","Holosporales","Holosporaceae",NA,NA
"ASV7169","Bacteria","Dependentiae","Babeliae","Babeliales","Vermiphilaceae",NA,NA
"ASV7170","Bacteria","Chlamydiota","Chlamydiia","Chlamydiales","Simkaniaceae",NA,NA
"ASV7171","Bacteria","Pseudomonadota","Alphaproteobacteria","Micavibrionales",NA,NA,NA
"ASV7172","Bacteria","Pseudomonadota","Gammaproteobacteria",NA,NA,NA,NA
"ASV7173","Bacteria","Pseudomonadota","Alphaproteobacteria","Hyphomicrobiales",NA,NA,NA
"ASV7174","Bacteria","Pseudomonadota","Alphaproteobacteria","Parvibaculales","Parvibaculaceae","Rhodoligotrophos","appendicifer"
"ASV7175","Bacteria","Cyanobacteriota","Cyanobacteriia","Chloroplast",NA,NA,NA
"ASV7176","Bacteria","Pseudomonadota","Gammaproteobacteria","Rickettsiellales","Rickettsiellaceae",NA,NA
"ASV7177","Bacteria","Pseudomonadota","Gammaproteobacteria","Legionellales","Legionellaceae","Legionella",NA
"ASV7178","Bacteria","Bacteroidota","Bacteroidia","Chitinophagales","Chitinophagaceae","Flavisolibacter",NA
"ASV7179","Bacteria","Pseudomonadota","Alphaproteobacteria","Hyphomicrobiales","Beijerinckiaceae","Microvirga","aerilata"
"ASV7180","Bacteria","Chloroflexota","Anaerolineae","Aggregatilineales","A4b",NA,NA
"ASV7181","Bacteria","Pseudomonadota","Gammaproteobacteria",NA,NA,NA,NA
"ASV7182","Bacteria","Elusimicrobiota","Lineage IIc",NA,NA,NA,NA
"ASV7183","Bacteria","Pseudomonadota","Alphaproteobacteria","Rickettsiales","SM2D12",NA,NA
"ASV7184","Bacteria",NA,NA,NA,NA,NA,NA
"ASV7185","Bacteria","Patescibacteria","Parcubacteria","Candidatus Nomurabacteria",NA,NA,NA
"ASV7186","Bacteria","Pseudomonadota","Alphaproteobacteria","Sphingomonadales","Sphingomonadaceae","Sphingomonas",NA
"ASV7187","Bacteria","Pseudomonadota",NA,NA,NA,NA,NA
"ASV7188","Bacteria","Pseudomonadota","Alphaproteobacteria","Micavibrionales","Micavibrionaceae",NA,NA
"ASV7189","Bacteria","Pseudomonadota","Gammaproteobacteria",NA,NA,NA,NA
"ASV7190","Bacteria","Armatimonadota","Armatimonadia","Armatimonadales","Armatimonadaceae",NA,NA
"ASV7191","Bacteria","Pseudomonadota","Gammaproteobacteria","Burkholderiales",NA,NA,NA
"ASV7192","Bacteria","Dependentiae","Babeliae","Babeliales",NA,NA,NA
"ASV7193","Bacteria","Patescibacteria","Saccharimonadia","Saccharimonadales",NA,NA,NA
"ASV7194","Bacteria","Pseudomonadota","Alphaproteobacteria","Rhodospirillales",NA,NA,NA
"ASV7195","Bacteria","Pseudomonadota","Gammaproteobacteria",NA,NA,NA,NA
"ASV7196","Bacteria","Pseudomonadota","Alphaproteobacteria","Paracaedibacterales","Paracaedibacteraceae",NA,NA
"ASV7197","Bacteria","Pseudomonadota","Gammaproteobacteria","Rickettsiellales","Rickettsiellaceae",NA,NA
"ASV7198","Bacteria","Pseudomonadota","Alphaproteobacteria","Rickettsiales","Rickettsiaceae","Candidatus Megaira",NA
"ASV7199","Bacteria","Patescibacteria","Saccharimonadia","Saccharimonadales",NA,NA,NA
"ASV7200","Bacteria","Pseudomonadota","Gammaproteobacteria","Legionellales","Legionellaceae","Legionella",NA
"ASV7201","Bacteria","Pseudomonadota","Alphaproteobacteria","Rickettsiales","Mitochondria",NA,NA
"ASV7202","Bacteria","Bdellovibrionota","Oligoflexia","Oligoflexales","Oligoflexaceae",NA,NA
"ASV7203","Bacteria","Pseudomonadota","Alphaproteobacteria","Sneathiellales","Sneathiellaceae",NA,NA
"ASV7204","Bacteria","Pseudomonadota","Alphaproteobacteria","Rickettsiales","Mitochondria",NA,NA
"ASV7205","Bacteria","Bacillota","Clostridia","Oscillospirales","Ethanoligenenaceae",NA,NA
"ASV7206","Bacteria","Acidobacteriota","Acidobacteriae","Bryobacterales","Bryobacteraceae","Bryobacter",NA
"ASV7207","Bacteria","Pseudomonadota","Gammaproteobacteria","Rickettsiellales","Rickettsiellaceae",NA,NA
"ASV7208","Bacteria","Dependentiae","Babeliae","Babeliales","Vermiphilaceae",NA,NA
"ASV7209","Bacteria","Patescibacteria","Parcubacteria","Candidatus Moranbacteria",NA,NA,NA
"ASV7210","Bacteria","Dependentiae","Babeliae","Babeliales","Vermiphilaceae",NA,NA
"ASV7211","Bacteria","Bacteroidota","Bacteroidia","Sphingobacteriales","AKYH767",NA,NA
"ASV7212","Bacteria","Pseudomonadota","Gammaproteobacteria","Rickettsiellales","Rickettsiellaceae","Aquicella",NA
"ASV7213","Bacteria","Gemmatimonadota","Longimicrobiia","Longimicrobiales","Longimicrobiaceae",NA,NA
"ASV7214","Bacteria","Patescibacteria","Berkelbacteria",NA,NA,NA,NA
"ASV7215","Bacteria","Verrucomicrobiota","Verrucomicrobiia",NA,NA,NA,NA
"ASV7216","Bacteria","Pseudomonadota","Alphaproteobacteria","Rickettsiales","Mitochondria",NA,NA
"ASV7217","Bacteria","Pseudomonadota","Alphaproteobacteria","Rickettsiales","Midichloriaceae","Candidatus Midichloria",NA
"ASV7218","Bacteria","Pseudomonadota","Gammaproteobacteria","Rickettsiellales","Rickettsiellaceae",NA,NA
"ASV7219","Bacteria","Gemmatimonadota","Gemmatimonadia","Gemmatimonadales","Gemmatimonadaceae","Gemmatimonas",NA
"ASV7220","Bacteria","Pseudomonadota","Gammaproteobacteria","BD72BR169",NA,NA,NA
"ASV7221","Bacteria","Pseudomonadota","Gammaproteobacteria","Gammaproteobacteria Incertae Sedis","Unknown Family",NA,NA
"ASV7222","Bacteria","Dependentiae","Babeliae","Babeliales","Incertae Sedis","UBA12411",NA
"ASV7223","Bacteria","Pseudomonadota","Gammaproteobacteria","Burkholderiales","Neisseriaceae",NA,NA
"ASV7224","Bacteria","Pseudomonadota","Alphaproteobacteria","Rickettsiales","SM2D12",NA,NA
"ASV7225","Bacteria","Rhodothermota","Rhodothermia","Rhodothermales","Rhodothermaceae",NA,NA
"ASV7226","Bacteria","Patescibacteria","Parcubacteria","Candidatus Nomurabacteria",NA,NA,NA
"ASV7227","Bacteria","Pseudomonadota","Alphaproteobacteria",NA,NA,NA,NA
"ASV7228","Bacteria","Actinomycetota","Acidimicrobiia","Acidimicrobiales","Acidimicrobiaceae",NA,NA
"ASV7229","Bacteria","Bacillota","Sulfobacillia","Sulfobacillales","Sulfobacillaceae",NA,NA
"ASV7230","Bacteria","Actinomycetota","Actinobacteria","Propionibacteriales","Nocardioidaceae",NA,NA
"ASV7231","Bacteria","Actinomycetota","Thermoleophilia","Solirubrobacterales","67-14",NA,NA
"ASV7232","Bacteria","Pseudomonadota","Alphaproteobacteria",NA,NA,NA,NA
"ASV7233","Bacteria","Chlamydiota","Chlamydiia","Chlamydiales","Simkaniaceae","Candidatus Rhabdochlamydia",NA
"ASV7234","Bacteria","Ignavibacteriota","Ignavibacteria","Ignavibacteriales",NA,NA,NA
"ASV7235","Bacteria","Bdellovibrionota","Oligoflexia","Oligoflexales","Oligoflexaceae",NA,NA
"ASV7236","Bacteria","Pseudomonadota","Alphaproteobacteria",NA,NA,NA,NA
"ASV7237","Bacteria","Chlamydiota","Chlamydiia","Chlamydiales","Parachlamydiaceae",NA,NA
"ASV7238","Bacteria","Pseudomonadota","Alphaproteobacteria","Rickettsiales","Mitochondria",NA,NA
"ASV7239","Bacteria","Pseudomonadota","Gammaproteobacteria",NA,NA,NA,NA
"ASV7240","Bacteria","Patescibacteria","Saccharimonadia","Saccharimonadales","LWQ8",NA,NA
"ASV7241","Bacteria","Chlamydiota","Chlamydiia","Chlamydiales","cvE6",NA,NA
"ASV7242","Bacteria","Gemmatimonadota","BD2-11 terrestrial group",NA,NA,NA,NA
"ASV7243","Bacteria","Pseudomonadota","Alphaproteobacteria","Rickettsiales","Rickettsiaceae",NA,NA
"ASV7244","Bacteria","Actinomycetota","Actinobacteria","Frankiales","Frankiaceae","Frankia","inefficax"
"ASV7245","Bacteria","Pseudomonadota","Alphaproteobacteria",NA,NA,NA,NA
"ASV7246","Bacteria","Actinomycetota","Actinobacteria","Propionibacteriales","Propionibacteriaceae","Microlunatus",NA
"ASV7247","Bacteria","Pseudomonadota","Gammaproteobacteria","Pseudomonadales","Pseudomonadaceae","Pseudomonas",NA
"ASV7248","Bacteria","Chloroflexota","Anaerolineae","Aggregatilineales","A4b",NA,NA
"ASV7249","Bacteria","Patescibacteria","Parcubacteria",NA,NA,NA,NA
"ASV7250","Bacteria","Abditibacteriota","Abditibacteriia","Abditibacteriales","Abditibacteriaceae","Abditibacterium",NA
"ASV7251","Bacteria","Bacteroidota","Bacteroidia","Cytophagales","Cytophagaceae","Cytophaga",NA
"ASV7252","Bacteria","Pseudomonadota","Alphaproteobacteria","Rickettsiales","Mitochondria",NA,NA
"ASV7253","Bacteria","Chlamydiota","Chlamydiia","Chlamydiales","Parachlamydiaceae",NA,NA
"ASV7254","Bacteria","Pseudomonadota","Alphaproteobacteria","Paracaedibacterales","Paracaedibacteraceae","Candidatus Paracaedibacter",NA
"ASV7255","Bacteria","Planctomycetota","Planctomycetes","Pirellulales","Pirellulaceae",NA,NA
"ASV7256","Bacteria","Dependentiae","Babeliae","Babeliales",NA,NA,NA
"ASV7257","Bacteria","Acidobacteriota","Vicinamibacteria","Vicinamibacterales",NA,NA,NA
"ASV7258","Bacteria","Pseudomonadota","Gammaproteobacteria","Rickettsiellales","Rickettsiellaceae",NA,NA
"ASV7259","Bacteria","Patescibacteria","Saccharimonadia","Saccharimonadales",NA,NA,NA
"ASV7260","Bacteria","Chloroflexota","Dehalococcoidia",NA,NA,NA,NA
"ASV7261","Bacteria","Pseudomonadota","Gammaproteobacteria","Enterobacterales","Pasteurellaceae","Haemophilus",NA
"ASV7262","Bacteria","Bacteroidota","Bacteroidia","Sphingobacteriales","env.OPS 17",NA,NA
"ASV7263","Bacteria","Cyanobacteriota","Cyanobacteriia","Chloroplast",NA,NA,NA
"ASV7264","Bacteria","Pseudomonadota","Alphaproteobacteria","Holosporales","Holosporaceae",NA,NA
"ASV7265","Bacteria","Bacteroidota","Bacteroidia","Bacteroidales","Bacteroidaceae","Bacteroides","uniformis"
"ASV7266","Bacteria","Bacteroidota","Bacteroidia","Flavobacteriales","Flavobacteriaceae","Flavobacterium",NA
"ASV7267","Bacteria","Pseudomonadota","Alphaproteobacteria","Acetobacterales","Acetobacteraceae","Roseomonas","tokyonensis"
"ASV7268","Bacteria","Pseudomonadota","Alphaproteobacteria","Hyphomicrobiales","Rhizobiaceae","Endobacterium",NA
"ASV7269","Bacteria","Pseudomonadota","Alphaproteobacteria","Rickettsiales","Mitochondria",NA,NA
"ASV7270","Bacteria","Actinomycetota","Actinobacteria","PeM15",NA,NA,NA
"ASV7271","Bacteria","Cyanobacteriota","Cyanobacteriia","Chloroplast",NA,NA,NA
"ASV7272","Bacteria","Pseudomonadota","Alphaproteobacteria","Acetobacterales","Acetobacteraceae","Belnapia",NA
"ASV7273","Bacteria","Pseudomonadota","Alphaproteobacteria","Hyphomicrobiales","Rhizobiaceae",NA,NA
"ASV7274","Bacteria","Actinomycetota","Actinobacteria","Micrococcales","Microbacteriaceae",NA,NA
"ASV7275","Bacteria","Bacteroidota","Bacteroidia","Bacteroidales","Tannerellaceae","Parabacteroides","merdae"
"ASV7276","Bacteria","Pseudomonadota","Alphaproteobacteria","Rickettsiales","Rickettsiaceae","Candidatus Megaira",NA
"ASV7277","Bacteria","Pseudomonadota","Gammaproteobacteria","Pseudomonadales","Moraxellaceae","Acinetobacter",NA
"ASV7278","Bacteria","Pseudomonadota","Alphaproteobacteria","Rickettsiales","Mitochondria",NA,NA
"ASV7279","Bacteria","Pseudomonadota","Gammaproteobacteria","Legionellales","Legionellaceae","Legionella",NA
"ASV7280","Bacteria","Pseudomonadota","Gammaproteobacteria",NA,NA,NA,NA
"ASV7281","Bacteria","Pseudomonadota","Alphaproteobacteria","Rhodobacterales","Paracoccaceae",NA,NA
"ASV7282","Bacteria","SAR324 clade(Marine group B)","Incertae Sedis","Incertae Sedis","Incertae Sedis","Candidatus Nitrosoarchaeum",NA
"ASV7283","Bacteria","Pseudomonadota","Alphaproteobacteria","Caulobacterales","Hyphomonadaceae","SWB02",NA
"ASV7284","Bacteria","Pseudomonadota","Alphaproteobacteria","Rickettsiales","SM2D12",NA,NA
"ASV7285","Bacteria","Actinomycetota","Actinobacteria","Pseudonocardiales","Pseudonocardiaceae","Pseudonocardia",NA
"ASV7286","Bacteria","Pseudomonadota","Gammaproteobacteria","Burkholderiales","Chitinimonadaceae","Chitinimonas",NA
"ASV7287","Bacteria","Chlamydiota","Chlamydiia","Chlamydiales","Parachlamydiaceae","Candidatus Protochlamydia",NA
"ASV7288","Bacteria","Pseudomonadota","Gammaproteobacteria","Pseudomonadales","Moraxellaceae",NA,NA
"ASV7289","Bacteria","Pseudomonadota","Alphaproteobacteria","Rickettsiales","Rickettsiaceae",NA,NA
"ASV7290","Bacteria","Patescibacteria","Parcubacteria","Candidatus Adlerbacteria",NA,NA,NA
"ASV7291","Bacteria","Bacteroidota","Bacteroidia","Cytophagales","Spirosomataceae","Fibrisoma",NA
"ASV7292","Bacteria","Pseudomonadota","Alphaproteobacteria","Hyphomicrobiales","Beijerinckiaceae","Lichenibacterium",NA
"ASV7293","Bacteria","Bacillota","Bacilli","Lactobacillales","Streptococcaceae","Streptococcus",NA
"ASV7294","Bacteria","Pseudomonadota","Alphaproteobacteria","Hyphomicrobiales",NA,NA,NA
"ASV7295","Bacteria","Pseudomonadota","Gammaproteobacteria","WD260",NA,NA,NA
"ASV7296","Bacteria","Chlamydiota","Chlamydiia","Chlamydiales","Parachlamydiaceae","Candidatus Protochlamydia",NA
"ASV7297","Bacteria","Bdellovibrionota","Bacteriovoracia","Bacteriovoracales","Bacteriovoracaceae","Peredibacter",NA
"ASV7298","Bacteria","Pseudomonadota","Alphaproteobacteria",NA,NA,NA,NA
"ASV7299","Bacteria","Pseudomonadota","Alphaproteobacteria","Micavibrionales",NA,NA,NA
"ASV7300","Bacteria","Bacteroidota","Bacteroidia","Cytophagales","Amoebophilaceae","Candidatus Amoebophilus",NA
"ASV7301","Bacteria","Pseudomonadota","Gammaproteobacteria","Salinisphaerales","Nevskiaceae","Nevskia",NA
"ASV7302","Bacteria","Pseudomonadota","Alphaproteobacteria","Acetobacterales","Acetobacteraceae","Craurococcus",NA
"ASV7303","Bacteria","Rhodothermota","Rhodothermia","Rhodothermales","Rhodothermaceae","Rubrivirga",NA
"ASV7304","Bacteria","Pseudomonadota","Gammaproteobacteria","Burkholderiales","Rhodocyclaceae","Azospira",NA
"ASV7305","Bacteria","Pseudomonadota","Alphaproteobacteria","Sphingomonadales","Sphingomonadaceae",NA,NA
"ASV7306","Bacteria","Chlamydiota","Chlamydiia","Chlamydiales","Simkaniaceae",NA,NA
"ASV7307","Bacteria","Pseudomonadota","Alphaproteobacteria","Sphingomonadales","Sphingomonadaceae",NA,NA
"ASV7308","Bacteria","Pseudomonadota","Alphaproteobacteria","Rickettsiales","Mitochondria",NA,NA
"ASV7309","Bacteria","Pseudomonadota","Gammaproteobacteria","Salinisphaerales","Nevskiaceae","Stagnimonas",NA
"ASV7310","Bacteria","Pseudomonadota","Alphaproteobacteria","Rickettsiales","Mitochondria",NA,NA
"ASV7311","Bacteria","Gemmatimonadota","Gemmatimonadia","Gemmatimonadales","Gemmatimonadaceae",NA,NA
"ASV7312","Bacteria","Pseudomonadota","Alphaproteobacteria","Hyphomicrobiales","Beijerinckiaceae","28-YEA-48",NA
"ASV7313","Bacteria","Pseudomonadota","Gammaproteobacteria","Burkholderiales","Comamonadaceae","Tibeticola",NA
"ASV7314","Bacteria","Pseudomonadota","Alphaproteobacteria","Reyranellales","Reyranellaceae","Reyranella",NA
"ASV7315","Bacteria","Bdellovibrionota","Bdellovibrionia","Bdellovibrionales","Pseudobdellovibrionaceae",NA,NA
"ASV7316","Bacteria","Pseudomonadota","Gammaproteobacteria","Burkholderiales","Comamonadaceae",NA,NA
"ASV7317","Bacteria","Cyanobacteriota","Cyanobacteriia","Cyanobacteriales","Chroococcidiopsaceae",NA,NA
"ASV7318","Bacteria","Deinococcota","Deinococci","Deinococcales","Trueperaceae","Truepera",NA
"ASV7319","Bacteria","Deinococcota","Deinococci","Deinococcales","Deinococcaceae","Deinococcus",NA
"ASV7320","Bacteria","Verrucomicrobiota","Verrucomicrobiia","Opitutales","Opitutaceae",NA,NA
"ASV7321","Bacteria","Planctomycetota","Planctomycetes","Isosphaerales","Isosphaeraceae","Paludisphaera",NA
"ASV7322","Bacteria","Pseudomonadota","Alphaproteobacteria","Hyphomicrobiales","Hyphomicrobiaceae","Hyphomicrobium","methylovorum"
"ASV7323","Bacteria","Bacteroidota","Bacteroidia","Chitinophagales","Chitinophagaceae","Aurantisolimonas",NA
"ASV7324","Bacteria","Pseudomonadota","Gammaproteobacteria",NA,NA,NA,NA
"ASV7325","Bacteria","Pseudomonadota","Gammaproteobacteria","Burkholderiales","Burkholderiaceae","Cupriavidus",NA
"ASV7326","Bacteria","Pseudomonadota","Gammaproteobacteria","Lysobacterales","Rhodanobacteraceae","Dokdonella",NA
"ASV7327","Bacteria","Planctomycetota","Planctomycetes","Planctomycetales","Schlesneriaceae","Planctopirus",NA
"ASV7328","Bacteria","Chloroflexota","Anaerolineae","Caldilineales","Caldilineaceae",NA,NA
"ASV7329","Bacteria","Chloroflexota","Chloroflexia","Thermomicrobiales","JG30-KF-CM45",NA,NA
"ASV7330","Bacteria","Bacillota","Negativicutes","Veillonellales-Selenomonadales","Sporomusaceae","Anaerospora",NA
"ASV7331","Bacteria","Chlamydiota","Chlamydiia","Chlamydiales","Simkaniaceae",NA,NA
"ASV7332","Bacteria","Pseudomonadota","Alphaproteobacteria","Rickettsiales",NA,NA,NA
"ASV7333","Bacteria","Pseudomonadota","Gammaproteobacteria","Lysobacterales","Lysobacteraceae",NA,NA
"ASV7334","Bacteria","Actinomycetota","Acidimicrobiia","Microtrichales","Microtrichaceae",NA,NA
"ASV7335","Bacteria","Pseudomonadota","Alphaproteobacteria","Rickettsiales","Mitochondria",NA,NA
"ASV7336","Bacteria","Pseudomonadota","Alphaproteobacteria","Caedibacterales","Caedibacteraceae","Caedibacter",NA
"ASV7337","Bacteria","Bdellovibrionota","Oligoflexia","0319-6G20",NA,NA,NA
"ASV7338","Bacteria","Patescibacteria","Parcubacteria",NA,NA,NA,NA
"ASV7339","Bacteria","Pseudomonadota","Alphaproteobacteria","Rhodospirillales",NA,NA,NA
"ASV7340","Bacteria","Verrucomicrobiota","Verrucomicrobiia","Pedosphaerales","Pedosphaeraceae",NA,NA
"ASV7341","Bacteria","Bdellovibrionota","Oligoflexia","0319-6G20",NA,NA,NA
"ASV7342","Bacteria","Chlamydiota","Chlamydiia","Chlamydiales",NA,NA,NA
"ASV7343","Bacteria","Dependentiae","Babeliae","Babeliales","Incertae Sedis","UBA12409",NA
"ASV7344","Bacteria","Pseudomonadota","Alphaproteobacteria","Micropepsales","Micropepsaceae",NA,NA
"ASV7345","Bacteria","Actinomycetota","Actinobacteria","Pseudonocardiales","Pseudonocardiaceae","Pseudonocardia",NA
"ASV7346","Bacteria","Pseudomonadota","Gammaproteobacteria",NA,NA,NA,NA
"ASV7347","Bacteria","Pseudomonadota","Gammaproteobacteria","Burkholderiales","Neisseriaceae",NA,NA
"ASV7348","Bacteria","Pseudomonadota",NA,NA,NA,NA,NA
"ASV7349","Bacteria","Pseudomonadota","Gammaproteobacteria",NA,NA,NA,NA
"ASV7350","Bacteria","Bacillota","Clostridia","Clostridiales","Clostridiaceae","Clostridium",NA
"ASV7351","Bacteria","Actinomycetota","Actinobacteria","Frankiales",NA,NA,NA
"ASV7352","Bacteria","Pseudomonadota","Gammaproteobacteria","Piscirickettsiales","Piscirickettsiaceae","Candidatus Endoecteinascidia",NA
"ASV7353","Bacteria","Acidobacteriota","Acidobacteriae","Elev-16S-1166","Incertae Sedis","WY65",NA
"ASV7354","Bacteria","Planctomycetota","Planctomycetes","Pirellulales","Pirellulaceae",NA,NA
"ASV7355","Bacteria",NA,NA,NA,NA,NA,NA
"ASV7356","Bacteria","Pseudomonadota","Gammaproteobacteria",NA,NA,NA,NA
"ASV7357","Bacteria","Pseudomonadota","Alphaproteobacteria","Rickettsiales","Mitochondria",NA,NA
"ASV7358","Bacteria","Pseudomonadota","Alphaproteobacteria","Rickettsiales","SM2D12",NA,NA
"ASV7359","Bacteria","Pseudomonadota","Alphaproteobacteria","Rickettsiales","Rickettsiaceae","Candidatus Cryptoprodotis",NA
"ASV7360","Bacteria","Myxococcota","Polyangiia","Polyangiales","Sandaracinaceae",NA,NA
"ASV7361","Bacteria","Bdellovibrionota","Bdellovibrionia","Bdellovibrionales","Pseudobdellovibrionaceae",NA,NA
"ASV7362","Bacteria","Actinomycetota","Actinobacteria","Mycobacteriales",NA,NA,NA
"ASV7363","Bacteria","Pseudomonadota","Alphaproteobacteria","Paracaedibacterales","Paracaedibacteraceae",NA,NA
"ASV7364","Bacteria","Rhodothermota","Rhodothermia","Rhodothermales","Rhodothermaceae",NA,NA
"ASV7365","Bacteria","Gemmatimonadota","Longimicrobiia","Longimicrobiales","Longimicrobiaceae",NA,NA
"ASV7366","Bacteria","Pseudomonadota","Gammaproteobacteria",NA,NA,NA,NA
"ASV7367","Bacteria","Planctomycetota","Phycisphaerae","mle1-8",NA,NA,NA
"ASV7368","Bacteria","Bacteroidota","Bacteroidia","Chitinophagales","Chitinophagaceae","Parasegetibacter",NA
"ASV7369","Bacteria","Pseudomonadota","Alphaproteobacteria","Rickettsiales","Mitochondria",NA,NA
"ASV7370","Bacteria","Bdellovibrionota","Oligoflexia","Oligoflexales","Oligoflexaceae",NA,NA
"ASV7371","Bacteria","Cyanobacteriota","Sericytochromatia",NA,NA,NA,NA
"ASV7372","Bacteria","Pseudomonadota","Gammaproteobacteria","EV818SWSAP88",NA,NA,NA
"ASV7373","Bacteria","Pseudomonadota","Alphaproteobacteria",NA,NA,NA,NA
"ASV7374","Bacteria","Cyanobacteriota","Sericytochromatia",NA,NA,NA,NA
"ASV7375","Bacteria","Planctomycetota","Planctomycetes","Pirellulales","Pirellulaceae","Pirellula",NA
"ASV7376","Bacteria","Bdellovibrionota","Bdellovibrionia","Bdellovibrionales","Pseudobdellovibrionaceae",NA,NA
"ASV7377","Bacteria","Pseudomonadota","Alphaproteobacteria","Rickettsiales","Mitochondria",NA,NA
"ASV7378","Bacteria","Patescibacteria","ABY1","Candidatus Magasanikbacteria",NA,NA,NA
"ASV7379","Bacteria","Pseudomonadota","Alphaproteobacteria","Azospirillales","Azospirillales Incertae Sedis","Stella",NA
"ASV7380","Bacteria","Planctomycetota","Phycisphaerae","Tepidisphaerales","WD2101 soil group",NA,NA
"ASV7381","Bacteria","Dependentiae","Babeliae","Babeliales","Incertae Sedis","UBA12409",NA
"ASV7382","Bacteria","Patescibacteria","Parcubacteria","Candidatus Kaiserbacteria",NA,NA,NA
"ASV7383","Bacteria","Planctomycetota","Planctomycetes","Planctomycetales","Rubinisphaeraceae","SH-PL14",NA
"ASV7384","Bacteria","Gemmatimonadota","Gemmatimonadia","Gemmatimonadales","Gemmatimonadaceae",NA,NA
"ASV7385","Bacteria","Pseudomonadota","Alphaproteobacteria","Hyphomicrobiales","Rhizobiaceae","Aminobacter",NA
"ASV7386","Bacteria","Planctomycetota","Planctomycetes","Gemmatales","Gemmataceae",NA,NA
"ASV7387","Bacteria","Dependentiae","Babeliae","Babeliales","Incertae Sedis","UBA12409",NA
"ASV7388","Bacteria","Bdellovibrionota","Bdellovibrionia","Bdellovibrionales","Pseudobdellovibrionaceae",NA,NA
"ASV7389","Bacteria","Dependentiae","Babeliae","Babeliales",NA,NA,NA
"ASV7390","Bacteria","Bacillota","Bacilli","Paenibacillales","Paenibacillaceae",NA,NA
"ASV7391","Bacteria","Pseudomonadota","Alphaproteobacteria","Caulobacterales","Caulobacteraceae",NA,NA
"ASV7392","Bacteria","Dependentiae","Babeliae","Babeliales","Vermiphilaceae",NA,NA
"ASV7393","Bacteria","Gemmatimonadota","Gemmatimonadia","Gemmatimonadales","Gemmatimonadaceae",NA,NA
"ASV7394","Bacteria","Pseudomonadota","Gammaproteobacteria","Lysobacterales","Lysobacteraceae",NA,NA
"ASV7395","Bacteria","Pseudomonadota","Gammaproteobacteria","Pseudomonadales","Cellvibrionaceae","Cellvibrio",NA
"ASV7396","Bacteria","Pseudomonadota","Gammaproteobacteria","Burkholderiales","Neisseriaceae",NA,NA
"ASV7397","Bacteria","Dependentiae","Babeliae","Babeliales","Babeliaceae",NA,NA
"ASV7398","Bacteria","Pseudomonadota","Gammaproteobacteria","Rickettsiellales","Rickettsiellaceae",NA,NA
"ASV7399","Bacteria","Verrucomicrobiota","Verrucomicrobiia","Pedosphaerales","Pedosphaeraceae",NA,NA
"ASV7400","Bacteria","Dependentiae","Babeliae","Babeliales","Vermiphilaceae",NA,NA
"ASV7401","Bacteria","Pseudomonadota","Gammaproteobacteria","Lysobacterales",NA,NA,NA
"ASV7402","Bacteria","Patescibacteria","Saccharimonadia","Saccharimonadales",NA,NA,NA
"ASV7403","Bacteria","Pseudomonadota","Gammaproteobacteria","Burkholderiales","Alcaligenaceae","Paralcaligenes",NA
"ASV7404","Bacteria","Actinomycetota","Actinobacteria","Micrococcales","Microbacteriaceae",NA,NA
"ASV7405","Bacteria","Pseudomonadota","Alphaproteobacteria","Rickettsiales","Mitochondria",NA,NA
"ASV7406","Bacteria","Chloroflexota","Anaerolineae","Anaerolineales","Anaerolineaceae","Leptolinea",NA
"ASV7407","Bacteria","Pseudomonadota","Alphaproteobacteria","Paracaedibacterales","Paracaedibacteraceae","Candidatus Captivus",NA
"ASV7408","Bacteria","Planctomycetota","Planctomycetes","Gemmatales","Gemmataceae","Gemmata",NA
"ASV7409","Bacteria","Patescibacteria","Saccharimonadia","Saccharimonadales","LWQ8",NA,NA
"ASV7410","Bacteria","Candidatus Kapabacteria","Kapabacteria","Kapabacteriales",NA,NA,NA
"ASV7411","Bacteria","Pseudomonadota","Gammaproteobacteria",NA,NA,NA,NA
"ASV7412","Archaea","Halobacteriota","Methanomicrobia","Methanomicrobiales","Rice Cluster II",NA,NA
"ASV7413","Bacteria","Pseudomonadota","Gammaproteobacteria","Burkholderiales","Oxalobacteraceae",NA,NA
"ASV7414","Bacteria","Chlamydiota","Chlamydiia","Chlamydiales","Parachlamydiaceae",NA,NA
"ASV7415","Bacteria","Pseudomonadota","Gammaproteobacteria","Legionellales","Legionellaceae","Legionella",NA
"ASV7416","Bacteria","Pseudomonadota","Gammaproteobacteria",NA,NA,NA,NA
"ASV7417","Bacteria","Bacillota","Clostridia","Lachnospirales","Lachnospiraceae","Anaerotaenia",NA
"ASV7418","Bacteria","Pseudomonadota","Alphaproteobacteria","Puniceispirillales","Puniceispirillales Incertae Sedis","Constrictibacter",NA
"ASV7419","Bacteria","Pseudomonadota","Gammaproteobacteria","Lysobacterales","Rhodanobacteraceae",NA,NA
"ASV7420","Bacteria","Gemmatimonadota","S0134 terrestrial group",NA,NA,NA,NA
"ASV7421","Bacteria","Pseudomonadota","Gammaproteobacteria","Burkholderiales",NA,NA,NA
"ASV7422","Bacteria","Armatimonadota",NA,NA,NA,NA,NA
"ASV7423","Bacteria","Bacteroidota","Bacteroidia","Chitinophagales","Chitinophagaceae",NA,NA
"ASV7424","Bacteria","Chloroflexota","Anaerolineae","Caldilineales","Caldilineaceae",NA,NA
"ASV7425","Bacteria","Pseudomonadota","Alphaproteobacteria",NA,NA,NA,NA
"ASV7426","Bacteria","Pseudomonadota","Alphaproteobacteria","Caulobacterales","Caulobacteraceae",NA,NA
"ASV7427","Bacteria","Pseudomonadota","Alphaproteobacteria","Micavibrionales",NA,NA,NA
"ASV7428","Bacteria","Pseudomonadota","Gammaproteobacteria","Burkholderiales","Comamonadaceae",NA,NA
"ASV7429","Bacteria","Pseudomonadota","Alphaproteobacteria","Micavibrionales",NA,NA,NA
"ASV7430","Bacteria","Planctomycetota","Planctomycetes","Gemmatales","Gemmataceae",NA,NA
"ASV7431","Bacteria","Actinomycetota","Actinobacteria",NA,NA,NA,NA
"ASV7432","Bacteria","Pseudomonadota","Alphaproteobacteria",NA,NA,NA,NA
"ASV7433","Bacteria","Pseudomonadota","Alphaproteobacteria","Rickettsiales","Mitochondria",NA,NA
"ASV7434","Bacteria","Planctomycetota","Planctomycetes","Isosphaerales","Isosphaeraceae","Tundrisphaera",NA
"ASV7435","Bacteria","Pseudomonadota","Alphaproteobacteria","Parvibaculales","Parvibaculaceae","Parvibaculum",NA
"ASV7436","Bacteria","Abditibacteriota","Abditibacteriia","Abditibacteriales","Abditibacteriaceae","Abditibacterium",NA
"ASV7437","Bacteria","Chloroflexota","Chloroflexia","Thermomicrobiales","AKYG1722",NA,NA
"ASV7438","Bacteria","Pseudomonadota","Alphaproteobacteria",NA,NA,NA,NA
"ASV7439","Bacteria","Fibrobacterota","Fibrobacteria","Fibrobacterales","Fibrobacteraceae","possible genus 04",NA
"ASV7440","Bacteria","Pseudomonadota","Gammaproteobacteria",NA,NA,NA,NA
"ASV7441","Bacteria","Planctomycetota","Planctomycetes","Gemmatales","Gemmataceae","Gemmata",NA
"ASV7442","Bacteria","Actinomycetota","Actinobacteria","Micrococcales","Dermacoccaceae",NA,NA
"ASV7443","Bacteria","Pseudomonadota","Gammaproteobacteria","Legionellales","Legionellaceae","Legionella",NA
"ASV7444","Bacteria",NA,NA,NA,NA,NA,NA
"ASV7445","Bacteria","Patescibacteria","Berkelbacteria",NA,NA,NA,NA
"ASV7446","Bacteria","Pseudomonadota","Alphaproteobacteria","Rickettsiales","Mitochondria",NA,NA
"ASV7447","Bacteria","Pseudomonadota","Alphaproteobacteria","Hyphomicrobiales",NA,NA,NA
"ASV7448","Bacteria","Myxococcota","Polyangiia","Polyangiales","Sandaracinaceae",NA,NA
"ASV7449","Bacteria","Pseudomonadota","Gammaproteobacteria","Burkholderiales","Rhodocyclaceae",NA,NA
"ASV7450","Bacteria","Pseudomonadota","Alphaproteobacteria","Rickettsiales","Mitochondria",NA,NA
"ASV7451","Bacteria","Planctomycetota","Phycisphaerae","Tepidisphaerales","WD2101 soil group",NA,NA
"ASV7452","Bacteria","Pseudomonadota","Gammaproteobacteria","Pseudomonadales","Alcanivoracaceae1","Alcanivorax",NA
"ASV7453","Bacteria","Patescibacteria","Berkelbacteria",NA,NA,NA,NA
"ASV7454","Bacteria","Pseudomonadota","Gammaproteobacteria",NA,NA,NA,NA
"ASV7455","Bacteria","Pseudomonadota","Gammaproteobacteria","Lysobacterales","Rhodanobacteraceae",NA,NA
"ASV7456","Bacteria","Pseudomonadota","Gammaproteobacteria","Burkholderiales","Neisseriaceae",NA,NA
"ASV7457","Bacteria","Myxococcota","Polyangiia",NA,NA,NA,NA
"ASV7458","Bacteria","Pseudomonadota","Gammaproteobacteria",NA,NA,NA,NA
"ASV7459","Bacteria","Actinomycetota","Actinobacteria",NA,NA,NA,NA
"ASV7460","Bacteria","Bacillota",NA,NA,NA,NA,NA
"ASV7461","Bacteria","Patescibacteria","Saccharimonadia","Saccharimonadales","LWQ8",NA,NA
"ASV7462","Bacteria","Pseudomonadota","Alphaproteobacteria","Caulobacterales","Hyphomonadaceae","SWB02",NA
"ASV7463","Bacteria","Margulisbacteria",NA,NA,NA,NA,NA
"ASV7464","Bacteria","Pseudomonadota","Alphaproteobacteria",NA,NA,NA,NA
"ASV7465","Bacteria","Planctomycetota","Planctomycetes","Planctomycetales",NA,NA,NA
"ASV7466","Bacteria","Planctomycetota","Planctomycetes","Gemmatales","Gemmataceae",NA,NA
"ASV7467","Bacteria","Pseudomonadota","Alphaproteobacteria","Acetobacterales","Acetobacteraceae","Roseomonas",NA
"ASV7468","Bacteria","Actinomycetota","Acidimicrobiia","Acidimicrobiales","Acidimicrobiaceae",NA,NA
"ASV7469","Bacteria","Chlamydiota","Chlamydiia","Chlamydiales","Simkaniaceae","Ga0074140",NA
"ASV7470","Bacteria","Actinomycetota","Actinobacteria",NA,NA,NA,NA
"ASV7471","Bacteria","Pseudomonadota","Alphaproteobacteria","Rickettsiales","SM2D12",NA,NA
"ASV7472","Bacteria","Verrucomicrobiota","Omnitrophia","Omnitrophales",NA,NA,NA
"ASV7473","Bacteria","Abditibacteriota","Abditibacteriia","Abditibacteriales","Abditibacteriaceae","Abditibacterium",NA
"ASV7474","Bacteria","Pseudomonadota","Alphaproteobacteria","Hyphomicrobiales","Rhodomicrobiaceae","Rhodomicrobium",NA
"ASV7475","Bacteria","Myxococcota","Polyangiia","Haliangiales","Haliangiaceae",NA,NA
"ASV7476","Bacteria","Bacteroidota","Bacteroidia","Chitinophagales","Chitinophagaceae",NA,NA
"ASV7477","Bacteria","Patescibacteria","Parcubacteria","Candidatus Nomurabacteria",NA,NA,NA
"ASV7478","Bacteria","Patescibacteria","Gracilibacteria","Absconditabacteriales (SR1)",NA,NA,NA
"ASV7479","Bacteria","Pseudomonadota","Gammaproteobacteria","Salinisphaerales","Nevskiaceae","Stenotrophobium",NA
"ASV7480","Bacteria","Pseudomonadota","Alphaproteobacteria",NA,NA,NA,NA
"ASV7481","Bacteria","Pseudomonadota","Alphaproteobacteria","Rickettsiales","Midichloriaceae","Candidatus Jidaibacter",NA
"ASV7482","Bacteria","Pseudomonadota","Alphaproteobacteria","Rickettsiales","Mitochondria",NA,NA
"ASV7483","Bacteria","Pseudomonadota","Alphaproteobacteria","Rickettsiales","Mitochondria",NA,NA
"ASV7484","Bacteria","Armatimonadota","Fimbriimonadia","Fimbriimonadales","Fimbriimonadaceae",NA,NA
"ASV7485","Bacteria","Bacillota","Bacilli","Paenibacillales","Paenibacillaceae",NA,NA
"ASV7486","Bacteria","Planctomycetota","Planctomycetes","Isosphaerales","Isosphaeraceae",NA,NA
"ASV7487","Bacteria","Pseudomonadota","Gammaproteobacteria","Burkholderiales","Oxalobacteraceae",NA,NA
"ASV7488","Bacteria",NA,NA,NA,NA,NA,NA
"ASV7489","Bacteria","Bacillota","Negativicutes","Veillonellales-Selenomonadales","Sporomusaceae",NA,NA
"ASV7490","Bacteria","Cyanobacteriota","Vampirivibrionia","Obscuribacterales","Obscuribacteraceae",NA,NA
"ASV7491","Bacteria","Pseudomonadota","Gammaproteobacteria",NA,NA,NA,NA
"ASV7492","Bacteria","Pseudomonadota","Alphaproteobacteria","Acetobacterales","Acetobacteraceae","Dankookia",NA
"ASV7493","Bacteria","Bacillota","Bacilli","Paenibacillales","Paenibacillaceae",NA,NA
"ASV7494","Bacteria","Patescibacteria","Parcubacteria","Candidatus Adlerbacteria",NA,NA,NA
"ASV7495","Bacteria","Pseudomonadota","Gammaproteobacteria","Legionellales","Legionellaceae","Legionella",NA
"ASV7496","Bacteria","Patescibacteria","Parcubacteria","Candidatus Nomurabacteria",NA,NA,NA
"ASV7497","Bacteria","Pseudomonadota","Alphaproteobacteria","Paracaedibacterales","Paracaedibacteraceae","Candidatus Captivus",NA
"ASV7498","Bacteria","Chloroflexota","Anaerolineae","Aggregatilineales","A4b",NA,NA
"ASV7499","Bacteria","Pseudomonadota","Gammaproteobacteria","Coxiellales","Coxiellaceae","Coxiella",NA
"ASV7500","Bacteria","Pseudomonadota","Alphaproteobacteria","Defluviicoccales",NA,NA,NA
"ASV7501","Bacteria","Bacillota","Bacilli","Thermoactinomycetales","Thermoactinomycetaceae","Pasteuria",NA
"ASV7502","Bacteria","Pseudomonadota","Alphaproteobacteria",NA,NA,NA,NA
"ASV7503","Bacteria","Pseudomonadota","Alphaproteobacteria",NA,NA,NA,NA
"ASV7504","Bacteria","Gemmatimonadota","Longimicrobiia","Longimicrobiales","Longimicrobiaceae",NA,NA
"ASV7505","Bacteria","Chlamydiota","Chlamydiia","Chlamydiales","Parachlamydiaceae",NA,NA
"ASV7506","Bacteria","Actinomycetota","Actinobacteria","Pseudonocardiales","Pseudonocardiaceae",NA,NA
"ASV7507","Bacteria","Pseudomonadota","Gammaproteobacteria","Enterobacterales",NA,NA,NA
"ASV7508","Bacteria","Pseudomonadota","Gammaproteobacteria","Pseudomonadales","Moraxellaceae","Moraxella",NA
"ASV7509","Bacteria","Bacteroidota","Bacteroidia","Cytophagales","Spirosomataceae","Tellurirhabdus",NA
"ASV7510","Bacteria","Cyanobacteriota","Cyanobacteriia","Cyanobacteriales","Nostocaceae","Calothrix PCC-6303","desertica"
"ASV7511","Bacteria","Pseudomonadota","Gammaproteobacteria","Pseudomonadales","211ds20",NA,NA
"ASV7512","Bacteria","Pseudomonadota","Gammaproteobacteria","Pseudomonadales","Moraxellaceae","Enhydrobacter","aerosaccus"
"ASV7513","Bacteria","Candidatus Eremiobacterota","Eremiobacteria",NA,NA,NA,NA
"ASV7514","Bacteria","Pseudomonadota","Alphaproteobacteria","Rhodobacterales","Paracoccaceae","Rubellimicrobium",NA
"ASV7515","Bacteria","Bdellovibrionota","Bacteriovoracia","Bacteriovoracales","Bacteriovoracaceae",NA,NA
"ASV7516","Bacteria","Patescibacteria","Parcubacteria","Candidatus Kaiserbacteria",NA,NA,NA
"ASV7517","Bacteria","Patescibacteria","Parcubacteria","Candidatus Adlerbacteria",NA,NA,NA
"ASV7518","Bacteria","Bdellovibrionota","Oligoflexia","Oligoflexales","Oligoflexaceae",NA,NA
"ASV7519","Bacteria","Pseudomonadota","Gammaproteobacteria","Coxiellales","Coxiellaceae","Coxiella",NA
"ASV7520","Bacteria","Chlamydiota","Chlamydiia","Chlamydiales","Parachlamydiaceae",NA,NA
"ASV7521","Bacteria","Patescibacteria","Saccharimonadia","Saccharimonadales","WWH38",NA,NA
"ASV7522","Bacteria","Planctomycetota","Planctomycetes","Gemmatales","Gemmataceae",NA,NA
"ASV7523","Bacteria","Bacillota","Bacilli","Staphylococcales","Staphylococcaceae","Staphylococcus","aureus"
"ASV7524","Bacteria","Bacteroidota","Bacteroidia","Bacteroidales","Bacteroidaceae","Bacteroides","stercoris"
"ASV7525","Bacteria","Pseudomonadota","Alphaproteobacteria","Sphingomonadales","Sphingomonadaceae",NA,NA
"ASV7526","Bacteria","Pseudomonadota","Alphaproteobacteria","Sphingomonadales","Sphingomonadaceae","Rhizorhapis",NA
"ASV7527","Bacteria","Pseudomonadota","Alphaproteobacteria","Rickettsiales","Midichloriaceae","Candidatus Jidaibacter",NA
"ASV7528","Bacteria","Pseudomonadota","Gammaproteobacteria","Burkholderiales","Burkholderiaceae","Limnobacter",NA
"ASV7529","Bacteria","Bacteroidota","Bacteroidia","Sphingobacteriales","Sphingobacteriaceae","Daejeonella",NA
"ASV7530","Bacteria","Pseudomonadota","Alphaproteobacteria","Rhodospirillales","Magnetospirillaceae","Magnetospirillum",NA
"ASV7531","Bacteria","Pseudomonadota","Alphaproteobacteria","Acetobacterales","Acetobacteraceae","Rubritepida",NA
"ASV7532","Bacteria","Deinococcota","Deinococci","Deinococcales","Deinococcaceae","Deinococcus",NA
"ASV7533","Bacteria","Pseudomonadota","Alphaproteobacteria","Caulobacterales","Caulobacteraceae","PMMR1",NA
"ASV7534","Bacteria","Patescibacteria","Saccharimonadia","Saccharimonadales","Saccharimonadaceae","TM7a",NA
"ASV7535","Bacteria","Pseudomonadota","Alphaproteobacteria","Sphingomonadales","Sphingomonadaceae","Sphingomonas",NA
"ASV7536","Bacteria","Actinomycetota","Thermoleophilia","Solirubrobacterales","67-14",NA,NA
"ASV7537","Bacteria","Pseudomonadota","Alphaproteobacteria","Hyphomicrobiales","Rhizobiaceae","Mangrovicella",NA
"ASV7538","Bacteria","Pseudomonadota","Alphaproteobacteria",NA,NA,NA,NA
"ASV7539","Bacteria","Bdellovibrionota","Oligoflexia","0319-6G20",NA,NA,NA
"ASV7540","Bacteria","Bacillota","Clostridia","Lachnospirales","Lachnospiraceae",NA,NA
"ASV7541","Bacteria","Bdellovibrionota","Bdellovibrionia","Bdellovibrionales","Pseudobdellovibrionaceae","Bdellovibrio",NA
"ASV7542","Bacteria","Actinomycetota","Acidimicrobiia","Microtrichales","Iamiaceae","Aquihabitans",NA
"ASV7543","Bacteria","Patescibacteria","Parcubacteria","Candidatus Kaiserbacteria",NA,NA,NA
"ASV7544","Bacteria","Bacteroidota","Bacteroidia","Sphingobacteriales","AKYH767",NA,NA
"ASV7545","Bacteria","Pseudomonadota","Alphaproteobacteria","Hyphomicrobiales","Beijerinckiaceae","Methylorosula",NA
"ASV7546","Bacteria","Bacteroidota","Bacteroidia","Cytophagales","Hymenobacteraceae","Hymenobacter",NA
"ASV7547","Bacteria","Planctomycetota","Planctomycetes","Isosphaerales","Isosphaeraceae","Aquisphaera",NA
"ASV7548","Bacteria","Pseudomonadota","Gammaproteobacteria","Pseudomonadales","Moraxellaceae",NA,NA
"ASV7549","Bacteria","Pseudomonadota","Alphaproteobacteria","Acetobacterales","Acetobacteraceae","Craurococcus",NA
"ASV7550","Bacteria","Patescibacteria","Saccharimonadia","Saccharimonadales","LWQ8",NA,NA
"ASV7551","Bacteria","Actinomycetota","Actinobacteria","Micrococcales","Intrasporangiaceae","Intrasporangium",NA
"ASV7552","Bacteria","Pseudomonadota","Alphaproteobacteria","Acetobacterales","Acetobacteraceae",NA,NA
"ASV7553","Bacteria","Pseudomonadota","Gammaproteobacteria","Legionellales","Legionellaceae","Legionella",NA
"ASV7554","Bacteria","Pseudomonadota","Alphaproteobacteria","Caulobacterales","Caulobacteraceae",NA,NA
"ASV7555","Bacteria",NA,NA,NA,NA,NA,NA
"ASV7556","Bacteria","Verrucomicrobiota","Verrucomicrobiia","Pedosphaerales","Pedosphaeraceae","RS25G",NA
"ASV7557","Bacteria","Actinomycetota","Actinobacteria","Micrococcales","Dermacoccaceae","Demetria",NA
"ASV7558","Bacteria","Actinomycetota","Actinobacteria","Pseudonocardiales","Pseudonocardiaceae","Actinomycetospora","iriomotensis"
"ASV7559","Bacteria","Cyanobacteriota","Cyanobacteriia","Chloroplast",NA,NA,NA
"ASV7560","Bacteria","Cyanobacteriota","Sericytochromatia",NA,NA,NA,NA
"ASV7561","Bacteria","Bdellovibrionota","Bdellovibrionia","Bdellovibrionales","Pseudobdellovibrionaceae",NA,NA
"ASV7562","Bacteria","Pseudomonadota","Alphaproteobacteria","Caulobacterales","Caulobacteraceae","Brevundimonas",NA
"ASV7563","Bacteria","Pseudomonadota","Gammaproteobacteria","Enterobacterales","Pasteurellaceae","Aggregatibacter",NA
"ASV7564","Bacteria","Bacteroidota","Bacteroidia","Flavobacteriales","Flavobacteriaceae","Galbibacter",NA
"ASV7565","Bacteria","Bacteroidota","Bacteroidia","Bacteroidales","Bacteroidaceae","Bacteroides",NA
"ASV7566","Bacteria","Bacteroidota","Bacteroidia","Chitinophagales","37-13",NA,NA
"ASV7567","Bacteria","Bacteroidota","Bacteroidia","Chitinophagales","Chitinophagaceae","Taibaiella",NA
"ASV7568","Bacteria","Bacillota","Bacilli","Paenibacillales","Paenibacillaceae","Paenibacillus",NA
"ASV7569","Bacteria","Cyanobacteriota","Cyanobacteriia","Chloroplast",NA,NA,NA
"ASV7570","Bacteria","Bacteroidota","Bacteroidia","Bacteroidales","Porphyromonadaceae","Porphyromonas","pasteri"
"ASV7571","Bacteria","Pseudomonadota",NA,NA,NA,NA,NA
"ASV7572","Bacteria","Pseudomonadota","Alphaproteobacteria","Hyphomicrobiales","Beijerinckiaceae","Methylobacterium",NA
"ASV7573","Bacteria","Pseudomonadota","Gammaproteobacteria","Burkholderiales","Rhodocyclaceae","Azovibrio",NA
"ASV7574","Bacteria","Pseudomonadota","Alphaproteobacteria","Hyphomicrobiales","Hyphomicrobiales Incertae Sedis","Bauldia",NA
"ASV7575","Bacteria","Actinomycetota","Actinobacteria","Micromonosporales","Micromonosporaceae","Planosporangium",NA
"ASV7576","Bacteria","Pseudomonadota","Alphaproteobacteria",NA,NA,NA,NA
"ASV7577","Bacteria","Chlamydiota","Chlamydiia","Chlamydiales","Parachlamydiaceae","Neochlamydia",NA
"ASV7578","Bacteria","Pseudomonadota","Alphaproteobacteria","Hyphomicrobiales","Methylopilaceae",NA,NA
